sample.interval=5000
"gc" "system.time" 
"gc" "system.time" 
"gc" "system.time" 
"gc" "system.time" 
"gc" "system.time" 
"gc" "system.time" 
"gc" "system.time" 
"gc" "system.time" 
"gc" "system.time" 
"gc" "system.time" 
"gc" "system.time" 
"$" "cmpSubsetDispatch" "h" "tryInline" "cmpCall" "cmp" "cmpSymbolAssign" "h" "tryInline" "cmpCall" "cmp" "h" "tryInline" "cmpCall" "cmp" "cmpForBody" "h" "tryInline" "cmpCall" "cmp" "h" "tryInline" "cmpCall" "cmp" "genCode" "cmpfun" "doTryCatch" "tryCatchOne" "tryCatchList" "tryCatch" "compiler:::tryCmpfun" "schema_metric_names" "sprintf" "add_check" "validate_model_spec" ".plugin_preflight" "run_searchlight.default" "run_searchlight" "system.time" 
"lazyLoadDBfetch" "str" "...elt" "withVisible" "capture.output" "flog.namespace" "UseFunction" "flog.logger" ".log_level" "flog.info" "<Anonymous>" "do.call" "run_searchlight.default" "run_searchlight" "system.time" 
"file.exists" "find.package" "library.dynam" "loadNamespace" "doTryCatch" "tryCatchOne" "tryCatchList" "tryCatch" "requireNamespace" "configure_runtime_backend" "do_standard" "<Anonymous>" "do.call" "run_searchlight.default" "run_searchlight" "system.time" 
"lazyLoadDBfetch" "shard_prepare_dataset.mvpa_image_dataset" "shard_prepare_dataset" "use_shard" "doTryCatch" "tryCatchOne" "tryCatchList" "tryCatch" "configure_runtime_backend" "do_standard" "<Anonymous>" "do.call" "run_searchlight.default" "run_searchlight" "system.time" 
"proc.time" "do_standard" "<Anonymous>" "do.call" "run_searchlight.default" "run_searchlight" "system.time" 
"validityMethod" "isTRUE" "anyStrings" "validObject" "initialize" "initialize" "new" "spherical_roi" "<Anonymous>" "[[.deflist" "lengths" "lengths" ".default_searchlight_batch_size" "doTryCatch" "tryCatchOne" "tryCatchList" "tryCatch" "mvpa_fun" "do_standard" "<Anonymous>" "do.call" "run_searchlight.default" "run_searchlight" "system.time" 
"getClass" "getDataPart" "validityMethod" "isTRUE" "anyStrings" "validObject" "initialize" "initialize" "new" "spherical_roi" "<Anonymous>" "[[.deflist" "lengths" "lengths" ".default_searchlight_batch_size" "doTryCatch" "tryCatchOne" "tryCatchList" "tryCatch" "mvpa_fun" "do_standard" "<Anonymous>" "do.call" "run_searchlight.default" "run_searchlight" "system.time" 
"standardGeneric" "which" "spherical_roi" "<Anonymous>" "[[.deflist" "lengths" "lengths" ".default_searchlight_batch_size" "doTryCatch" "tryCatchOne" "tryCatchList" "tryCatch" "mvpa_fun" "do_standard" "<Anonymous>" "do.call" "run_searchlight.default" "run_searchlight" "system.time" 
"base::rowSums" "rowSums" "rowSums" "spherical_roi" "<Anonymous>" "[[.deflist" "lengths" "lengths" ".default_searchlight_batch_size" "doTryCatch" "tryCatchOne" "tryCatchList" "tryCatch" "mvpa_fun" "do_standard" "<Anonymous>" "do.call" "run_searchlight.default" "run_searchlight" "system.time" 
".getMethodsTable" "getMethodsForDispatch" "as<-" "initialize" "initialize" "new" "spherical_roi" "<Anonymous>" "[[.deflist" "lengths" "lengths" ".default_searchlight_batch_size" "doTryCatch" "tryCatchOne" "tryCatchList" "tryCatch" "mvpa_fun" "do_standard" "<Anonymous>" "do.call" "run_searchlight.default" "run_searchlight" "system.time" 
"getDataPart" "slot" "asMethod" "as" "asMethod" "as<-" "initialize" "initialize" "new" "spherical_roi" "<Anonymous>" "[[.deflist" "lengths" "lengths" ".default_searchlight_batch_size" "doTryCatch" "tryCatchOne" "tryCatchList" "tryCatch" "mvpa_fun" "do_standard" "<Anonymous>" "do.call" "run_searchlight.default" "run_searchlight" "system.time" 
"base::rowSums" "rowSums" "rowSums" "spherical_roi" "<Anonymous>" "[[.deflist" "lengths" "lengths" ".default_searchlight_batch_size" "doTryCatch" "tryCatchOne" "tryCatchList" "tryCatch" "mvpa_fun" "do_standard" "<Anonymous>" "do.call" "run_searchlight.default" "run_searchlight" "system.time" 
"getClass" "new" "spherical_roi" "<Anonymous>" "[[.deflist" "lengths" "lengths" ".default_searchlight_batch_size" "doTryCatch" "tryCatchOne" "tryCatchList" "tryCatch" "mvpa_fun" "do_standard" "<Anonymous>" "do.call" "run_searchlight.default" "run_searchlight" "system.time" 
"getClassDef" "is" ".findMethodInTable" ".quickCoerceSelect" "as" "asMethod" "as<-" "initialize" "initialize" "new" "spherical_roi" "<Anonymous>" "[[.deflist" "lengths" "lengths" ".default_searchlight_batch_size" "doTryCatch" "tryCatchOne" "tryCatchList" "tryCatch" "mvpa_fun" "do_standard" "<Anonymous>" "do.call" "run_searchlight.default" "run_searchlight" "system.time" 
".asS4" ".mergeAttrs" "setDataPart" "slot<-" "asMethod" "as" "asMethod" "as<-" "initialize" "initialize" "new" "spherical_roi" "<Anonymous>" "[[.deflist" "lengths" "lengths" ".default_searchlight_batch_size" "doTryCatch" "tryCatchOne" "tryCatchList" "tryCatch" "mvpa_fun" "do_standard" "<Anonymous>" "do.call" "run_searchlight.default" "run_searchlight" "system.time" 
".getGeneric" "getGeneric" "as<-" "initialize" "initialize" "new" "spherical_roi" "<Anonymous>" "[[.deflist" "lengths" "lengths" ".default_searchlight_batch_size" "doTryCatch" "tryCatchOne" "tryCatchList" "tryCatch" "mvpa_fun" "do_standard" "<Anonymous>" "do.call" "run_searchlight.default" "run_searchlight" "system.time" 
"tryCatch" "try" "validObject" "initialize" "initialize" "new" "spherical_roi" "<Anonymous>" "[[.deflist" "lengths" "lengths" ".default_searchlight_batch_size" "doTryCatch" "tryCatchOne" "tryCatchList" "tryCatch" "mvpa_fun" "do_standard" "<Anonymous>" "do.call" "run_searchlight.default" "run_searchlight" "system.time" 
"extends" "initialize" "initialize" "new" "spherical_roi" "<Anonymous>" "[[.deflist" "lengths" "lengths" ".default_searchlight_batch_size" "doTryCatch" "tryCatchOne" "tryCatchList" "tryCatch" "mvpa_fun" "do_standard" "<Anonymous>" "do.call" "run_searchlight.default" "run_searchlight" "system.time" 
"matrix" "rowSums" "spherical_roi" "<Anonymous>" "[[.deflist" "lengths" "lengths" ".default_searchlight_batch_size" "doTryCatch" "tryCatchOne" "tryCatchList" "tryCatch" "mvpa_fun" "do_standard" "<Anonymous>" "do.call" "run_searchlight.default" "run_searchlight" "system.time" 
"rev.default" "rev" "initialize" "initialize" "new" "spherical_roi" "<Anonymous>" "[[.deflist" "lengths" "lengths" ".default_searchlight_batch_size" "doTryCatch" "tryCatchOne" "tryCatchList" "tryCatch" "mvpa_fun" "do_standard" "<Anonymous>" "do.call" "run_searchlight.default" "run_searchlight" "system.time" 
"order" "spherical_roi" "<Anonymous>" "[[.deflist" "lengths" "lengths" ".default_searchlight_batch_size" "doTryCatch" "tryCatchOne" "tryCatchList" "tryCatch" "mvpa_fun" "do_standard" "<Anonymous>" "do.call" "run_searchlight.default" "run_searchlight" "system.time" 
"local_sphere" "make_spherical_grid" "spherical_roi" "<Anonymous>" "[[.deflist" "lengths" "lengths" ".default_searchlight_batch_size" "doTryCatch" "tryCatchOne" "tryCatchList" "tryCatch" "mvpa_fun" "do_standard" "<Anonymous>" "do.call" "run_searchlight.default" "run_searchlight" "system.time" 
"base::rowSums" "rowSums" "rowSums" "spherical_roi" "<Anonymous>" "[[.deflist" "lengths" "lengths" ".default_searchlight_batch_size" "doTryCatch" "tryCatchOne" "tryCatchList" "tryCatch" "mvpa_fun" "do_standard" "<Anonymous>" "do.call" "run_searchlight.default" "run_searchlight" "system.time" 
"local_sphere" "make_spherical_grid" "spherical_roi" "<Anonymous>" "[[.deflist" "lengths" "lengths" ".default_searchlight_batch_size" "doTryCatch" "tryCatchOne" "tryCatchList" "tryCatch" "mvpa_fun" "do_standard" "<Anonymous>" "do.call" "run_searchlight.default" "run_searchlight" "system.time" 
"local_sphere" "make_spherical_grid" "spherical_roi" "<Anonymous>" "[[.deflist" "lengths" "lengths" ".default_searchlight_batch_size" "doTryCatch" "tryCatchOne" "tryCatchList" "tryCatch" "mvpa_fun" "do_standard" "<Anonymous>" "do.call" "run_searchlight.default" "run_searchlight" "system.time" 
"spherical_roi" "<Anonymous>" "[[.deflist" "lengths" "lengths" ".default_searchlight_batch_size" "doTryCatch" "tryCatchOne" "tryCatchList" "tryCatch" "mvpa_fun" "do_standard" "<Anonymous>" "do.call" "run_searchlight.default" "run_searchlight" "system.time" 
"spherical_roi" "<Anonymous>" "[[.deflist" "lengths" "lengths" ".default_searchlight_batch_size" "doTryCatch" "tryCatchOne" "tryCatchList" "tryCatch" "mvpa_fun" "do_standard" "<Anonymous>" "do.call" "run_searchlight.default" "run_searchlight" "system.time" 
"spherical_roi" "<Anonymous>" "[[.deflist" "lengths" "lengths" ".default_searchlight_batch_size" "doTryCatch" "tryCatchOne" "tryCatchList" "tryCatch" "mvpa_fun" "do_standard" "<Anonymous>" "do.call" "run_searchlight.default" "run_searchlight" "system.time" 
"is" "spherical_roi" "<Anonymous>" "[[.deflist" "lengths" "lengths" ".default_searchlight_batch_size" "doTryCatch" "tryCatchOne" "tryCatchList" "tryCatch" "mvpa_fun" "do_standard" "<Anonymous>" "do.call" "run_searchlight.default" "run_searchlight" "system.time" 
"getClassDef" "initialize" "initialize" "new" "spherical_roi" "<Anonymous>" "[[.deflist" "lengths" "lengths" ".default_searchlight_batch_size" "doTryCatch" "tryCatchOne" "tryCatchList" "tryCatch" "mvpa_fun" "do_standard" "<Anonymous>" "do.call" "run_searchlight.default" "run_searchlight" "system.time" 
"getClass" "<Anonymous>" "asMethod" "as<-" "asMethod" "as<-" "initialize" "initialize" "new" "spherical_roi" "<Anonymous>" "[[.deflist" "lengths" "lengths" ".default_searchlight_batch_size" "doTryCatch" "tryCatchOne" "tryCatchList" "tryCatch" "mvpa_fun" "do_standard" "<Anonymous>" "do.call" "run_searchlight.default" "run_searchlight" "system.time" 
"checkSlotAssignment" "slot<-" "asMethod" "as" "asMethod" "as<-" "initialize" "initialize" "new" "spherical_roi" "<Anonymous>" "[[.deflist" "lengths" "lengths" ".default_searchlight_batch_size" "doTryCatch" "tryCatchOne" "tryCatchList" "tryCatch" "mvpa_fun" "do_standard" "<Anonymous>" "do.call" "run_searchlight.default" "run_searchlight" "system.time" 
"is" ".findMethodInTable" ".quickCoerceSelect" "as" "asMethod" "as<-" "initialize" "initialize" "new" "spherical_roi" "<Anonymous>" "[[.deflist" "lengths" "lengths" ".default_searchlight_batch_size" "doTryCatch" "tryCatchOne" "tryCatchList" "tryCatch" "mvpa_fun" "do_standard" "<Anonymous>" "do.call" "run_searchlight.default" "run_searchlight" "system.time" 
"getDataPart" "slot" "asMethod" "as" "asMethod" "as<-" "initialize" "initialize" "new" "spherical_roi" "<Anonymous>" "[[.deflist" "lengths" "lengths" ".default_searchlight_batch_size" "doTryCatch" "tryCatchOne" "tryCatchList" "tryCatch" "mvpa_fun" "do_standard" "<Anonymous>" "do.call" "run_searchlight.default" "run_searchlight" "system.time" 
"elNamed" "setDataPart" "slot<-" "asMethod" "as" "asMethod" "as<-" "initialize" "initialize" "new" "spherical_roi" "<Anonymous>" "[[.deflist" "lengths" "lengths" ".default_searchlight_batch_size" "doTryCatch" "tryCatchOne" "tryCatchList" "tryCatch" "mvpa_fun" "do_standard" "<Anonymous>" "do.call" "run_searchlight.default" "run_searchlight" "system.time" 
"local_sphere" "make_spherical_grid" "spherical_roi" "<Anonymous>" "[[.deflist" "lengths" "lengths" ".default_searchlight_batch_size" "doTryCatch" "tryCatchOne" "tryCatchList" "tryCatch" "mvpa_fun" "do_standard" "<Anonymous>" "do.call" "run_searchlight.default" "run_searchlight" "system.time" 
"spherical_roi" "<Anonymous>" "[[.deflist" "lengths" "lengths" ".default_searchlight_batch_size" "doTryCatch" "tryCatchOne" "tryCatchList" "tryCatch" "mvpa_fun" "do_standard" "<Anonymous>" "do.call" "run_searchlight.default" "run_searchlight" "system.time" 
"which" "standardGeneric" "which" "spherical_roi" "<Anonymous>" "[[.deflist" "lengths" "lengths" ".default_searchlight_batch_size" "doTryCatch" "tryCatchOne" "tryCatchList" "tryCatch" "mvpa_fun" "do_standard" "<Anonymous>" "do.call" "run_searchlight.default" "run_searchlight" "system.time" 
"order" "spherical_roi" "<Anonymous>" "[[.deflist" "lengths" "lengths" ".default_searchlight_batch_size" "doTryCatch" "tryCatchOne" "tryCatchList" "tryCatch" "mvpa_fun" "do_standard" "<Anonymous>" "do.call" "run_searchlight.default" "run_searchlight" "system.time" 
"local_sphere" "make_spherical_grid" "spherical_roi" "<Anonymous>" "[[.deflist" "lengths" "lengths" ".default_searchlight_batch_size" "doTryCatch" "tryCatchOne" "tryCatchList" "tryCatch" "mvpa_fun" "do_standard" "<Anonymous>" "do.call" "run_searchlight.default" "run_searchlight" "system.time" 
"gridToIndex3DCpp" ".gridToIndex3D" "grid_to_index" "grid_to_index" "spherical_roi" "<Anonymous>" "[[.deflist" "lengths" "lengths" ".default_searchlight_batch_size" "doTryCatch" "tryCatchOne" "tryCatchList" "tryCatch" "mvpa_fun" "do_standard" "<Anonymous>" "do.call" "run_searchlight.default" "run_searchlight" "system.time" 
"local_sphere" "make_spherical_grid" "spherical_roi" "<Anonymous>" "[[.deflist" "lengths" "lengths" ".default_searchlight_batch_size" "doTryCatch" "tryCatchOne" "tryCatchList" "tryCatch" "mvpa_fun" "do_standard" "<Anonymous>" "do.call" "run_searchlight.default" "run_searchlight" "system.time" 
"initialize" "initialize" "new" "spherical_roi" "<Anonymous>" "[[.deflist" "lengths" "lengths" ".default_searchlight_batch_size" "doTryCatch" "tryCatchOne" "tryCatchList" "tryCatch" "mvpa_fun" "do_standard" "<Anonymous>" "do.call" "run_searchlight.default" "run_searchlight" "system.time" 
"getClass" "checkSlotAssignment" "slot<-" "asMethod" "as" "ncol" "validityMethod" "isTRUE" "anyStrings" "validObject" "initialize" "initialize" "new" "spherical_roi" "<Anonymous>" "[[.deflist" "lengths" "lengths" ".default_searchlight_batch_size" "doTryCatch" "tryCatchOne" "tryCatchList" "tryCatch" "mvpa_fun" "do_standard" "<Anonymous>" "do.call" "run_searchlight.default" "run_searchlight" "system.time" 
".identC" "is" ".findMethodInTable" ".quickCoerceSelect" "as" "ncol" "validityMethod" "isTRUE" "anyStrings" "validObject" "initialize" "initialize" "new" "spherical_roi" "<Anonymous>" "[[.deflist" "lengths" "lengths" ".default_searchlight_batch_size" "doTryCatch" "tryCatchOne" "tryCatchList" "tryCatch" "mvpa_fun" "do_standard" "<Anonymous>" "do.call" "run_searchlight.default" "run_searchlight" "system.time" 
"paste" ".sigLabel" ".findMethodInTable" ".quickCoerceSelect" "as" "ncol" "validityMethod" "isTRUE" "anyStrings" "validObject" "initialize" "initialize" "new" "spherical_roi" "<Anonymous>" "[[.deflist" "lengths" "lengths" ".default_searchlight_batch_size" "doTryCatch" "tryCatchOne" "tryCatchList" "tryCatch" "mvpa_fun" "do_standard" "<Anonymous>" "do.call" "run_searchlight.default" "run_searchlight" "system.time" 
"asMethod" "as" "ncol" "validityMethod" "isTRUE" "anyStrings" "validObject" "initialize" "initialize" "new" "spherical_roi" "<Anonymous>" "[[.deflist" "lengths" "lengths" ".default_searchlight_batch_size" "doTryCatch" "tryCatchOne" "tryCatchList" "tryCatch" "mvpa_fun" "do_standard" "<Anonymous>" "do.call" "run_searchlight.default" "run_searchlight" "system.time" 
"is.data.frame" "base::rowSums" "rowSums" "rowSums" "spherical_roi" "<Anonymous>" "[[.deflist" "lengths" "lengths" ".default_searchlight_batch_size" "doTryCatch" "tryCatchOne" "tryCatchList" "tryCatch" "mvpa_fun" "do_standard" "<Anonymous>" "do.call" "run_searchlight.default" "run_searchlight" "system.time" 
"spherical_roi" "<Anonymous>" "[[.deflist" "lengths" "lengths" ".default_searchlight_batch_size" "doTryCatch" "tryCatchOne" "tryCatchList" "tryCatch" "mvpa_fun" "do_standard" "<Anonymous>" "do.call" "run_searchlight.default" "run_searchlight" "system.time" 
"order" "spherical_roi" "<Anonymous>" "[[.deflist" "lengths" "lengths" ".default_searchlight_batch_size" "doTryCatch" "tryCatchOne" "tryCatchList" "tryCatch" "mvpa_fun" "do_standard" "<Anonymous>" "do.call" "run_searchlight.default" "run_searchlight" "system.time" 
"base::rowSums" "rowSums" "rowSums" "spherical_roi" "<Anonymous>" "[[.deflist" "lengths" "lengths" ".default_searchlight_batch_size" "doTryCatch" "tryCatchOne" "tryCatchList" "tryCatch" "mvpa_fun" "do_standard" "<Anonymous>" "do.call" "run_searchlight.default" "run_searchlight" "system.time" 
"spherical_roi" "<Anonymous>" "[[.deflist" "lengths" "lengths" ".default_searchlight_batch_size" "doTryCatch" "tryCatchOne" "tryCatchList" "tryCatch" "mvpa_fun" "do_standard" "<Anonymous>" "do.call" "run_searchlight.default" "run_searchlight" "system.time" 
"order" "spherical_roi" "<Anonymous>" "[[.deflist" "lengths" "lengths" ".default_searchlight_batch_size" "doTryCatch" "tryCatchOne" "tryCatchList" "tryCatch" "mvpa_fun" "do_standard" "<Anonymous>" "do.call" "run_searchlight.default" "run_searchlight" "system.time" 
"local_sphere" "make_spherical_grid" "spherical_roi" "<Anonymous>" "[[.deflist" "lengths" "lengths" ".default_searchlight_batch_size" "doTryCatch" "tryCatchOne" "tryCatchList" "tryCatch" "mvpa_fun" "do_standard" "<Anonymous>" "do.call" "run_searchlight.default" "run_searchlight" "system.time" 
"which" "standardGeneric" "which" "spherical_roi" "<Anonymous>" "[[.deflist" "lengths" "lengths" ".default_searchlight_batch_size" "doTryCatch" "tryCatchOne" "tryCatchList" "tryCatch" "mvpa_fun" "do_standard" "<Anonymous>" "do.call" "run_searchlight.default" "run_searchlight" "system.time" 
".getClassesFromCache" "getClassDef" "is" ".findMethodInTable" ".quickCoerceSelect" "as<-" "initialize" "initialize" "new" "spherical_roi" "<Anonymous>" "[[.deflist" "lengths" "lengths" ".default_searchlight_batch_size" "doTryCatch" "tryCatchOne" "tryCatchList" "tryCatch" "mvpa_fun" "do_standard" "<Anonymous>" "do.call" "run_searchlight.default" "run_searchlight" "system.time" 
".getGeneric" "getGeneric" "as" "asMethod" "as<-" "initialize" "initialize" "new" "spherical_roi" "<Anonymous>" "[[.deflist" "lengths" "lengths" ".default_searchlight_batch_size" "doTryCatch" "tryCatchOne" "tryCatchList" "tryCatch" "mvpa_fun" "do_standard" "<Anonymous>" "do.call" "run_searchlight.default" "run_searchlight" "system.time" 
".sigLabel" ".findMethodInTable" ".quickCoerceSelect" "as<-" "initialize" "initialize" "new" "spherical_roi" "<Anonymous>" "[[.deflist" "lengths" "lengths" ".default_searchlight_batch_size" "doTryCatch" "tryCatchOne" "tryCatchList" "tryCatch" "mvpa_fun" "do_standard" "<Anonymous>" "do.call" "run_searchlight.default" "run_searchlight" "system.time" 
"getClass" "new" "asMethod" "as" "ncol" "validityMethod" "isTRUE" "anyStrings" "validObject" "initialize" "initialize" "new" "spherical_roi" "<Anonymous>" "[[.deflist" "lengths" "lengths" ".default_searchlight_batch_size" "doTryCatch" "tryCatchOne" "tryCatchList" "tryCatch" "mvpa_fun" "do_standard" "<Anonymous>" "do.call" "run_searchlight.default" "run_searchlight" "system.time" 
"is" ".findMethodInTable" ".quickCoerceSelect" "as" "asMethod" "as<-" "initialize" "initialize" "new" "spherical_roi" "<Anonymous>" "[[.deflist" "lengths" "lengths" ".default_searchlight_batch_size" "doTryCatch" "tryCatchOne" "tryCatchList" "tryCatch" "mvpa_fun" "do_standard" "<Anonymous>" "do.call" "run_searchlight.default" "run_searchlight" "system.time" 
"order" "spherical_roi" "<Anonymous>" "[[.deflist" "lengths" "lengths" ".default_searchlight_batch_size" "doTryCatch" "tryCatchOne" "tryCatchList" "tryCatch" "mvpa_fun" "do_standard" "<Anonymous>" "do.call" "run_searchlight.default" "run_searchlight" "system.time" 
"order" "spherical_roi" "<Anonymous>" "[[.deflist" "lengths" "lengths" ".default_searchlight_batch_size" "doTryCatch" "tryCatchOne" "tryCatchList" "tryCatch" "mvpa_fun" "do_standard" "<Anonymous>" "do.call" "run_searchlight.default" "run_searchlight" "system.time" 
"order" "spherical_roi" "<Anonymous>" "[[.deflist" "lengths" "lengths" ".default_searchlight_batch_size" "doTryCatch" "tryCatchOne" "tryCatchList" "tryCatch" "mvpa_fun" "do_standard" "<Anonymous>" "do.call" "run_searchlight.default" "run_searchlight" "system.time" 
"spherical_roi" "<Anonymous>" "[[.deflist" "lengths" "lengths" ".default_searchlight_batch_size" "doTryCatch" "tryCatchOne" "tryCatchList" "tryCatch" "mvpa_fun" "do_standard" "<Anonymous>" "do.call" "run_searchlight.default" "run_searchlight" "system.time" 
"getDataPart" "validityMethod" "isTRUE" "anyStrings" "validObject" "initialize" "initialize" "new" "spherical_roi" "<Anonymous>" "[[.deflist" "lengths" "lengths" ".default_searchlight_batch_size" "doTryCatch" "tryCatchOne" "tryCatchList" "tryCatch" "mvpa_fun" "do_standard" "<Anonymous>" "do.call" "run_searchlight.default" "run_searchlight" "system.time" 
"order" "spherical_roi" "<Anonymous>" "[[.deflist" "lengths" "lengths" ".default_searchlight_batch_size" "doTryCatch" "tryCatchOne" "tryCatchList" "tryCatch" "mvpa_fun" "do_standard" "<Anonymous>" "do.call" "run_searchlight.default" "run_searchlight" "system.time" 
"rowSums" "spherical_roi" "<Anonymous>" "[[.deflist" "lengths" "lengths" ".default_searchlight_batch_size" "doTryCatch" "tryCatchOne" "tryCatchList" "tryCatch" "mvpa_fun" "do_standard" "<Anonymous>" "do.call" "run_searchlight.default" "run_searchlight" "system.time" 
"initialize" "initialize" "new" "spherical_roi" "<Anonymous>" "[[.deflist" "lengths" "lengths" ".default_searchlight_batch_size" "doTryCatch" "tryCatchOne" "tryCatchList" "tryCatch" "mvpa_fun" "do_standard" "<Anonymous>" "do.call" "run_searchlight.default" "run_searchlight" "system.time" 
"validityMethod" "isTRUE" "anyStrings" "validObject" "initialize" "initialize" "new" "spherical_roi" "<Anonymous>" "[[.deflist" "lengths" "lengths" ".default_searchlight_batch_size" "doTryCatch" "tryCatchOne" "tryCatchList" "tryCatch" "mvpa_fun" "do_standard" "<Anonymous>" "do.call" "run_searchlight.default" "run_searchlight" "system.time" 
"isTRUE" "which" "standardGeneric" "which" "spherical_roi" "<Anonymous>" "[[.deflist" "lengths" "lengths" ".default_searchlight_batch_size" "doTryCatch" "tryCatchOne" "tryCatchList" "tryCatch" "mvpa_fun" "do_standard" "<Anonymous>" "do.call" "run_searchlight.default" "run_searchlight" "system.time" 
"[" "spherical_roi" "<Anonymous>" "[[.deflist" "lengths" "lengths" ".default_searchlight_batch_size" "doTryCatch" "tryCatchOne" "tryCatchList" "tryCatch" "mvpa_fun" "do_standard" "<Anonymous>" "do.call" "run_searchlight.default" "run_searchlight" "system.time" 
"slot" "doTryCatch" "tryCatchOne" "tryCatchList" "tryCatch" "try" "validObject" "initialize" "initialize" "new" "spherical_roi" "<Anonymous>" "[[.deflist" "lengths" "lengths" ".default_searchlight_batch_size" "doTryCatch" "tryCatchOne" "tryCatchList" "tryCatch" "mvpa_fun" "do_standard" "<Anonymous>" "do.call" "run_searchlight.default" "run_searchlight" "system.time" 
"order" "spherical_roi" "<Anonymous>" "[[.deflist" "lengths" "lengths" ".default_searchlight_batch_size" "doTryCatch" "tryCatchOne" "tryCatchList" "tryCatch" "mvpa_fun" "do_standard" "<Anonymous>" "do.call" "run_searchlight.default" "run_searchlight" "system.time" 
"initialize" "initialize" "new" "spherical_roi" "<Anonymous>" "[[.deflist" "lengths" "lengths" ".default_searchlight_batch_size" "doTryCatch" "tryCatchOne" "tryCatchList" "tryCatch" "mvpa_fun" "do_standard" "<Anonymous>" "do.call" "run_searchlight.default" "run_searchlight" "system.time" 
"initialize" "initialize" "new" "spherical_roi" "<Anonymous>" "[[.deflist" "lengths" "lengths" ".default_searchlight_batch_size" "doTryCatch" "tryCatchOne" "tryCatchList" "tryCatch" "mvpa_fun" "do_standard" "<Anonymous>" "do.call" "run_searchlight.default" "run_searchlight" "system.time" 
"doTryCatch" "tryCatchOne" "tryCatchList" "tryCatch" "try" "validObject" "initialize" "initialize" "new" "spherical_roi" "<Anonymous>" "[[.deflist" "lengths" "lengths" ".default_searchlight_batch_size" "doTryCatch" "tryCatchOne" "tryCatchList" "tryCatch" "mvpa_fun" "do_standard" "<Anonymous>" "do.call" "run_searchlight.default" "run_searchlight" "system.time" 
"getClassDef" "is" "isClassDef" "getSlots" "setDataPart" "asMethod" "as<-" "asMethod" "as<-" "initialize" "initialize" "new" "spherical_roi" "<Anonymous>" "[[.deflist" "lengths" "lengths" ".default_searchlight_batch_size" "doTryCatch" "tryCatchOne" "tryCatchList" "tryCatch" "mvpa_fun" "do_standard" "<Anonymous>" "do.call" "run_searchlight.default" "run_searchlight" "system.time" 
"grid_to_index" "spherical_roi" "<Anonymous>" "[[.deflist" "lengths" "lengths" ".default_searchlight_batch_size" "doTryCatch" "tryCatchOne" "tryCatchList" "tryCatch" "mvpa_fun" "do_standard" "<Anonymous>" "do.call" "run_searchlight.default" "run_searchlight" "system.time" 
".identC" "initialize" "initialize" "new" "spherical_roi" "<Anonymous>" "[[.deflist" "lengths" "lengths" ".default_searchlight_batch_size" "doTryCatch" "tryCatchOne" "tryCatchList" "tryCatch" "mvpa_fun" "do_standard" "<Anonymous>" "do.call" "run_searchlight.default" "run_searchlight" "system.time" 
"possibleExtends" "validObject" "initialize" "initialize" "new" "spherical_roi" "<Anonymous>" "[[.deflist" "lengths" "lengths" ".default_searchlight_batch_size" "doTryCatch" "tryCatchOne" "tryCatchList" "tryCatch" "mvpa_fun" "do_standard" "<Anonymous>" "do.call" "run_searchlight.default" "run_searchlight" "system.time" 
"spherical_roi" "<Anonymous>" "[[.deflist" "lengths" "lengths" ".default_searchlight_batch_size" "doTryCatch" "tryCatchOne" "tryCatchList" "tryCatch" "mvpa_fun" "do_standard" "<Anonymous>" "do.call" "run_searchlight.default" "run_searchlight" "system.time" 
"spherical_roi" "<Anonymous>" "[[.deflist" "lengths" "lengths" ".default_searchlight_batch_size" "doTryCatch" "tryCatchOne" "tryCatchList" "tryCatch" "mvpa_fun" "do_standard" "<Anonymous>" "do.call" "run_searchlight.default" "run_searchlight" "system.time" 
"spherical_roi" "<Anonymous>" "[[.deflist" "lengths" "lengths" ".default_searchlight_batch_size" "doTryCatch" "tryCatchOne" "tryCatchList" "tryCatch" "mvpa_fun" "do_standard" "<Anonymous>" "do.call" "run_searchlight.default" "run_searchlight" "system.time" 
"getDataPart" "validityMethod" "isTRUE" "anyStrings" "validObject" "initialize" "initialize" "new" "spherical_roi" "<Anonymous>" "[[.deflist" "lengths" "lengths" ".default_searchlight_batch_size" "doTryCatch" "tryCatchOne" "tryCatchList" "tryCatch" "mvpa_fun" "do_standard" "<Anonymous>" "do.call" "run_searchlight.default" "run_searchlight" "system.time" 
".mergeAttrs" "setDataPart" "asMethod" "as<-" "asMethod" "as<-" "initialize" "initialize" "new" "spherical_roi" "<Anonymous>" "[[.deflist" "lengths" "lengths" ".default_searchlight_batch_size" "doTryCatch" "tryCatchOne" "tryCatchList" "tryCatch" "mvpa_fun" "do_standard" "<Anonymous>" "do.call" "run_searchlight.default" "run_searchlight" "system.time" 
"getDataPart" "slot" "asMethod" "as<-" "initialize" "initialize" "new" "spherical_roi" "<Anonymous>" "[[.deflist" "lengths" "lengths" ".default_searchlight_batch_size" "doTryCatch" "tryCatchOne" "tryCatchList" "tryCatch" "mvpa_fun" "do_standard" "<Anonymous>" "do.call" "run_searchlight.default" "run_searchlight" "system.time" 
".mergeAttrs" "setDataPart" "slot<-" "asMethod" "as<-" "initialize" "initialize" "new" "spherical_roi" "<Anonymous>" "[[.deflist" "lengths" "lengths" ".default_searchlight_batch_size" "doTryCatch" "tryCatchOne" "tryCatchList" "tryCatch" "mvpa_fun" "do_standard" "<Anonymous>" "do.call" "run_searchlight.default" "run_searchlight" "system.time" 
"order" "spherical_roi" "<Anonymous>" "[[.deflist" "lengths" "lengths" ".default_searchlight_batch_size" "doTryCatch" "tryCatchOne" "tryCatchList" "tryCatch" "mvpa_fun" "do_standard" "<Anonymous>" "do.call" "run_searchlight.default" "run_searchlight" "system.time" 
"local_sphere" "make_spherical_grid" "spherical_roi" "<Anonymous>" "[[.deflist" "lengths" "lengths" ".default_searchlight_batch_size" "doTryCatch" "tryCatchOne" "tryCatchList" "tryCatch" "mvpa_fun" "do_standard" "<Anonymous>" "do.call" "run_searchlight.default" "run_searchlight" "system.time" 
"getDataPart" "validityMethod" "isTRUE" "anyStrings" "validObject" "initialize" "initialize" "new" "spherical_roi" "<Anonymous>" "[[.deflist" "lengths" "lengths" ".default_searchlight_batch_size" "doTryCatch" "tryCatchOne" "tryCatchList" "tryCatch" "mvpa_fun" "do_standard" "<Anonymous>" "do.call" "run_searchlight.default" "run_searchlight" "system.time" 
"local_sphere" "make_spherical_grid" "spherical_roi" "<Anonymous>" "[[.deflist" "lengths" "lengths" ".default_searchlight_batch_size" "doTryCatch" "tryCatchOne" "tryCatchList" "tryCatch" "mvpa_fun" "do_standard" "<Anonymous>" "do.call" "run_searchlight.default" "run_searchlight" "system.time" 
"spherical_roi" "<Anonymous>" "[[.deflist" "lengths" "lengths" ".default_searchlight_batch_size" "doTryCatch" "tryCatchOne" "tryCatchList" "tryCatch" "mvpa_fun" "do_standard" "<Anonymous>" "do.call" "run_searchlight.default" "run_searchlight" "system.time" 
"slot<-" "asMethod" "as" "ncol" "validityMethod" "isTRUE" "anyStrings" "validObject" "initialize" "initialize" "new" "spherical_roi" "<Anonymous>" "[[.deflist" "lengths" "lengths" ".default_searchlight_batch_size" "doTryCatch" "tryCatchOne" "tryCatchList" "tryCatch" "mvpa_fun" "do_standard" "<Anonymous>" "do.call" "run_searchlight.default" "run_searchlight" "system.time" 
"proc.time" "doTryCatch" "tryCatchOne" "tryCatchList" "tryCatch" "doTryCatch" "tryCatchOne" "tryCatchList" "tryCatch" "mvpa_fun" "do_standard" "<Anonymous>" "do.call" "run_searchlight.default" "run_searchlight" "system.time" 
"rev" "initialize" "initialize" "new" "spherical_roi" "<Anonymous>" "[[.deflist" "[[" "FUN" "lapply" "[.deflist" "[" "doTryCatch" "tryCatchOne" "tryCatchList" "tryCatch" "doTryCatch" "tryCatchOne" "tryCatchList" "tryCatch" "mvpa_fun" "do_standard" "<Anonymous>" "do.call" "run_searchlight.default" "run_searchlight" "system.time" 
"spherical_roi" "<Anonymous>" "[[.deflist" "[[" "FUN" "lapply" "[.deflist" "[" "doTryCatch" "tryCatchOne" "tryCatchList" "tryCatch" "doTryCatch" "tryCatchOne" "tryCatchList" "tryCatch" "mvpa_fun" "do_standard" "<Anonymous>" "do.call" "run_searchlight.default" "run_searchlight" "system.time" 
"order" "spherical_roi" "<Anonymous>" "[[.deflist" "[[" "FUN" "lapply" "[.deflist" "[" "doTryCatch" "tryCatchOne" "tryCatchList" "tryCatch" "doTryCatch" "tryCatchOne" "tryCatchList" "tryCatch" "mvpa_fun" "do_standard" "<Anonymous>" "do.call" "run_searchlight.default" "run_searchlight" "system.time" 
"order" "spherical_roi" "<Anonymous>" "[[.deflist" "[[" "FUN" "lapply" "[.deflist" "[" "doTryCatch" "tryCatchOne" "tryCatchList" "tryCatch" "doTryCatch" "tryCatchOne" "tryCatchList" "tryCatch" "mvpa_fun" "do_standard" "<Anonymous>" "do.call" "run_searchlight.default" "run_searchlight" "system.time" 
"spherical_roi" "<Anonymous>" "[[.deflist" "[[" "FUN" "lapply" "[.deflist" "[" "doTryCatch" "tryCatchOne" "tryCatchList" "tryCatch" "doTryCatch" "tryCatchOne" "tryCatchList" "tryCatch" "mvpa_fun" "do_standard" "<Anonymous>" "do.call" "run_searchlight.default" "run_searchlight" "system.time" 
"order" "spherical_roi" "<Anonymous>" "[[.deflist" "[[" "FUN" "lapply" "[.deflist" "[" "doTryCatch" "tryCatchOne" "tryCatchList" "tryCatch" "doTryCatch" "tryCatchOne" "tryCatchList" "tryCatch" "mvpa_fun" "do_standard" "<Anonymous>" "do.call" "run_searchlight.default" "run_searchlight" "system.time" 
"local_sphere" "make_spherical_grid" "spherical_roi" "<Anonymous>" "[[.deflist" "[[" "FUN" "lapply" "[.deflist" "[" "doTryCatch" "tryCatchOne" "tryCatchList" "tryCatch" "doTryCatch" "tryCatchOne" "tryCatchList" "tryCatch" "mvpa_fun" "do_standard" "<Anonymous>" "do.call" "run_searchlight.default" "run_searchlight" "system.time" 
"rowSums" "spherical_roi" "<Anonymous>" "[[.deflist" "[[" "FUN" "lapply" "[.deflist" "[" "doTryCatch" "tryCatchOne" "tryCatchList" "tryCatch" "doTryCatch" "tryCatchOne" "tryCatchList" "tryCatch" "mvpa_fun" "do_standard" "<Anonymous>" "do.call" "run_searchlight.default" "run_searchlight" "system.time" 
"order" "spherical_roi" "<Anonymous>" "[[.deflist" "[[" "FUN" "lapply" "[.deflist" "[" "doTryCatch" "tryCatchOne" "tryCatchList" "tryCatch" "doTryCatch" "tryCatchOne" "tryCatchList" "tryCatch" "mvpa_fun" "do_standard" "<Anonymous>" "do.call" "run_searchlight.default" "run_searchlight" "system.time" 
"spherical_roi" "<Anonymous>" "[[.deflist" "[[" "FUN" "lapply" "[.deflist" "[" "doTryCatch" "tryCatchOne" "tryCatchList" "tryCatch" "doTryCatch" "tryCatchOne" "tryCatchList" "tryCatch" "mvpa_fun" "do_standard" "<Anonymous>" "do.call" "run_searchlight.default" "run_searchlight" "system.time" 
"order" "spherical_roi" "<Anonymous>" "[[.deflist" "[[" "FUN" "lapply" "[.deflist" "[" "doTryCatch" "tryCatchOne" "tryCatchList" "tryCatch" "doTryCatch" "tryCatchOne" "tryCatchList" "tryCatch" "mvpa_fun" "do_standard" "<Anonymous>" "do.call" "run_searchlight.default" "run_searchlight" "system.time" 
"spherical_roi" "<Anonymous>" "[[.deflist" "[[" "FUN" "lapply" "[.deflist" "[" "doTryCatch" "tryCatchOne" "tryCatchList" "tryCatch" "doTryCatch" "tryCatchOne" "tryCatchList" "tryCatch" "mvpa_fun" "do_standard" "<Anonymous>" "do.call" "run_searchlight.default" "run_searchlight" "system.time" 
"getDataPart" "validityMethod" "isTRUE" "anyStrings" "validObject" "initialize" "initialize" "new" "spherical_roi" "<Anonymous>" "[[.deflist" "[[" "FUN" "lapply" "[.deflist" "[" "doTryCatch" "tryCatchOne" "tryCatchList" "tryCatch" "doTryCatch" "tryCatchOne" "tryCatchList" "tryCatch" "mvpa_fun" "do_standard" "<Anonymous>" "do.call" "run_searchlight.default" "run_searchlight" "system.time" 
"slot<-" "asMethod" "as" "asMethod" "as<-" "initialize" "initialize" "new" "spherical_roi" "<Anonymous>" "[[.deflist" "[[" "FUN" "lapply" "[.deflist" "[" "doTryCatch" "tryCatchOne" "tryCatchList" "tryCatch" "doTryCatch" "tryCatchOne" "tryCatchList" "tryCatch" "mvpa_fun" "do_standard" "<Anonymous>" "do.call" "run_searchlight.default" "run_searchlight" "system.time" 
"slot<-" "asMethod" "as" "asMethod" "as<-" "initialize" "initialize" "new" "spherical_roi" "<Anonymous>" "[[.deflist" "[[" "FUN" "lapply" "[.deflist" "[" "doTryCatch" "tryCatchOne" "tryCatchList" "tryCatch" "doTryCatch" "tryCatchOne" "tryCatchList" "tryCatch" "mvpa_fun" "do_standard" "<Anonymous>" "do.call" "run_searchlight.default" "run_searchlight" "system.time" 
"slot<-" "asMethod" "as" "asMethod" "as<-" "initialize" "initialize" "new" "spherical_roi" "<Anonymous>" "[[.deflist" "[[" "FUN" "lapply" "[.deflist" "[" "doTryCatch" "tryCatchOne" "tryCatchList" "tryCatch" "doTryCatch" "tryCatchOne" "tryCatchList" "tryCatch" "mvpa_fun" "do_standard" "<Anonymous>" "do.call" "run_searchlight.default" "run_searchlight" "system.time" 
"slot<-" "asMethod" "as" "asMethod" "as<-" "initialize" "initialize" "new" "spherical_roi" "<Anonymous>" "[[.deflist" "[[" "FUN" "lapply" "[.deflist" "[" "doTryCatch" "tryCatchOne" "tryCatchList" "tryCatch" "doTryCatch" "tryCatchOne" "tryCatchList" "tryCatch" "mvpa_fun" "do_standard" "<Anonymous>" "do.call" "run_searchlight.default" "run_searchlight" "system.time" 
"slot<-" "asMethod" "as" "asMethod" "as<-" "initialize" "initialize" "new" "spherical_roi" "<Anonymous>" "[[.deflist" "[[" "FUN" "lapply" "[.deflist" "[" "doTryCatch" "tryCatchOne" "tryCatchList" "tryCatch" "doTryCatch" "tryCatchOne" "tryCatchList" "tryCatch" "mvpa_fun" "do_standard" "<Anonymous>" "do.call" "run_searchlight.default" "run_searchlight" "system.time" 
"slot<-" "asMethod" "as" "asMethod" "as<-" "initialize" "initialize" "new" "spherical_roi" "<Anonymous>" "[[.deflist" "[[" "FUN" "lapply" "[.deflist" "[" "doTryCatch" "tryCatchOne" "tryCatchList" "tryCatch" "doTryCatch" "tryCatchOne" "tryCatchList" "tryCatch" "mvpa_fun" "do_standard" "<Anonymous>" "do.call" "run_searchlight.default" "run_searchlight" "system.time" 
"slot<-" "asMethod" "as" "asMethod" "as<-" "initialize" "initialize" "new" "spherical_roi" "<Anonymous>" "[[.deflist" "[[" "FUN" "lapply" "[.deflist" "[" "doTryCatch" "tryCatchOne" "tryCatchList" "tryCatch" "doTryCatch" "tryCatchOne" "tryCatchList" "tryCatch" "mvpa_fun" "do_standard" "<Anonymous>" "do.call" "run_searchlight.default" "run_searchlight" "system.time" 
"slot<-" "asMethod" "as" "asMethod" "as<-" "initialize" "initialize" "new" "spherical_roi" "<Anonymous>" "[[.deflist" "[[" "FUN" "lapply" "[.deflist" "[" "doTryCatch" "tryCatchOne" "tryCatchList" "tryCatch" "doTryCatch" "tryCatchOne" "tryCatchList" "tryCatch" "mvpa_fun" "do_standard" "<Anonymous>" "do.call" "run_searchlight.default" "run_searchlight" "system.time" 
"slot<-" "asMethod" "as" "asMethod" "as<-" "initialize" "initialize" "new" "spherical_roi" "<Anonymous>" "[[.deflist" "[[" "FUN" "lapply" "[.deflist" "[" "doTryCatch" "tryCatchOne" "tryCatchList" "tryCatch" "doTryCatch" "tryCatchOne" "tryCatchList" "tryCatch" "mvpa_fun" "do_standard" "<Anonymous>" "do.call" "run_searchlight.default" "run_searchlight" "system.time" 
"slot<-" "asMethod" "as" "asMethod" "as<-" "initialize" "initialize" "new" "spherical_roi" "<Anonymous>" "[[.deflist" "[[" "FUN" "lapply" "[.deflist" "[" "doTryCatch" "tryCatchOne" "tryCatchList" "tryCatch" "doTryCatch" "tryCatchOne" "tryCatchList" "tryCatch" "mvpa_fun" "do_standard" "<Anonymous>" "do.call" "run_searchlight.default" "run_searchlight" "system.time" 
"slot<-" "asMethod" "as" "asMethod" "as<-" "initialize" "initialize" "new" "spherical_roi" "<Anonymous>" "[[.deflist" "[[" "FUN" "lapply" "[.deflist" "[" "doTryCatch" "tryCatchOne" "tryCatchList" "tryCatch" "doTryCatch" "tryCatchOne" "tryCatchList" "tryCatch" "mvpa_fun" "do_standard" "<Anonymous>" "do.call" "run_searchlight.default" "run_searchlight" "system.time" 
"slot<-" "asMethod" "as" "asMethod" "as<-" "initialize" "initialize" "new" "spherical_roi" "<Anonymous>" "[[.deflist" "[[" "FUN" "lapply" "[.deflist" "[" "doTryCatch" "tryCatchOne" "tryCatchList" "tryCatch" "doTryCatch" "tryCatchOne" "tryCatchList" "tryCatch" "mvpa_fun" "do_standard" "<Anonymous>" "do.call" "run_searchlight.default" "run_searchlight" "system.time" 
".getClassesFromCache" "getClassDef" "getClass" "getDataPart" "slot" "asMethod" "as<-" "initialize" "initialize" "new" "spherical_roi" "<Anonymous>" "[[.deflist" "[[" "FUN" "lapply" "[.deflist" "[" "doTryCatch" "tryCatchOne" "tryCatchList" "tryCatch" "doTryCatch" "tryCatchOne" "tryCatchList" "tryCatch" "mvpa_fun" "do_standard" "<Anonymous>" "do.call" "run_searchlight.default" "run_searchlight" "system.time" 
"is" "spherical_roi" "<Anonymous>" "[[.deflist" "[[" "FUN" "lapply" "[.deflist" "[" "doTryCatch" "tryCatchOne" "tryCatchList" "tryCatch" "doTryCatch" "tryCatchOne" "tryCatchList" "tryCatch" "mvpa_fun" "do_standard" "<Anonymous>" "do.call" "run_searchlight.default" "run_searchlight" "system.time" 
"initialize" "initialize" "new" "spherical_roi" "<Anonymous>" "[[.deflist" "[[" "FUN" "lapply" "[.deflist" "[" "doTryCatch" "tryCatchOne" "tryCatchList" "tryCatch" "doTryCatch" "tryCatchOne" "tryCatchList" "tryCatch" "mvpa_fun" "do_standard" "<Anonymous>" "do.call" "run_searchlight.default" "run_searchlight" "system.time" 
".getClassesFromCache" "getClassDef" "getClass" "setDataPart" "slot<-" "asMethod" "as" "asMethod" "as<-" "initialize" "initialize" "new" "spherical_roi" "<Anonymous>" "[[.deflist" "[[" "FUN" "lapply" "[.deflist" "[" "doTryCatch" "tryCatchOne" "tryCatchList" "tryCatch" "doTryCatch" "tryCatchOne" "tryCatchList" "tryCatch" "mvpa_fun" "do_standard" "<Anonymous>" "do.call" "run_searchlight.default" "run_searchlight" "system.time" 
"c" "eval" "eval" "match.arg" "order" "spherical_roi" "<Anonymous>" "[[.deflist" "[[" "FUN" "lapply" "[.deflist" "[" "doTryCatch" "tryCatchOne" "tryCatchList" "tryCatch" "doTryCatch" "tryCatchOne" "tryCatchList" "tryCatch" "mvpa_fun" "do_standard" "<Anonymous>" "do.call" "run_searchlight.default" "run_searchlight" "system.time" 
"local_sphere" "make_spherical_grid" "spherical_roi" "<Anonymous>" "[[.deflist" "[[" "FUN" "lapply" "[.deflist" "[" "doTryCatch" "tryCatchOne" "tryCatchList" "tryCatch" "doTryCatch" "tryCatchOne" "tryCatchList" "tryCatch" "mvpa_fun" "do_standard" "<Anonymous>" "do.call" "run_searchlight.default" "run_searchlight" "system.time" 
"local_sphere" "make_spherical_grid" "spherical_roi" "<Anonymous>" "[[.deflist" "[[" "FUN" "lapply" "[.deflist" "[" "doTryCatch" "tryCatchOne" "tryCatchList" "tryCatch" "doTryCatch" "tryCatchOne" "tryCatchList" "tryCatch" "mvpa_fun" "do_standard" "<Anonymous>" "do.call" "run_searchlight.default" "run_searchlight" "system.time" 
"order" "spherical_roi" "<Anonymous>" "[[.deflist" "[[" "FUN" "lapply" "[.deflist" "[" "doTryCatch" "tryCatchOne" "tryCatchList" "tryCatch" "doTryCatch" "tryCatchOne" "tryCatchList" "tryCatch" "mvpa_fun" "do_standard" "<Anonymous>" "do.call" "run_searchlight.default" "run_searchlight" "system.time" 
"getClassDef" "getClass" "getDataPart" "validityMethod" "isTRUE" "anyStrings" "validObject" "initialize" "initialize" "new" "spherical_roi" "<Anonymous>" "[[.deflist" "[[" "FUN" "lapply" "[.deflist" "[" "doTryCatch" "tryCatchOne" "tryCatchList" "tryCatch" "doTryCatch" "tryCatchOne" "tryCatchList" "tryCatch" "mvpa_fun" "do_standard" "<Anonymous>" "do.call" "run_searchlight.default" "run_searchlight" "system.time" 
"paste" ".sigLabel" ".findMethodInTable" ".quickCoerceSelect" "as<-" "initialize" "initialize" "new" "spherical_roi" "<Anonymous>" "[[.deflist" "[[" "FUN" "lapply" "[.deflist" "[" "doTryCatch" "tryCatchOne" "tryCatchList" "tryCatch" "doTryCatch" "tryCatchOne" "tryCatchList" "tryCatch" "mvpa_fun" "do_standard" "<Anonymous>" "do.call" "run_searchlight.default" "run_searchlight" "system.time" 
"%in%" ".getGeneric" "getGeneric" "as<-" "asMethod" "as<-" "initialize" "initialize" "new" "spherical_roi" "<Anonymous>" "[[.deflist" "[[" "FUN" "lapply" "[.deflist" "[" "doTryCatch" "tryCatchOne" "tryCatchList" "tryCatch" "doTryCatch" "tryCatchOne" "tryCatchList" "tryCatch" "mvpa_fun" "do_standard" "<Anonymous>" "do.call" "run_searchlight.default" "run_searchlight" "system.time" 
"standardGeneric" "which" "spherical_roi" "<Anonymous>" "[[.deflist" "[[" "FUN" "lapply" "[.deflist" "[" "doTryCatch" "tryCatchOne" "tryCatchList" "tryCatch" "doTryCatch" "tryCatchOne" "tryCatchList" "tryCatch" "mvpa_fun" "do_standard" "<Anonymous>" "do.call" "run_searchlight.default" "run_searchlight" "system.time" 
"initialize" "initialize" "new" "spherical_roi" "<Anonymous>" "[[.deflist" "[[" "FUN" "lapply" "[.deflist" "[" "doTryCatch" "tryCatchOne" "tryCatchList" "tryCatch" "doTryCatch" "tryCatchOne" "tryCatchList" "tryCatch" "mvpa_fun" "do_standard" "<Anonymous>" "do.call" "run_searchlight.default" "run_searchlight" "system.time" 
"validObject" "initialize" "initialize" "new" "spherical_roi" "<Anonymous>" "[[.deflist" "[[" "FUN" "lapply" "[.deflist" "[" "doTryCatch" "tryCatchOne" "tryCatchList" "tryCatch" "doTryCatch" "tryCatchOne" "tryCatchList" "tryCatch" "mvpa_fun" "do_standard" "<Anonymous>" "do.call" "run_searchlight.default" "run_searchlight" "system.time" 
"dim" "spherical_roi" "<Anonymous>" "[[.deflist" "[[" "FUN" "lapply" "[.deflist" "[" "doTryCatch" "tryCatchOne" "tryCatchList" "tryCatch" "doTryCatch" "tryCatchOne" "tryCatchList" "tryCatch" "mvpa_fun" "do_standard" "<Anonymous>" "do.call" "run_searchlight.default" "run_searchlight" "system.time" 
"tryCatchList" "tryCatch" "try" "validObject" "initialize" "initialize" "new" "spherical_roi" "<Anonymous>" "[[.deflist" "[[" "FUN" "lapply" "[.deflist" "[" "doTryCatch" "tryCatchOne" "tryCatchList" "tryCatch" "doTryCatch" "tryCatchOne" "tryCatchList" "tryCatch" "mvpa_fun" "do_standard" "<Anonymous>" "do.call" "run_searchlight.default" "run_searchlight" "system.time" 
"asMethod" "as" "ncol" "validityMethod" "isTRUE" "anyStrings" "validObject" "initialize" "initialize" "new" "spherical_roi" "<Anonymous>" "[[.deflist" "[[" "FUN" "lapply" "[.deflist" "[" "doTryCatch" "tryCatchOne" "tryCatchList" "tryCatch" "doTryCatch" "tryCatchOne" "tryCatchList" "tryCatch" "mvpa_fun" "do_standard" "<Anonymous>" "do.call" "run_searchlight.default" "run_searchlight" "system.time" 
"spacing" "spacing" "spacing" "make_spherical_grid" "spherical_roi" "<Anonymous>" "[[.deflist" "[[" "FUN" "lapply" "[.deflist" "[" "doTryCatch" "tryCatchOne" "tryCatchList" "tryCatch" "doTryCatch" "tryCatchOne" "tryCatchList" "tryCatch" "mvpa_fun" "do_standard" "<Anonymous>" "do.call" "run_searchlight.default" "run_searchlight" "system.time" 
"validObject" "initialize" "initialize" "new" "spherical_roi" "<Anonymous>" "[[.deflist" "[[" "FUN" "lapply" "[.deflist" "[" "doTryCatch" "tryCatchOne" "tryCatchList" "tryCatch" "doTryCatch" "tryCatchOne" "tryCatchList" "tryCatch" "mvpa_fun" "do_standard" "<Anonymous>" "do.call" "run_searchlight.default" "run_searchlight" "system.time" 
"class" "initialize" "new" "asMethod" "as" "asMethod" "as<-" "initialize" "initialize" "new" "spherical_roi" "<Anonymous>" "[[.deflist" "[[" "FUN" "lapply" "[.deflist" "[" "doTryCatch" "tryCatchOne" "tryCatchList" "tryCatch" "doTryCatch" "tryCatchOne" "tryCatchList" "tryCatch" "mvpa_fun" "do_standard" "<Anonymous>" "do.call" "run_searchlight.default" "run_searchlight" "system.time" 
"slot" "asMethod" "as" "ncol" "validityMethod" "isTRUE" "anyStrings" "validObject" "initialize" "initialize" "new" "spherical_roi" "<Anonymous>" "[[.deflist" "[[" "FUN" "lapply" "[.deflist" "[" "doTryCatch" "tryCatchOne" "tryCatchList" "tryCatch" "doTryCatch" "tryCatchOne" "tryCatchList" "tryCatch" "mvpa_fun" "do_standard" "<Anonymous>" "do.call" "run_searchlight.default" "run_searchlight" "system.time" 
"is" ".findMethodInTable" ".quickCoerceSelect" "as" "ncol" "validityMethod" "isTRUE" "anyStrings" "validObject" "initialize" "initialize" "new" "spherical_roi" "<Anonymous>" "[[.deflist" "[[" "FUN" "lapply" "[.deflist" "[" "doTryCatch" "tryCatchOne" "tryCatchList" "tryCatch" "doTryCatch" "tryCatchOne" "tryCatchList" "tryCatch" "mvpa_fun" "do_standard" "<Anonymous>" "do.call" "run_searchlight.default" "run_searchlight" "system.time" 
"getDataPart" "slot" "asMethod" "as" "asMethod" "as<-" "initialize" "initialize" "new" "spherical_roi" "<Anonymous>" "[[.deflist" "[[" "FUN" "lapply" "[.deflist" "[" "doTryCatch" "tryCatchOne" "tryCatchList" "tryCatch" "doTryCatch" "tryCatchOne" "tryCatchList" "tryCatch" "mvpa_fun" "do_standard" "<Anonymous>" "do.call" "run_searchlight.default" "run_searchlight" "system.time" 
"make_spherical_grid" "spherical_roi" "<Anonymous>" "[[.deflist" "[[" "FUN" "lapply" "[.deflist" "[" "doTryCatch" "tryCatchOne" "tryCatchList" "tryCatch" "doTryCatch" "tryCatchOne" "tryCatchList" "tryCatch" "mvpa_fun" "do_standard" "<Anonymous>" "do.call" "run_searchlight.default" "run_searchlight" "system.time" 
"getDataPart" "validityMethod" "isTRUE" "anyStrings" "validObject" "initialize" "initialize" "new" "spherical_roi" "<Anonymous>" "[[.deflist" "[[" "FUN" "lapply" "[.deflist" "[" "doTryCatch" "tryCatchOne" "tryCatchList" "tryCatch" "doTryCatch" "tryCatchOne" "tryCatchList" "tryCatch" "mvpa_fun" "do_standard" "<Anonymous>" "do.call" "run_searchlight.default" "run_searchlight" "system.time" 
"getDataPart" "slot" "asMethod" "as<-" "initialize" "initialize" "new" "spherical_roi" "<Anonymous>" "[[.deflist" "[[" "FUN" "lapply" "[.deflist" "[" "doTryCatch" "tryCatchOne" "tryCatchList" "tryCatch" "doTryCatch" "tryCatchOne" "tryCatchList" "tryCatch" "mvpa_fun" "do_standard" "<Anonymous>" "do.call" "run_searchlight.default" "run_searchlight" "system.time" 
"checkSlotAssignment" "slot<-" "asMethod" "as" "ncol" "validityMethod" "isTRUE" "anyStrings" "validObject" "initialize" "initialize" "new" "spherical_roi" "<Anonymous>" "[[.deflist" "[[" "FUN" "lapply" "[.deflist" "[" "doTryCatch" "tryCatchOne" "tryCatchList" "tryCatch" "doTryCatch" "tryCatchOne" "tryCatchList" "tryCatch" "mvpa_fun" "do_standard" "<Anonymous>" "do.call" "run_searchlight.default" "run_searchlight" "system.time" 
"validObject" "initialize" "initialize" "new" "spherical_roi" "<Anonymous>" "[[.deflist" "[[" "FUN" "lapply" "[.deflist" "[" "doTryCatch" "tryCatchOne" "tryCatchList" "tryCatch" "doTryCatch" "tryCatchOne" "tryCatchList" "tryCatch" "mvpa_fun" "do_standard" "<Anonymous>" "do.call" "run_searchlight.default" "run_searchlight" "system.time" 
".identC" "possibleExtends" "validObject" "initialize" "initialize" "new" "spherical_roi" "<Anonymous>" "[[.deflist" "[[" "FUN" "lapply" "[.deflist" "[" "doTryCatch" "tryCatchOne" "tryCatchList" "tryCatch" "doTryCatch" "tryCatchOne" "tryCatchList" "tryCatch" "mvpa_fun" "do_standard" "<Anonymous>" "do.call" "run_searchlight.default" "run_searchlight" "system.time" 
"asMethod" "as" "ncol" "validityMethod" "isTRUE" "anyStrings" "validObject" "initialize" "initialize" "new" "spherical_roi" "<Anonymous>" "[[.deflist" "[[" "FUN" "lapply" "[.deflist" "[" "doTryCatch" "tryCatchOne" "tryCatchList" "tryCatch" "doTryCatch" "tryCatchOne" "tryCatchList" "tryCatch" "mvpa_fun" "do_standard" "<Anonymous>" "do.call" "run_searchlight.default" "run_searchlight" "system.time" 
"length" "str.default" "str" "...elt" "withVisible" "capture.output" "flog.namespace" "UseFunction" "flog.logger" ".log_level" "futile.logger::flog.debug" "doTryCatch" "tryCatchOne" "tryCatchList" "tryCatch" "doTryCatch" "tryCatchOne" "tryCatchList" "tryCatch" "mvpa_fun" "do_standard" "<Anonymous>" "do.call" "run_searchlight.default" "run_searchlight" "system.time" 
"gridToIndex3DCpp" ".gridToIndex3D" "neuroim2::grid_to_index" "neuroim2::grid_to_index" "doTryCatch" "tryCatchOne" "tryCatchList" "tryCatch" "FUN" "lapply" ".get_samples" "get_samples.mvpa_dataset" "get_samples" ".prepare_batch_frame" "doTryCatch" "tryCatchOne" "tryCatchList" "tryCatch" "doTryCatch" "tryCatchOne" "tryCatchList" "tryCatch" "mvpa_fun" "do_standard" "<Anonymous>" "do.call" "run_searchlight.default" "run_searchlight" "system.time" 
"lazyLoadDBfetch" "tibble::tibble" ".get_samples" "get_samples.mvpa_dataset" "get_samples" ".prepare_batch_frame" "doTryCatch" "tryCatchOne" "tryCatchList" "tryCatch" "doTryCatch" "tryCatchOne" "tryCatchList" "tryCatch" "mvpa_fun" "do_standard" "<Anonymous>" "do.call" "run_searchlight.default" "run_searchlight" "system.time" 
"proc.time" "doTryCatch" "tryCatchOne" "tryCatchList" "tryCatch" "doTryCatch" "tryCatchOne" "tryCatchList" "tryCatch" "mvpa_fun" "do_standard" "<Anonymous>" "do.call" "run_searchlight.default" "run_searchlight" "system.time" 
"match.call" "doTryCatch" "tryCatchOne" "tryCatchList" "tryCatch" "checkCall" "cmpCall" "cmp" "genCode" "cb$putconst" "cmpCallArgs" "cmpCallSymFun" "cmpCall" "cmp" "genCode" "cb$putconst" "cmpCallArgs" "cmpCallSymFun" "cmpCall" "cmp" "h" "tryInline" "cmpCall" "cmp" "h" "tryInline" "cmpCall" "cmp" "h" "tryInline" "cmpCall" "cmp" "h" "tryInline" "cmpCall" "cmp" "genCode" "cb$putconst" "cmpCallArgs" "cmpCallSymFun" "cmpCall" "cmp" "h" "tryInline" "cmpCall" "cmp" "genCode" "cmpfun" "doTryCatch" "tryCatchOne" "tryCatchList" "tryCatch" "compiler:::tryCmpfun" "worker_impl" "worker_fun" "run_map" "run_future.shard_model_spec" "run_future" "doTryCatch" "tryCatchOne" "tryCatchList" "tryCatch" "doTryCatch" "tryCatchOne" "tryCatchList" "tryCatch" "mvpa_fun" "do_standard" "<Anonymous>" "do.call" "run_searchlight.default" "run_searchlight" "system.time" 
"checkAssign" "h" "tryInline" "cmpCall" "cmp" "h" "tryInline" "cmpCall" "cmp" "genCode" "cb$putconst" "cmpCallArgs" "cmpCallSymFun" "cmpCall" "cmp" "cmpSymbolAssign" "h" "tryInline" "cmpCall" "cmp" "h" "tryInline" "cmpCall" "cmp" "genCode" "h" "tryInline" "cmpCall" "cmp" "genCode" "cb$putconst" "cmpCallArgs" "cmpCallSymFun" "cmpCall" "cmp" "h" "tryInline" "cmpCall" "cmp" "genCode" "cmpfun" "doTryCatch" "tryCatchOne" "tryCatchList" "tryCatch" "compiler:::tryCmpfun" "worker_impl" "worker_fun" "run_map" "run_future.shard_model_spec" "run_future" "doTryCatch" "tryCatchOne" "tryCatchList" "tryCatch" "doTryCatch" "tryCatchOne" "tryCatchList" "tryCatch" "mvpa_fun" "do_standard" "<Anonymous>" "do.call" "run_searchlight.default" "run_searchlight" "system.time" 
"make.toplevelContext" "cmpfun" "doTryCatch" "tryCatchOne" "tryCatchList" "tryCatch" "compiler:::tryCmpfun" "filter_roi.ROIVec" "filter_roi" "doTryCatch" "tryCatchOne" "tryCatchList" "tryCatch" "try" "shard_extract_roi_volumetric" "shard_extract_roi" "doTryCatch" "tryCatchOne" "tryCatchList" "tryCatch" "worker_impl" "worker_fun" "run_map" "run_future.shard_model_spec" "run_future" "doTryCatch" "tryCatchOne" "tryCatchList" "tryCatch" "doTryCatch" "tryCatchOne" "tryCatchList" "tryCatch" "mvpa_fun" "do_standard" "<Anonymous>" "do.call" "run_searchlight.default" "run_searchlight" "system.time" 
"getInlineInfo" "isBaseVar" "getFoldFun" "constantFoldCall" "constantFold" "cmp" "genCode" "cb$putconst" "cmpCallArgs" "cmpCallSymFun" "cmpCall" "cmp" "cmpBuiltinArgs" "h" "tryInline" "cmpCall" "cmp" "cmpSymbolAssign" "h" "tryInline" "cmpCall" "cmp" "h" "tryInline" "cmpCall" "cmp" "h" "tryInline" "cmpCall" "cmp" "h" "tryInline" "cmpCall" "cmp" "h" "tryInline" "cmpCall" "cmp" "h" "tryInline" "cmpCall" "cmp" "genCode" "cmpfun" "doTryCatch" "tryCatchOne" "tryCatchList" "tryCatch" "compiler:::tryCmpfun" "filter_roi.ROIVec" "filter_roi" "doTryCatch" "tryCatchOne" "tryCatchList" "tryCatch" "try" "shard_extract_roi_volumetric" "shard_extract_roi" "doTryCatch" "tryCatchOne" "tryCatchList" "tryCatch" "worker_impl" "worker_fun" "run_map" "run_future.shard_model_spec" "run_future" "doTryCatch" "tryCatchOne" "tryCatchList" "tryCatch" "doTryCatch" "tryCatchOne" "tryCatchList" "tryCatch" "mvpa_fun" "do_standard" "<Anonymous>" "do.call" "run_searchlight.default" "run_searchlight" "system.time" 
"isNamespace" "findHomeNS" "nsName" "getInlineInfo" "isBaseVar" "getFoldFun" "constantFoldCall" "constantFold" "constantFoldCall" "constantFold" "cmp" "genCode" "cb$putconst" "cmpCallArgs" "cmpCallSymFun" "cmpCall" "cmp" "cmpBuiltinArgs" "h" "tryInline" "cmpCall" "cmp" "cmpSymbolAssign" "h" "tryInline" "cmpCall" "cmp" "h" "tryInline" "cmpCall" "cmp" "h" "tryInline" "cmpCall" "cmp" "h" "tryInline" "cmpCall" "cmp" "h" "tryInline" "cmpCall" "cmp" "h" "tryInline" "cmpCall" "cmp" "h" "tryInline" "cmpCall" "cmp" "genCode" "cmpfun" "doTryCatch" "tryCatchOne" "tryCatchList" "tryCatch" "compiler:::tryCmpfun" "filter_roi.ROIVec" "filter_roi" "doTryCatch" "tryCatchOne" "tryCatchList" "tryCatch" "try" "shard_extract_roi_volumetric" "shard_extract_roi" "doTryCatch" "tryCatchOne" "tryCatchList" "tryCatch" "worker_impl" "worker_fun" "run_map" "run_future.shard_model_spec" "run_future" "doTryCatch" "tryCatchOne" "tryCatchList" "tryCatch" "doTryCatch" "tryCatchOne" "tryCatchList" "tryCatch" "mvpa_fun" "do_standard" "<Anonymous>" "do.call" "run_searchlight.default" "run_searchlight" "system.time" 
"as.list" "lapply" "FUN" "lapply" "findLocalsList1" "findLocalsList" "funEnv" "make.functionContext" "cmpfun" "doTryCatch" "tryCatchOne" "tryCatchList" "tryCatch" "compiler:::tryCmpfun" "process_roi.default" "process_roi" "doTryCatch" "tryCatchOne" "tryCatchList" "tryCatch" "worker_impl" "worker_fun" "run_map" "run_future.shard_model_spec" "run_future" "doTryCatch" "tryCatchOne" "tryCatchList" "tryCatch" "doTryCatch" "tryCatchOne" "tryCatchList" "tryCatch" "mvpa_fun" "do_standard" "<Anonymous>" "do.call" "run_searchlight.default" "run_searchlight" "system.time" 
"structure" "make.toplevelContext" "make.functionContext" "h" "tryInline" "cmpCall" "cmp" "genCode" "cb$putconst" "cmpCallArgs" "cmpCallSymFun" "cmpCall" "cmp" "cmpSymbolAssign" "h" "tryInline" "cmpCall" "cmp" "h" "tryInline" "cmpCall" "cmp" "h" "tryInline" "cmpCall" "cmp" "h" "tryInline" "cmpCall" "cmp" "h" "tryInline" "cmpCall" "cmp" "h" "tryInline" "cmpCall" "cmp" "h" "tryInline" "cmpCall" "cmp" "genCode" "cmpfun" "doTryCatch" "tryCatchOne" "tryCatchList" "tryCatch" "compiler:::tryCmpfun" "process_roi.default" "process_roi" "doTryCatch" "tryCatchOne" "tryCatchList" "tryCatch" "worker_impl" "worker_fun" "run_map" "run_future.shard_model_spec" "run_future" "doTryCatch" "tryCatchOne" "tryCatchList" "tryCatch" "doTryCatch" "tryCatchOne" "tryCatchList" "tryCatch" "mvpa_fun" "do_standard" "<Anonymous>" "do.call" "run_searchlight.default" "run_searchlight" "system.time" 
"cmpSym" "cmp" "h" "tryInline" "cmpCall" "cmp" "h" "tryInline" "cmpCall" "cmp" "genCode" "cb$putconst" "cmpCallArgs" "cmpCallSymFun" "cmpCall" "cmp" "cmpSymbolAssign" "h" "tryInline" "cmpCall" "cmp" "h" "tryInline" "cmpCall" "cmp" "h" "tryInline" "cmpCall" "cmp" "h" "tryInline" "cmpCall" "cmp" "genCode" "cmpfun" "doTryCatch" "tryCatchOne" "tryCatchList" "tryCatch" "compiler:::tryCmpfun" "train_model.rsa_model" "train_model" "doTryCatch" "tryCatchOne" "tryCatchList" "tryCatch" "fit_roi.rsa_model" "fit_roi" "doTryCatch" "tryCatchOne" "tryCatchList" "tryCatch" "process_roi.default" "process_roi" "doTryCatch" "tryCatchOne" "tryCatchList" "tryCatch" "worker_impl" "worker_fun" "run_map" "run_future.shard_model_spec" "run_future" "doTryCatch" "tryCatchOne" "tryCatchList" "tryCatch" "doTryCatch" "tryCatchOne" "tryCatchList" "tryCatch" "mvpa_fun" "do_standard" "<Anonymous>" "do.call" "run_searchlight.default" "run_searchlight" "system.time" 
"isNamespace" "findHomeNS" "nsName" "getInlineInfo" "tryInline" "cmpCall" "cmp" "cmpIs" "h" "tryInline" "cmpCall" "cmp" "cmpPrim1" "h" "tryInline" "cmpCall" "cmp" "h" "tryInline" "cmpCall" "cmp" "h" "tryInline" "cmpCall" "cmp" "h" "tryInline" "cmpCall" "cmp" "h" "tryInline" "cmpCall" "cmp" "h" "tryInline" "cmpCall" "cmp" "h" "tryInline" "cmpCall" "cmp" "cmpSymbolAssign" "h" "tryInline" "cmpCall" "cmp" "h" "tryInline" "cmpCall" "cmp" "genCode" "cmpfun" "doTryCatch" "tryCatchOne" "tryCatchList" "tryCatch" "compiler:::tryCmpfun" "train_model.rsa_model" "train_model" "doTryCatch" "tryCatchOne" "tryCatchList" "tryCatch" "fit_roi.rsa_model" "fit_roi" "doTryCatch" "tryCatchOne" "tryCatchList" "tryCatch" "process_roi.default" "process_roi" "doTryCatch" "tryCatchOne" "tryCatchList" "tryCatch" "worker_impl" "worker_fun" "run_map" "run_future.shard_model_spec" "run_future" "doTryCatch" "tryCatchOne" "tryCatchList" "tryCatch" "doTryCatch" "tryCatchOne" "tryCatchList" "tryCatch" "mvpa_fun" "do_standard" "<Anonymous>" "do.call" "run_searchlight.default" "run_searchlight" "system.time" 
"as.list" "lapply" "FUN" "lapply" "findLocalsList1" "findLocalsList" "funEnv" "make.functionContext" "cmpfun" "doTryCatch" "tryCatchOne" "tryCatchList" "tryCatch" "compiler:::tryCmpfun" ".validate_fit_roi_schema" "doTryCatch" "tryCatchOne" "tryCatchList" "tryCatch" "process_roi.default" "process_roi" "doTryCatch" "tryCatchOne" "tryCatchList" "tryCatch" "worker_impl" "worker_fun" "run_map" "run_future.shard_model_spec" "run_future" "doTryCatch" "tryCatchOne" "tryCatchList" "tryCatch" "doTryCatch" "tryCatchOne" "tryCatchList" "tryCatch" "mvpa_fun" "do_standard" "<Anonymous>" "do.call" "run_searchlight.default" "run_searchlight" "system.time" 
"which" ".filter_roi_stats_fast" ".filter_roi_stats" "filter_roi.ROIVec" "filter_roi" "doTryCatch" "tryCatchOne" "tryCatchList" "tryCatch" "try" "shard_extract_roi_volumetric" "shard_extract_roi" "doTryCatch" "tryCatchOne" "tryCatchList" "tryCatch" "worker_impl" "worker_fun" "run_map" "run_future.shard_model_spec" "run_future" "doTryCatch" "tryCatchOne" "tryCatchList" "tryCatch" "doTryCatch" "tryCatchOne" "tryCatchList" "tryCatch" "mvpa_fun" "do_standard" "<Anonymous>" "do.call" "run_searchlight.default" "run_searchlight" "system.time" 
".filter_roi_stats_fast" ".filter_roi_stats" "filter_roi.ROIVec" "filter_roi" "doTryCatch" "tryCatchOne" "tryCatchList" "tryCatch" "try" "shard_extract_roi_volumetric" "shard_extract_roi" "doTryCatch" "tryCatchOne" "tryCatchList" "tryCatch" "worker_impl" "worker_fun" "run_map" "run_future.shard_model_spec" "run_future" "doTryCatch" "tryCatchOne" "tryCatchList" "tryCatch" "doTryCatch" "tryCatchOne" "tryCatchList" "tryCatch" "mvpa_fun" "do_standard" "<Anonymous>" "do.call" "run_searchlight.default" "run_searchlight" "system.time" 
".filter_roi_stats_fast" ".filter_roi_stats" "filter_roi.ROIVec" "filter_roi" "doTryCatch" "tryCatchOne" "tryCatchList" "tryCatch" "try" "shard_extract_roi_volumetric" "shard_extract_roi" "doTryCatch" "tryCatchOne" "tryCatchList" "tryCatch" "worker_impl" "worker_fun" "run_map" "run_future.shard_model_spec" "run_future" "doTryCatch" "tryCatchOne" "tryCatchList" "tryCatch" "doTryCatch" "tryCatchOne" "tryCatchList" "tryCatch" "mvpa_fun" "do_standard" "<Anonymous>" "do.call" "run_searchlight.default" "run_searchlight" "system.time" 
".filter_roi_stats_fast" ".filter_roi_stats" "filter_roi.ROIVec" "filter_roi" "doTryCatch" "tryCatchOne" "tryCatchList" "tryCatch" "try" "shard_extract_roi_volumetric" "shard_extract_roi" "doTryCatch" "tryCatchOne" "tryCatchList" "tryCatch" "worker_impl" "worker_fun" "run_map" "run_future.shard_model_spec" "run_future" "doTryCatch" "tryCatchOne" "tryCatchList" "tryCatch" "doTryCatch" "tryCatchOne" "tryCatchList" "tryCatch" "mvpa_fun" "do_standard" "<Anonymous>" "do.call" "run_searchlight.default" "run_searchlight" "system.time" 
"callNextMethod" "initialize" "initialize" "new" "neuroim2::ROIVec" "shard_extract_roi_volumetric" "shard_extract_roi" "doTryCatch" "tryCatchOne" "tryCatchList" "tryCatch" "worker_impl" "worker_fun" "run_map" "run_future.shard_model_spec" "run_future" "doTryCatch" "tryCatchOne" "tryCatchList" "tryCatch" "doTryCatch" "tryCatchOne" "tryCatchList" "tryCatch" "mvpa_fun" "do_standard" "<Anonymous>" "do.call" "run_searchlight.default" "run_searchlight" "system.time" 
"paste" ".fillSignatures" ".findInheritedMethods" ".findNextFromTable" "addNextMethod" "addNextMethod" "callNextMethod" ".nextMethod" "callNextMethod" "initialize" "initialize" "new" "neuroim2::ROIVec" "shard_extract_roi_volumetric" "shard_extract_roi" "doTryCatch" "tryCatchOne" "tryCatchList" "tryCatch" "worker_impl" "worker_fun" "run_map" "run_future.shard_model_spec" "run_future" "doTryCatch" "tryCatchOne" "tryCatchList" "tryCatch" "doTryCatch" "tryCatchOne" "tryCatchList" "tryCatch" "mvpa_fun" "do_standard" "<Anonymous>" "do.call" "run_searchlight.default" "run_searchlight" "system.time" 
"pmin" ".filter_roi_stats_fast" ".filter_roi_stats" "filter_roi.ROIVec" "filter_roi" "doTryCatch" "tryCatchOne" "tryCatchList" "tryCatch" "try" "shard_extract_roi_volumetric" "shard_extract_roi" "doTryCatch" "tryCatchOne" "tryCatchList" "tryCatch" "worker_impl" "worker_fun" "run_map" "run_future.shard_model_spec" "run_future" "doTryCatch" "tryCatchOne" "tryCatchList" "tryCatch" "doTryCatch" "tryCatchOne" "tryCatchList" "tryCatch" "mvpa_fun" "do_standard" "<Anonymous>" "do.call" "run_searchlight.default" "run_searchlight" "system.time" 
"arrayInd" "shard_extract_roi_volumetric" "shard_extract_roi" "doTryCatch" "tryCatchOne" "tryCatchList" "tryCatch" "worker_impl" "worker_fun" "run_map" "run_future.shard_model_spec" "run_future" "doTryCatch" "tryCatchOne" "tryCatchList" "tryCatch" "doTryCatch" "tryCatchOne" "tryCatchList" "tryCatch" "mvpa_fun" "do_standard" "<Anonymous>" "do.call" "run_searchlight.default" "run_searchlight" "system.time" 
"tibble_quos" "tibble::tibble" "roi_result_to_tibble" "process_roi.default" "process_roi" "doTryCatch" "tryCatchOne" "tryCatchList" "tryCatch" "worker_impl" "worker_fun" "run_map" "run_future.shard_model_spec" "run_future" "doTryCatch" "tryCatchOne" "tryCatchList" "tryCatch" "doTryCatch" "tryCatchOne" "tryCatchList" "tryCatch" "mvpa_fun" "do_standard" "<Anonymous>" "do.call" "run_searchlight.default" "run_searchlight" "system.time" 
"getClassDef" "validObject" ".nextMethod" "callNextMethod" ".nextMethod" "callNextMethod" "initialize" "initialize" "new" "neuroim2::ROIVec" "shard_extract_roi_volumetric" "shard_extract_roi" "doTryCatch" "tryCatchOne" "tryCatchList" "tryCatch" "worker_impl" "worker_fun" "run_map" "run_future.shard_model_spec" "run_future" "doTryCatch" "tryCatchOne" "tryCatchList" "tryCatch" "doTryCatch" "tryCatchOne" "tryCatchList" "tryCatch" "mvpa_fun" "do_standard" "<Anonymous>" "do.call" "run_searchlight.default" "run_searchlight" "system.time" 
"pmax" ".filter_roi_stats_fast" ".filter_roi_stats" "filter_roi.ROIVec" "filter_roi" "doTryCatch" "tryCatchOne" "tryCatchList" "tryCatch" "try" "shard_extract_roi_volumetric" "shard_extract_roi" "doTryCatch" "tryCatchOne" "tryCatchList" "tryCatch" "worker_impl" "worker_fun" "run_map" "run_future.shard_model_spec" "run_future" "doTryCatch" "tryCatchOne" "tryCatchList" "tryCatch" "doTryCatch" "tryCatchOne" "tryCatchList" "tryCatch" "mvpa_fun" "do_standard" "<Anonymous>" "do.call" "run_searchlight.default" "run_searchlight" "system.time" 
"pmin" ".filter_roi_stats_fast" ".filter_roi_stats" "filter_roi.ROIVec" "filter_roi" "doTryCatch" "tryCatchOne" "tryCatchList" "tryCatch" "try" "shard_extract_roi_volumetric" "shard_extract_roi" "doTryCatch" "tryCatchOne" "tryCatchList" "tryCatch" "worker_impl" "worker_fun" "run_map" "run_future.shard_model_spec" "run_future" "doTryCatch" "tryCatchOne" "tryCatchList" "tryCatch" "doTryCatch" "tryCatchOne" "tryCatchList" "tryCatch" "mvpa_fun" "do_standard" "<Anonymous>" "do.call" "run_searchlight.default" "run_searchlight" "system.time" 
"pmax" ".filter_roi_stats_fast" ".filter_roi_stats" "filter_roi.ROIVec" "filter_roi" "doTryCatch" "tryCatchOne" "tryCatchList" "tryCatch" "try" "shard_extract_roi_volumetric" "shard_extract_roi" "doTryCatch" "tryCatchOne" "tryCatchList" "tryCatch" "worker_impl" "worker_fun" "run_map" "run_future.shard_model_spec" "run_future" "doTryCatch" "tryCatchOne" "tryCatchList" "tryCatch" "doTryCatch" "tryCatchOne" "tryCatchList" "tryCatch" "mvpa_fun" "do_standard" "<Anonymous>" "do.call" "run_searchlight.default" "run_searchlight" "system.time" 
"tryCatch" "try" "shard_extract_roi_volumetric" "shard_extract_roi" "doTryCatch" "tryCatchOne" "tryCatchList" "tryCatch" "worker_impl" "worker_fun" "run_map" "run_future.shard_model_spec" "run_future" "doTryCatch" "tryCatchOne" "tryCatchList" "tryCatch" "doTryCatch" "tryCatchOne" "tryCatchList" "tryCatch" "mvpa_fun" "do_standard" "<Anonymous>" "do.call" "run_searchlight.default" "run_searchlight" "system.time" 
"is.data.frame" "add_to_env2" "tibble_quos" "tibble::tibble" "roi_result_to_tibble" "process_roi.default" "process_roi" "doTryCatch" "tryCatchOne" "tryCatchList" "tryCatch" "worker_impl" "worker_fun" "run_map" "run_future.shard_model_spec" "run_future" "doTryCatch" "tryCatchOne" "tryCatchList" "tryCatch" "doTryCatch" "tryCatchOne" "tryCatchList" "tryCatch" "mvpa_fun" "do_standard" "<Anonymous>" "do.call" "run_searchlight.default" "run_searchlight" "system.time" 
".filter_roi_stats_fast" ".filter_roi_stats" "filter_roi.ROIVec" "filter_roi" "doTryCatch" "tryCatchOne" "tryCatchList" "tryCatch" "try" "shard_extract_roi_volumetric" "shard_extract_roi" "doTryCatch" "tryCatchOne" "tryCatchList" "tryCatch" "worker_impl" "worker_fun" "run_map" "run_future.shard_model_spec" "run_future" "doTryCatch" "tryCatchOne" "tryCatchList" "tryCatch" "doTryCatch" "tryCatchOne" "tryCatchList" "tryCatch" "mvpa_fun" "do_standard" "<Anonymous>" "do.call" "run_searchlight.default" "run_searchlight" "system.time" 
"shard_extract_roi_volumetric" "shard_extract_roi" "doTryCatch" "tryCatchOne" "tryCatchList" "tryCatch" "worker_impl" "worker_fun" "run_map" "run_future.shard_model_spec" "run_future" "doTryCatch" "tryCatchOne" "tryCatchList" "tryCatch" "doTryCatch" "tryCatchOne" "tryCatchList" "tryCatch" "mvpa_fun" "do_standard" "<Anonymous>" "do.call" "run_searchlight.default" "run_searchlight" "system.time" 
"pmax" ".filter_roi_stats_fast" ".filter_roi_stats" "filter_roi.ROIVec" "filter_roi" "doTryCatch" "tryCatchOne" "tryCatchList" "tryCatch" "try" "shard_extract_roi_volumetric" "shard_extract_roi" "doTryCatch" "tryCatchOne" "tryCatchList" "tryCatch" "worker_impl" "worker_fun" "run_map" "run_future.shard_model_spec" "run_future" "doTryCatch" "tryCatchOne" "tryCatchList" "tryCatch" "doTryCatch" "tryCatchOne" "tryCatchList" "tryCatch" "mvpa_fun" "do_standard" "<Anonymous>" "do.call" "run_searchlight.default" "run_searchlight" "system.time" 
"arrayInd" "shard_extract_roi_volumetric" "shard_extract_roi" "doTryCatch" "tryCatchOne" "tryCatchList" "tryCatch" "worker_impl" "worker_fun" "run_map" "run_future.shard_model_spec" "run_future" "doTryCatch" "tryCatchOne" "tryCatchList" "tryCatch" "doTryCatch" "tryCatchOne" "tryCatchList" "tryCatch" "mvpa_fun" "do_standard" "<Anonymous>" "do.call" "run_searchlight.default" "run_searchlight" "system.time" 
".filter_roi_stats_fast" ".filter_roi_stats" "filter_roi.ROIVec" "filter_roi" "doTryCatch" "tryCatchOne" "tryCatchList" "tryCatch" "try" "shard_extract_roi_volumetric" "shard_extract_roi" "doTryCatch" "tryCatchOne" "tryCatchList" "tryCatch" "worker_impl" "worker_fun" "run_map" "run_future.shard_model_spec" "run_future" "doTryCatch" "tryCatchOne" "tryCatchList" "tryCatch" "doTryCatch" "tryCatchOne" "tryCatchList" "tryCatch" "mvpa_fun" "do_standard" "<Anonymous>" "do.call" "run_searchlight.default" "run_searchlight" "system.time" 
"!" "sanitize_shard_indices" "shard_extract_roi_volumetric" "shard_extract_roi" "doTryCatch" "tryCatchOne" "tryCatchList" "tryCatch" "worker_impl" "worker_fun" "run_map" "run_future.shard_model_spec" "run_future" "doTryCatch" "tryCatchOne" "tryCatchList" "tryCatch" "doTryCatch" "tryCatchOne" "tryCatchList" "tryCatch" "mvpa_fun" "do_standard" "<Anonymous>" "do.call" "run_searchlight.default" "run_searchlight" "system.time" 
".filter_roi_stats_fast" ".filter_roi_stats" "filter_roi.ROIVec" "filter_roi" "doTryCatch" "tryCatchOne" "tryCatchList" "tryCatch" "try" "shard_extract_roi_volumetric" "shard_extract_roi" "doTryCatch" "tryCatchOne" "tryCatchList" "tryCatch" "worker_impl" "worker_fun" "run_map" "run_future.shard_model_spec" "run_future" "doTryCatch" "tryCatchOne" "tryCatchList" "tryCatch" "doTryCatch" "tryCatchOne" "tryCatchList" "tryCatch" "mvpa_fun" "do_standard" "<Anonymous>" "do.call" "run_searchlight.default" "run_searchlight" "system.time" 
"list" "doTryCatch" "tryCatchOne" "tryCatchList" "tryCatch" "try" "validObject" "initialize" "initialize" "new" ".findNextFromTable" "addNextMethod" "addNextMethod" "callNextMethod" ".nextMethod" "callNextMethod" "initialize" "initialize" "new" "ROIVec" "filter_roi.ROIVec" "filter_roi" "doTryCatch" "tryCatchOne" "tryCatchList" "tryCatch" "try" "shard_extract_roi_volumetric" "shard_extract_roi" "doTryCatch" "tryCatchOne" "tryCatchList" "tryCatch" "worker_impl" "worker_fun" "run_map" "run_future.shard_model_spec" "run_future" "doTryCatch" "tryCatchOne" "tryCatchList" "tryCatch" "doTryCatch" "tryCatchOne" "tryCatchList" "tryCatch" "mvpa_fun" "do_standard" "<Anonymous>" "do.call" "run_searchlight.default" "run_searchlight" "system.time" 
"callNextMethod" "methods:::loadMethod" "methods:::loadMethod" "initialize" "new" "neuroim2::ROIVec" "shard_extract_roi_volumetric" "shard_extract_roi" "doTryCatch" "tryCatchOne" "tryCatchList" "tryCatch" "worker_impl" "worker_fun" "run_map" "run_future.shard_model_spec" "run_future" "doTryCatch" "tryCatchOne" "tryCatchList" "tryCatch" "doTryCatch" "tryCatchOne" "tryCatchList" "tryCatch" "mvpa_fun" "do_standard" "<Anonymous>" "do.call" "run_searchlight.default" "run_searchlight" "system.time" 
"exists" "findGeneric" "utils::getS3method" ".has_fit_roi" "process_roi.default" "process_roi" "doTryCatch" "tryCatchOne" "tryCatchList" "tryCatch" "worker_impl" "worker_fun" "run_map" "run_future.shard_model_spec" "run_future" "doTryCatch" "tryCatchOne" "tryCatchList" "tryCatch" "doTryCatch" "tryCatchOne" "tryCatchList" "tryCatch" "mvpa_fun" "do_standard" "<Anonymous>" "do.call" "run_searchlight.default" "run_searchlight" "system.time" 
"shard_extract_roi_volumetric" "shard_extract_roi" "doTryCatch" "tryCatchOne" "tryCatchList" "tryCatch" "worker_impl" "worker_fun" "run_map" "run_future.shard_model_spec" "run_future" "doTryCatch" "tryCatchOne" "tryCatchList" "tryCatch" "doTryCatch" "tryCatchOne" "tryCatchList" "tryCatch" "mvpa_fun" "do_standard" "<Anonymous>" "do.call" "run_searchlight.default" "run_searchlight" "system.time" 
"pmin" ".filter_roi_stats_fast" ".filter_roi_stats" "filter_roi.ROIVec" "filter_roi" "doTryCatch" "tryCatchOne" "tryCatchList" "tryCatch" "try" "shard_extract_roi_volumetric" "shard_extract_roi" "doTryCatch" "tryCatchOne" "tryCatchList" "tryCatch" "worker_impl" "worker_fun" "run_map" "run_future.shard_model_spec" "run_future" "doTryCatch" "tryCatchOne" "tryCatchList" "tryCatch" "doTryCatch" "tryCatchOne" "tryCatchList" "tryCatch" "mvpa_fun" "do_standard" "<Anonymous>" "do.call" "run_searchlight.default" "run_searchlight" "system.time" 
"utils::getS3method" ".has_fit_roi" "process_roi.default" "process_roi" "doTryCatch" "tryCatchOne" "tryCatchList" "tryCatch" "worker_impl" "worker_fun" "run_map" "run_future.shard_model_spec" "run_future" "doTryCatch" "tryCatchOne" "tryCatchList" "tryCatch" "doTryCatch" "tryCatchOne" "tryCatchList" "tryCatch" "mvpa_fun" "do_standard" "<Anonymous>" "do.call" "run_searchlight.default" "run_searchlight" "system.time" 
".filter_roi_stats_fast" ".filter_roi_stats" "filter_roi.ROIVec" "filter_roi" "doTryCatch" "tryCatchOne" "tryCatchList" "tryCatch" "try" "shard_extract_roi_volumetric" "shard_extract_roi" "doTryCatch" "tryCatchOne" "tryCatchList" "tryCatch" "worker_impl" "worker_fun" "run_map" "run_future.shard_model_spec" "run_future" "doTryCatch" "tryCatchOne" "tryCatchList" "tryCatch" "doTryCatch" "tryCatchOne" "tryCatchList" "tryCatch" "mvpa_fun" "do_standard" "<Anonymous>" "do.call" "run_searchlight.default" "run_searchlight" "system.time" 
".findInheritedMethods" ".findNextFromTable" "addNextMethod" "addNextMethod" "callNextMethod" ".nextMethod" "callNextMethod" "initialize" "initialize" "new" "ROIVec" "filter_roi.ROIVec" "filter_roi" "doTryCatch" "tryCatchOne" "tryCatchList" "tryCatch" "try" "shard_extract_roi_volumetric" "shard_extract_roi" "doTryCatch" "tryCatchOne" "tryCatchList" "tryCatch" "worker_impl" "worker_fun" "run_map" "run_future.shard_model_spec" "run_future" "doTryCatch" "tryCatchOne" "tryCatchList" "tryCatch" "doTryCatch" "tryCatchOne" "tryCatchList" "tryCatch" "mvpa_fun" "do_standard" "<Anonymous>" "do.call" "run_searchlight.default" "run_searchlight" "system.time" 
"sanitize_shard_indices" "shard_extract_roi_volumetric" "shard_extract_roi" "doTryCatch" "tryCatchOne" "tryCatchList" "tryCatch" "worker_impl" "worker_fun" "run_map" "run_future.shard_model_spec" "run_future" "doTryCatch" "tryCatchOne" "tryCatchList" "tryCatch" "doTryCatch" "tryCatchOne" "tryCatchList" "tryCatch" "mvpa_fun" "do_standard" "<Anonymous>" "do.call" "run_searchlight.default" "run_searchlight" "system.time" 
"pmax" ".filter_roi_stats_fast" ".filter_roi_stats" "filter_roi.ROIVec" "filter_roi" "doTryCatch" "tryCatchOne" "tryCatchList" "tryCatch" "try" "shard_extract_roi_volumetric" "shard_extract_roi" "doTryCatch" "tryCatchOne" "tryCatchList" "tryCatch" "worker_impl" "worker_fun" "run_map" "run_future.shard_model_spec" "run_future" "doTryCatch" "tryCatchOne" "tryCatchList" "tryCatch" "doTryCatch" "tryCatchOne" "tryCatchList" "tryCatch" "mvpa_fun" "do_standard" "<Anonymous>" "do.call" "run_searchlight.default" "run_searchlight" "system.time" 
".filter_roi_stats_fast" ".filter_roi_stats" "filter_roi.ROIVec" "filter_roi" "doTryCatch" "tryCatchOne" "tryCatchList" "tryCatch" "try" "shard_extract_roi_volumetric" "shard_extract_roi" "doTryCatch" "tryCatchOne" "tryCatchList" "tryCatch" "worker_impl" "worker_fun" "run_map" "run_future.shard_model_spec" "run_future" "doTryCatch" "tryCatchOne" "tryCatchList" "tryCatch" "doTryCatch" "tryCatchOne" "tryCatchList" "tryCatch" "mvpa_fun" "do_standard" "<Anonymous>" "do.call" "run_searchlight.default" "run_searchlight" "system.time" 
".filter_roi_stats_fast" ".filter_roi_stats" "filter_roi.ROIVec" "filter_roi" "doTryCatch" "tryCatchOne" "tryCatchList" "tryCatch" "try" "shard_extract_roi_volumetric" "shard_extract_roi" "doTryCatch" "tryCatchOne" "tryCatchList" "tryCatch" "worker_impl" "worker_fun" "run_map" "run_future.shard_model_spec" "run_future" "doTryCatch" "tryCatchOne" "tryCatchList" "tryCatch" "doTryCatch" "tryCatchOne" "tryCatchList" "tryCatch" "mvpa_fun" "do_standard" "<Anonymous>" "do.call" "run_searchlight.default" "run_searchlight" "system.time" 
"getDataPart" "slot" "asMethod" "as<-" "initialize" "initialize" "new" ".findNextFromTable" "addNextMethod" "addNextMethod" "callNextMethod" ".nextMethod" "callNextMethod" "initialize" "initialize" "new" "neuroim2::ROIVec" "shard_extract_roi_volumetric" "shard_extract_roi" "doTryCatch" "tryCatchOne" "tryCatchList" "tryCatch" "worker_impl" "worker_fun" "run_map" "run_future.shard_model_spec" "run_future" "doTryCatch" "tryCatchOne" "tryCatchList" "tryCatch" "doTryCatch" "tryCatchOne" "tryCatchList" "tryCatch" "mvpa_fun" "do_standard" "<Anonymous>" "do.call" "run_searchlight.default" "run_searchlight" "system.time" 
"pmax" ".filter_roi_stats_fast" ".filter_roi_stats" "filter_roi.ROIVec" "filter_roi" "doTryCatch" "tryCatchOne" "tryCatchList" "tryCatch" "try" "shard_extract_roi_volumetric" "shard_extract_roi" "doTryCatch" "tryCatchOne" "tryCatchList" "tryCatch" "worker_impl" "worker_fun" "run_map" "run_future.shard_model_spec" "run_future" "doTryCatch" "tryCatchOne" "tryCatchList" "tryCatch" "doTryCatch" "tryCatchOne" "tryCatchList" "tryCatch" "mvpa_fun" "do_standard" "<Anonymous>" "do.call" "run_searchlight.default" "run_searchlight" "system.time" 
".filter_roi_stats_fast" ".filter_roi_stats" "filter_roi.ROIVec" "filter_roi" "doTryCatch" "tryCatchOne" "tryCatchList" "tryCatch" "try" "shard_extract_roi_volumetric" "shard_extract_roi" "doTryCatch" "tryCatchOne" "tryCatchList" "tryCatch" "worker_impl" "worker_fun" "run_map" "run_future.shard_model_spec" "run_future" "doTryCatch" "tryCatchOne" "tryCatchList" "tryCatch" "doTryCatch" "tryCatchOne" "tryCatchList" "tryCatch" "mvpa_fun" "do_standard" "<Anonymous>" "do.call" "run_searchlight.default" "run_searchlight" "system.time" 
"...length" "stopifnot" "glue_data" "glue::glue" ".name_spec" "<Anonymous>" ".External2" "vec_c" "splice_dfs" "tibble_quos" "tibble::tibble" "roi_result_to_tibble" "process_roi.default" "process_roi" "doTryCatch" "tryCatchOne" "tryCatchList" "tryCatch" "worker_impl" "worker_fun" "run_map" "run_future.shard_model_spec" "run_future" "doTryCatch" "tryCatchOne" "tryCatchList" "tryCatch" "doTryCatch" "tryCatchOne" "tryCatchList" "tryCatch" "mvpa_fun" "do_standard" "<Anonymous>" "do.call" "run_searchlight.default" "run_searchlight" "system.time" 
"as.matrix" ".gridToIndex" "neuroim2::indices" "neuroim2::indices" "process_roi.default" "process_roi" "doTryCatch" "tryCatchOne" "tryCatchList" "tryCatch" "worker_impl" "worker_fun" "run_map" "run_future.shard_model_spec" "run_future" "doTryCatch" "tryCatchOne" "tryCatchList" "tryCatch" "doTryCatch" "tryCatchOne" "tryCatchList" "tryCatch" "mvpa_fun" "do_standard" "<Anonymous>" "do.call" "run_searchlight.default" "run_searchlight" "system.time" 
"extends" "initialize" "initialize" "new" ".findNextFromTable" "addNextMethod" "addNextMethod" "callNextMethod" ".nextMethod" "callNextMethod" "initialize" "initialize" "new" "neuroim2::ROIVec" "shard_extract_roi_volumetric" "shard_extract_roi" "doTryCatch" "tryCatchOne" "tryCatchList" "tryCatch" "worker_impl" "worker_fun" "run_map" "run_future.shard_model_spec" "run_future" "doTryCatch" "tryCatchOne" "tryCatchList" "tryCatch" "doTryCatch" "tryCatchOne" "tryCatchList" "tryCatch" "mvpa_fun" "do_standard" "<Anonymous>" "do.call" "run_searchlight.default" "run_searchlight" "system.time" 
"shard_extract_roi_volumetric" "shard_extract_roi" "doTryCatch" "tryCatchOne" "tryCatchList" "tryCatch" "worker_impl" "worker_fun" "run_map" "run_future.shard_model_spec" "run_future" "doTryCatch" "tryCatchOne" "tryCatchList" "tryCatch" "doTryCatch" "tryCatchOne" "tryCatchList" "tryCatch" "mvpa_fun" "do_standard" "<Anonymous>" "do.call" "run_searchlight.default" "run_searchlight" "system.time" 
"pmin" ".filter_roi_stats_fast" ".filter_roi_stats" "filter_roi.ROIVec" "filter_roi" "doTryCatch" "tryCatchOne" "tryCatchList" "tryCatch" "try" "shard_extract_roi_volumetric" "shard_extract_roi" "doTryCatch" "tryCatchOne" "tryCatchList" "tryCatch" "worker_impl" "worker_fun" "run_map" "run_future.shard_model_spec" "run_future" "doTryCatch" "tryCatchOne" "tryCatchList" "tryCatch" "doTryCatch" "tryCatchOne" "tryCatchList" "tryCatch" "mvpa_fun" "do_standard" "<Anonymous>" "do.call" "run_searchlight.default" "run_searchlight" "system.time" 
"shard_extract_roi_volumetric" "shard_extract_roi" "doTryCatch" "tryCatchOne" "tryCatchList" "tryCatch" "worker_impl" "worker_fun" "run_map" "run_future.shard_model_spec" "run_future" "doTryCatch" "tryCatchOne" "tryCatchList" "tryCatch" "doTryCatch" "tryCatchOne" "tryCatchList" "tryCatch" "mvpa_fun" "do_standard" "<Anonymous>" "do.call" "run_searchlight.default" "run_searchlight" "system.time" 
".filter_roi_stats_fast" ".filter_roi_stats" "filter_roi.ROIVec" "filter_roi" "doTryCatch" "tryCatchOne" "tryCatchList" "tryCatch" "try" "shard_extract_roi_volumetric" "shard_extract_roi" "doTryCatch" "tryCatchOne" "tryCatchList" "tryCatch" "worker_impl" "worker_fun" "run_map" "run_future.shard_model_spec" "run_future" "doTryCatch" "tryCatchOne" "tryCatchList" "tryCatch" "doTryCatch" "tryCatchOne" "tryCatchList" "tryCatch" "mvpa_fun" "do_standard" "<Anonymous>" "do.call" "run_searchlight.default" "run_searchlight" "system.time" 
".filter_roi_stats_fast" ".filter_roi_stats" "filter_roi.ROIVec" "filter_roi" "doTryCatch" "tryCatchOne" "tryCatchList" "tryCatch" "try" "shard_extract_roi_volumetric" "shard_extract_roi" "doTryCatch" "tryCatchOne" "tryCatchList" "tryCatch" "worker_impl" "worker_fun" "run_map" "run_future.shard_model_spec" "run_future" "doTryCatch" "tryCatchOne" "tryCatchList" "tryCatch" "doTryCatch" "tryCatchOne" "tryCatchList" "tryCatch" "mvpa_fun" "do_standard" "<Anonymous>" "do.call" "run_searchlight.default" "run_searchlight" "system.time" 
"c" "tools::nonS3methods" "utils::getS3method" ".has_fit_roi" "process_roi.default" "process_roi" "doTryCatch" "tryCatchOne" "tryCatchList" "tryCatch" "worker_impl" "worker_fun" "run_map" "run_future.shard_model_spec" "run_future" "doTryCatch" "tryCatchOne" "tryCatchList" "tryCatch" "doTryCatch" "tryCatchOne" "tryCatchList" "tryCatch" "mvpa_fun" "do_standard" "<Anonymous>" "do.call" "run_searchlight.default" "run_searchlight" "system.time" 
"grep" "detect_dot_dot" "validate_unique" "<Anonymous>" "vec_as_names" "withCallingHandlers" "subclass_name_repair_errors" "repaired_names" "set_repaired_names" "tibble_quos" "tibble::tibble" "roi_result_to_tibble" "process_roi.default" "process_roi" "doTryCatch" "tryCatchOne" "tryCatchList" "tryCatch" "worker_impl" "worker_fun" "run_map" "run_future.shard_model_spec" "run_future" "doTryCatch" "tryCatchOne" "tryCatchList" "tryCatch" "doTryCatch" "tryCatchOne" "tryCatchList" "tryCatch" "mvpa_fun" "do_standard" "<Anonymous>" "do.call" "run_searchlight.default" "run_searchlight" "system.time" 
"pmin" ".filter_roi_stats_fast" ".filter_roi_stats" "filter_roi.ROIVec" "filter_roi" "doTryCatch" "tryCatchOne" "tryCatchList" "tryCatch" "try" "shard_extract_roi_volumetric" "shard_extract_roi" "doTryCatch" "tryCatchOne" "tryCatchList" "tryCatch" "worker_impl" "worker_fun" "run_map" "run_future.shard_model_spec" "run_future" "doTryCatch" "tryCatchOne" "tryCatchList" "tryCatch" "doTryCatch" "tryCatchOne" "tryCatchList" "tryCatch" "mvpa_fun" "do_standard" "<Anonymous>" "do.call" "run_searchlight.default" "run_searchlight" "system.time" 
"shard_extract_roi_volumetric" "shard_extract_roi" "doTryCatch" "tryCatchOne" "tryCatchList" "tryCatch" "worker_impl" "worker_fun" "run_map" "run_future.shard_model_spec" "run_future" "doTryCatch" "tryCatchOne" "tryCatchList" "tryCatch" "doTryCatch" "tryCatchOne" "tryCatchList" "tryCatch" "mvpa_fun" "do_standard" "<Anonymous>" "do.call" "run_searchlight.default" "run_searchlight" "system.time" 
"pmin" ".filter_roi_stats_fast" ".filter_roi_stats" "filter_roi.ROIVec" "filter_roi" "doTryCatch" "tryCatchOne" "tryCatchList" "tryCatch" "try" "shard_extract_roi_volumetric" "shard_extract_roi" "doTryCatch" "tryCatchOne" "tryCatchList" "tryCatch" "worker_impl" "worker_fun" "run_map" "run_future.shard_model_spec" "run_future" "doTryCatch" "tryCatchOne" "tryCatchList" "tryCatch" "doTryCatch" "tryCatchOne" "tryCatchList" "tryCatch" "mvpa_fun" "do_standard" "<Anonymous>" "do.call" "run_searchlight.default" "run_searchlight" "system.time" 
"c" "tools::nonS3methods" "utils::getS3method" ".has_fit_roi" "process_roi.default" "process_roi" "doTryCatch" "tryCatchOne" "tryCatchList" "tryCatch" "worker_impl" "worker_fun" "run_map" "run_future.shard_model_spec" "run_future" "doTryCatch" "tryCatchOne" "tryCatchList" "tryCatch" "doTryCatch" "tryCatchOne" "tryCatchList" "tryCatch" "mvpa_fun" "do_standard" "<Anonymous>" "do.call" "run_searchlight.default" "run_searchlight" "system.time" 
"callNextMethod" ".nextMethod" "callNextMethod" "initialize" "initialize" "new" "neuroim2::ROIVec" "shard_extract_roi_volumetric" "shard_extract_roi" "doTryCatch" "tryCatchOne" "tryCatchList" "tryCatch" "worker_impl" "worker_fun" "run_map" "run_future.shard_model_spec" "run_future" "doTryCatch" "tryCatchOne" "tryCatchList" "tryCatch" "doTryCatch" "tryCatchOne" "tryCatchList" "tryCatch" "mvpa_fun" "do_standard" "<Anonymous>" "do.call" "run_searchlight.default" "run_searchlight" "system.time" 
"requireNamespace" "with_glue_error" ".transformer" "%||%" "<Anonymous>" "glue_data" "glue::glue" ".name_spec" "<Anonymous>" ".External2" "vec_c" "splice_dfs" "tibble_quos" "tibble::tibble" "roi_result_to_tibble" "process_roi.default" "process_roi" "doTryCatch" "tryCatchOne" "tryCatchList" "tryCatch" "worker_impl" "worker_fun" "run_map" "run_future.shard_model_spec" "run_future" "doTryCatch" "tryCatchOne" "tryCatchList" "tryCatch" "doTryCatch" "tryCatchOne" "tryCatchList" "tryCatch" "mvpa_fun" "do_standard" "<Anonymous>" "do.call" "run_searchlight.default" "run_searchlight" "system.time" 
"vapply" "pmin" ".filter_roi_stats_fast" ".filter_roi_stats" "filter_roi.ROIVec" "filter_roi" "doTryCatch" "tryCatchOne" "tryCatchList" "tryCatch" "try" "shard_extract_roi_volumetric" "shard_extract_roi" "doTryCatch" "tryCatchOne" "tryCatchList" "tryCatch" "worker_impl" "worker_fun" "run_map" "run_future.shard_model_spec" "run_future" "doTryCatch" "tryCatchOne" "tryCatchList" "tryCatch" "doTryCatch" "tryCatchOne" "tryCatchList" "tryCatch" "mvpa_fun" "do_standard" "<Anonymous>" "do.call" "run_searchlight.default" "run_searchlight" "system.time" 
"trim" "glue_data" "glue::glue" ".name_spec" "<Anonymous>" ".External2" "vec_c" "splice_dfs" "tibble_quos" "tibble::tibble" "roi_result_to_tibble" "process_roi.default" "process_roi" "doTryCatch" "tryCatchOne" "tryCatchList" "tryCatch" "worker_impl" "worker_fun" "run_map" "run_future.shard_model_spec" "run_future" "doTryCatch" "tryCatchOne" "tryCatchList" "tryCatch" "doTryCatch" "tryCatchOne" "tryCatchList" "tryCatch" "mvpa_fun" "do_standard" "<Anonymous>" "do.call" "run_searchlight.default" "run_searchlight" "system.time" 
"pmax" ".filter_roi_stats_fast" ".filter_roi_stats" "filter_roi.ROIVec" "filter_roi" "doTryCatch" "tryCatchOne" "tryCatchList" "tryCatch" "try" "shard_extract_roi_volumetric" "shard_extract_roi" "doTryCatch" "tryCatchOne" "tryCatchList" "tryCatch" "worker_impl" "worker_fun" "run_map" "run_future.shard_model_spec" "run_future" "doTryCatch" "tryCatchOne" "tryCatchList" "tryCatch" "doTryCatch" "tryCatchOne" "tryCatchList" "tryCatch" "mvpa_fun" "do_standard" "<Anonymous>" "do.call" "run_searchlight.default" "run_searchlight" "system.time" 
"sanitize_shard_indices" "shard_extract_roi_volumetric" "shard_extract_roi" "doTryCatch" "tryCatchOne" "tryCatchList" "tryCatch" "worker_impl" "worker_fun" "run_map" "run_future.shard_model_spec" "run_future" "doTryCatch" "tryCatchOne" "tryCatchList" "tryCatch" "doTryCatch" "tryCatchOne" "tryCatchList" "tryCatch" "mvpa_fun" "do_standard" "<Anonymous>" "do.call" "run_searchlight.default" "run_searchlight" "system.time" 
"pmin" ".filter_roi_stats_fast" ".filter_roi_stats" "filter_roi.ROIVec" "filter_roi" "doTryCatch" "tryCatchOne" "tryCatchList" "tryCatch" "try" "shard_extract_roi_volumetric" "shard_extract_roi" "doTryCatch" "tryCatchOne" "tryCatchList" "tryCatch" "worker_impl" "worker_fun" "run_map" "run_future.shard_model_spec" "run_future" "doTryCatch" "tryCatchOne" "tryCatchList" "tryCatch" "doTryCatch" "tryCatchOne" "tryCatchList" "tryCatch" "mvpa_fun" "do_standard" "<Anonymous>" "do.call" "run_searchlight.default" "run_searchlight" "system.time" 
"nrow" "ROIVec" "filter_roi.ROIVec" "filter_roi" "doTryCatch" "tryCatchOne" "tryCatchList" "tryCatch" "try" "shard_extract_roi_volumetric" "shard_extract_roi" "doTryCatch" "tryCatchOne" "tryCatchList" "tryCatch" "worker_impl" "worker_fun" "run_map" "run_future.shard_model_spec" "run_future" "doTryCatch" "tryCatchOne" "tryCatchList" "tryCatch" "doTryCatch" "tryCatchOne" "tryCatchList" "tryCatch" "mvpa_fun" "do_standard" "<Anonymous>" "do.call" "run_searchlight.default" "run_searchlight" "system.time" 
"%%" "arrayInd" "shard_extract_roi_volumetric" "shard_extract_roi" "doTryCatch" "tryCatchOne" "tryCatchList" "tryCatch" "worker_impl" "worker_fun" "run_map" "run_future.shard_model_spec" "run_future" "doTryCatch" "tryCatchOne" "tryCatchList" "tryCatch" "doTryCatch" "tryCatchOne" "tryCatchList" "tryCatch" "mvpa_fun" "do_standard" "<Anonymous>" "do.call" "run_searchlight.default" "run_searchlight" "system.time" 
"pmin" ".filter_roi_stats_fast" ".filter_roi_stats" "filter_roi.ROIVec" "filter_roi" "doTryCatch" "tryCatchOne" "tryCatchList" "tryCatch" "try" "shard_extract_roi_volumetric" "shard_extract_roi" "doTryCatch" "tryCatchOne" "tryCatchList" "tryCatch" "worker_impl" "worker_fun" "run_map" "run_future.shard_model_spec" "run_future" "doTryCatch" "tryCatchOne" "tryCatchList" "tryCatch" "doTryCatch" "tryCatchOne" "tryCatchList" "tryCatch" "mvpa_fun" "do_standard" "<Anonymous>" "do.call" "run_searchlight.default" "run_searchlight" "system.time" 
"which" "filter_roi.ROIVec" "filter_roi" "doTryCatch" "tryCatchOne" "tryCatchList" "tryCatch" "try" "shard_extract_roi_volumetric" "shard_extract_roi" "doTryCatch" "tryCatchOne" "tryCatchList" "tryCatch" "worker_impl" "worker_fun" "run_map" "run_future.shard_model_spec" "run_future" "doTryCatch" "tryCatchOne" "tryCatchList" "tryCatch" "doTryCatch" "tryCatchOne" "tryCatchList" "tryCatch" "mvpa_fun" "do_standard" "<Anonymous>" "do.call" "run_searchlight.default" "run_searchlight" "system.time" 
"shard_extract_roi_volumetric" "shard_extract_roi" "doTryCatch" "tryCatchOne" "tryCatchList" "tryCatch" "worker_impl" "worker_fun" "run_map" "run_future.shard_model_spec" "run_future" "doTryCatch" "tryCatchOne" "tryCatchList" "tryCatch" "doTryCatch" "tryCatchOne" "tryCatchList" "tryCatch" "mvpa_fun" "do_standard" "<Anonymous>" "do.call" "run_searchlight.default" "run_searchlight" "system.time" 
".filter_roi_stats_fast" ".filter_roi_stats" "filter_roi.ROIVec" "filter_roi" "doTryCatch" "tryCatchOne" "tryCatchList" "tryCatch" "try" "shard_extract_roi_volumetric" "shard_extract_roi" "doTryCatch" "tryCatchOne" "tryCatchList" "tryCatch" "worker_impl" "worker_fun" "run_map" "run_future.shard_model_spec" "run_future" "doTryCatch" "tryCatchOne" "tryCatchList" "tryCatch" "doTryCatch" "tryCatchOne" "tryCatchList" "tryCatch" "mvpa_fun" "do_standard" "<Anonymous>" "do.call" "run_searchlight.default" "run_searchlight" "system.time" 
"paste0" "glue_data" "glue::glue" ".name_spec" "<Anonymous>" ".External2" "vec_c" "splice_dfs" "tibble_quos" "tibble::tibble" "roi_result_to_tibble" "process_roi.default" "process_roi" "doTryCatch" "tryCatchOne" "tryCatchList" "tryCatch" "worker_impl" "worker_fun" "run_map" "run_future.shard_model_spec" "run_future" "doTryCatch" "tryCatchOne" "tryCatchList" "tryCatch" "doTryCatch" "tryCatchOne" "tryCatchList" "tryCatch" "mvpa_fun" "do_standard" "<Anonymous>" "do.call" "run_searchlight.default" "run_searchlight" "system.time" 
".filter_roi_stats_fast" ".filter_roi_stats" "filter_roi.ROIVec" "filter_roi" "doTryCatch" "tryCatchOne" "tryCatchList" "tryCatch" "try" "shard_extract_roi_volumetric" "shard_extract_roi" "doTryCatch" "tryCatchOne" "tryCatchList" "tryCatch" "worker_impl" "worker_fun" "run_map" "run_future.shard_model_spec" "run_future" "doTryCatch" "tryCatchOne" "tryCatchList" "tryCatch" "doTryCatch" "tryCatchOne" "tryCatchList" "tryCatch" "mvpa_fun" "do_standard" "<Anonymous>" "do.call" "run_searchlight.default" "run_searchlight" "system.time" 
"findGeneric" "utils::getS3method" ".has_fit_roi" "process_roi.default" "process_roi" "doTryCatch" "tryCatchOne" "tryCatchList" "tryCatch" "worker_impl" "worker_fun" "run_map" "run_future.shard_model_spec" "run_future" "doTryCatch" "tryCatchOne" "tryCatchList" "tryCatch" "doTryCatch" "tryCatchOne" "tryCatchList" "tryCatch" "mvpa_fun" "do_standard" "<Anonymous>" "do.call" "run_searchlight.default" "run_searchlight" "system.time" 
"neuroim2::indices" "neuroim2::indices" "filter_roi.ROIVec" "filter_roi" "doTryCatch" "tryCatchOne" "tryCatchList" "tryCatch" "try" "shard_extract_roi_volumetric" "shard_extract_roi" "doTryCatch" "tryCatchOne" "tryCatchList" "tryCatch" "worker_impl" "worker_fun" "run_map" "run_future.shard_model_spec" "run_future" "doTryCatch" "tryCatchOne" "tryCatchList" "tryCatch" "doTryCatch" "tryCatchOne" "tryCatchList" "tryCatch" "mvpa_fun" "do_standard" "<Anonymous>" "do.call" "run_searchlight.default" "run_searchlight" "system.time" 
"which" "filter_roi.ROIVec" "filter_roi" "doTryCatch" "tryCatchOne" "tryCatchList" "tryCatch" "try" "shard_extract_roi_volumetric" "shard_extract_roi" "doTryCatch" "tryCatchOne" "tryCatchList" "tryCatch" "worker_impl" "worker_fun" "run_map" "run_future.shard_model_spec" "run_future" "doTryCatch" "tryCatchOne" "tryCatchList" "tryCatch" "doTryCatch" "tryCatchOne" "tryCatchList" "tryCatch" "mvpa_fun" "do_standard" "<Anonymous>" "do.call" "run_searchlight.default" "run_searchlight" "system.time" 
"shard_extract_roi_volumetric" "shard_extract_roi" "doTryCatch" "tryCatchOne" "tryCatchList" "tryCatch" "worker_impl" "worker_fun" "run_map" "run_future.shard_model_spec" "run_future" "doTryCatch" "tryCatchOne" "tryCatchList" "tryCatch" "doTryCatch" "tryCatchOne" "tryCatchList" "tryCatch" "mvpa_fun" "do_standard" "<Anonymous>" "do.call" "run_searchlight.default" "run_searchlight" "system.time" 
"colSums" ".filter_roi_stats_fast" ".filter_roi_stats" "filter_roi.ROIVec" "filter_roi" "doTryCatch" "tryCatchOne" "tryCatchList" "tryCatch" "try" "shard_extract_roi_volumetric" "shard_extract_roi" "doTryCatch" "tryCatchOne" "tryCatchList" "tryCatch" "worker_impl" "worker_fun" "run_map" "run_future.shard_model_spec" "run_future" "doTryCatch" "tryCatchOne" "tryCatchList" "tryCatch" "doTryCatch" "tryCatchOne" "tryCatchList" "tryCatch" "mvpa_fun" "do_standard" "<Anonymous>" "do.call" "run_searchlight.default" "run_searchlight" "system.time" 
"rowMeans" "sweep" ".rdm_vector_correlation" "train_model.rsa_model" "train_model" "doTryCatch" "tryCatchOne" "tryCatchList" "tryCatch" "fit_roi.rsa_model" "fit_roi" "doTryCatch" "tryCatchOne" "tryCatchList" "tryCatch" "process_roi.default" "process_roi" "doTryCatch" "tryCatchOne" "tryCatchList" "tryCatch" "worker_impl" "worker_fun" "run_map" "run_future.shard_model_spec" "run_future" "doTryCatch" "tryCatchOne" "tryCatchList" "tryCatch" "doTryCatch" "tryCatchOne" "tryCatchList" "tryCatch" "mvpa_fun" "do_standard" "<Anonymous>" "do.call" "run_searchlight.default" "run_searchlight" "system.time" 
".filter_roi_stats_fast" ".filter_roi_stats" "filter_roi.ROIVec" "filter_roi" "doTryCatch" "tryCatchOne" "tryCatchList" "tryCatch" "try" "shard_extract_roi_volumetric" "shard_extract_roi" "doTryCatch" "tryCatchOne" "tryCatchList" "tryCatch" "worker_impl" "worker_fun" "run_map" "run_future.shard_model_spec" "run_future" "doTryCatch" "tryCatchOne" "tryCatchList" "tryCatch" "doTryCatch" "tryCatchOne" "tryCatchList" "tryCatch" "mvpa_fun" "do_standard" "<Anonymous>" "do.call" "run_searchlight.default" "run_searchlight" "system.time" 
"grep" "detect_dot_dot" "validate_unique" "<Anonymous>" "vec_as_names" "withCallingHandlers" "subclass_name_repair_errors" "repaired_names" "set_repaired_names" "tibble_quos" "tibble::tibble" "roi_result_to_tibble" "process_roi.default" "process_roi" "doTryCatch" "tryCatchOne" "tryCatchList" "tryCatch" "worker_impl" "worker_fun" "run_map" "run_future.shard_model_spec" "run_future" "doTryCatch" "tryCatchOne" "tryCatchList" "tryCatch" "doTryCatch" "tryCatchOne" "tryCatchList" "tryCatch" "mvpa_fun" "do_standard" "<Anonymous>" "do.call" "run_searchlight.default" "run_searchlight" "system.time" 
"is" "callNextMethod" "methods:::loadMethod" "methods:::loadMethod" "initialize" "new" "ROIVec" "filter_roi.ROIVec" "filter_roi" "doTryCatch" "tryCatchOne" "tryCatchList" "tryCatch" "try" "shard_extract_roi_volumetric" "shard_extract_roi" "doTryCatch" "tryCatchOne" "tryCatchList" "tryCatch" "worker_impl" "worker_fun" "run_map" "run_future.shard_model_spec" "run_future" "doTryCatch" "tryCatchOne" "tryCatchList" "tryCatch" "doTryCatch" "tryCatchOne" "tryCatchList" "tryCatch" "mvpa_fun" "do_standard" "<Anonymous>" "do.call" "run_searchlight.default" "run_searchlight" "system.time" 
".filter_roi_stats_fast" ".filter_roi_stats" "filter_roi.ROIVec" "filter_roi" "doTryCatch" "tryCatchOne" "tryCatchList" "tryCatch" "try" "shard_extract_roi_volumetric" "shard_extract_roi" "doTryCatch" "tryCatchOne" "tryCatchList" "tryCatch" "worker_impl" "worker_fun" "run_map" "run_future.shard_model_spec" "run_future" "doTryCatch" "tryCatchOne" "tryCatchList" "tryCatch" "doTryCatch" "tryCatchOne" "tryCatchList" "tryCatch" "mvpa_fun" "do_standard" "<Anonymous>" "do.call" "run_searchlight.default" "run_searchlight" "system.time" 
"pmin" ".filter_roi_stats_fast" ".filter_roi_stats" "filter_roi.ROIVec" "filter_roi" "doTryCatch" "tryCatchOne" "tryCatchList" "tryCatch" "try" "shard_extract_roi_volumetric" "shard_extract_roi" "doTryCatch" "tryCatchOne" "tryCatchList" "tryCatch" "worker_impl" "worker_fun" "run_map" "run_future.shard_model_spec" "run_future" "doTryCatch" "tryCatchOne" "tryCatchList" "tryCatch" "doTryCatch" "tryCatchOne" "tryCatchList" "tryCatch" "mvpa_fun" "do_standard" "<Anonymous>" "do.call" "run_searchlight.default" "run_searchlight" "system.time" 
"gridToIndexCpp" ".gridToIndex" "neuroim2::indices" "neuroim2::indices" "process_roi.default" "process_roi" "doTryCatch" "tryCatchOne" "tryCatchList" "tryCatch" "worker_impl" "worker_fun" "run_map" "run_future.shard_model_spec" "run_future" "doTryCatch" "tryCatchOne" "tryCatchList" "tryCatch" "doTryCatch" "tryCatchOne" "tryCatchList" "tryCatch" "mvpa_fun" "do_standard" "<Anonymous>" "do.call" "run_searchlight.default" "run_searchlight" "system.time" 
"%%" "arrayInd" "shard_extract_roi_volumetric" "shard_extract_roi" "doTryCatch" "tryCatchOne" "tryCatchList" "tryCatch" "worker_impl" "worker_fun" "run_map" "run_future.shard_model_spec" "run_future" "doTryCatch" "tryCatchOne" "tryCatchList" "tryCatch" "doTryCatch" "tryCatchOne" "tryCatchList" "tryCatch" "mvpa_fun" "do_standard" "<Anonymous>" "do.call" "run_searchlight.default" "run_searchlight" "system.time" 
"pmax" ".filter_roi_stats_fast" ".filter_roi_stats" "filter_roi.ROIVec" "filter_roi" "doTryCatch" "tryCatchOne" "tryCatchList" "tryCatch" "try" "shard_extract_roi_volumetric" "shard_extract_roi" "doTryCatch" "tryCatchOne" "tryCatchList" "tryCatch" "worker_impl" "worker_fun" "run_map" "run_future.shard_model_spec" "run_future" "doTryCatch" "tryCatchOne" "tryCatchList" "tryCatch" "doTryCatch" "tryCatchOne" "tryCatchList" "tryCatch" "mvpa_fun" "do_standard" "<Anonymous>" "do.call" "run_searchlight.default" "run_searchlight" "system.time" 
"grep" "detect_dot_dot" "validate_unique" "<Anonymous>" "vec_as_names" "withCallingHandlers" "subclass_name_repair_errors" "repaired_names" "set_repaired_names" "tibble_quos" "tibble::tibble" "roi_result_to_tibble" "process_roi.default" "process_roi" "doTryCatch" "tryCatchOne" "tryCatchList" "tryCatch" "worker_impl" "worker_fun" "run_map" "run_future.shard_model_spec" "run_future" "doTryCatch" "tryCatchOne" "tryCatchList" "tryCatch" "doTryCatch" "tryCatchOne" "tryCatchList" "tryCatch" "mvpa_fun" "do_standard" "<Anonymous>" "do.call" "run_searchlight.default" "run_searchlight" "system.time" 
"initialize" "initialize" "new" ".findNextFromTable" "addNextMethod" "addNextMethod" "callNextMethod" ".nextMethod" "callNextMethod" "initialize" "initialize" "new" "ROIVec" "filter_roi.ROIVec" "filter_roi" "doTryCatch" "tryCatchOne" "tryCatchList" "tryCatch" "try" "shard_extract_roi_volumetric" "shard_extract_roi" "doTryCatch" "tryCatchOne" "tryCatchList" "tryCatch" "worker_impl" "worker_fun" "run_map" "run_future.shard_model_spec" "run_future" "doTryCatch" "tryCatchOne" "tryCatchList" "tryCatch" "doTryCatch" "tryCatchOne" "tryCatchList" "tryCatch" "mvpa_fun" "do_standard" "<Anonymous>" "do.call" "run_searchlight.default" "run_searchlight" "system.time" 
"<Anonymous>" "glue_data" "glue::glue" ".name_spec" "<Anonymous>" ".External2" "vec_c" "splice_dfs" "tibble_quos" "tibble::tibble" "roi_result_to_tibble" "process_roi.default" "process_roi" "doTryCatch" "tryCatchOne" "tryCatchList" "tryCatch" "worker_impl" "worker_fun" "run_map" "run_future.shard_model_spec" "run_future" "doTryCatch" "tryCatchOne" "tryCatchList" "tryCatch" "doTryCatch" "tryCatchOne" "tryCatchList" "tryCatch" "mvpa_fun" "do_standard" "<Anonymous>" "do.call" "run_searchlight.default" "run_searchlight" "system.time" 
"pmin" ".filter_roi_stats_fast" ".filter_roi_stats" "filter_roi.ROIVec" "filter_roi" "doTryCatch" "tryCatchOne" "tryCatchList" "tryCatch" "try" "shard_extract_roi_volumetric" "shard_extract_roi" "doTryCatch" "tryCatchOne" "tryCatchList" "tryCatch" "worker_impl" "worker_fun" "run_map" "run_future.shard_model_spec" "run_future" "doTryCatch" "tryCatchOne" "tryCatchList" "tryCatch" "doTryCatch" "tryCatchOne" "tryCatchList" "tryCatch" "mvpa_fun" "do_standard" "<Anonymous>" "do.call" "run_searchlight.default" "run_searchlight" "system.time" 
"map_mold" "map_lgl" "which" "check_valid_cols" "check_valid_col" "tibble_quos" "tibble::tibble" "roi_result_to_tibble" "process_roi.default" "process_roi" "doTryCatch" "tryCatchOne" "tryCatchList" "tryCatch" "worker_impl" "worker_fun" "run_map" "run_future.shard_model_spec" "run_future" "doTryCatch" "tryCatchOne" "tryCatchList" "tryCatch" "doTryCatch" "tryCatchOne" "tryCatchList" "tryCatch" "mvpa_fun" "do_standard" "<Anonymous>" "do.call" "run_searchlight.default" "run_searchlight" "system.time" 
".filter_roi_stats_fast" ".filter_roi_stats" "filter_roi.ROIVec" "filter_roi" "doTryCatch" "tryCatchOne" "tryCatchList" "tryCatch" "try" "shard_extract_roi_volumetric" "shard_extract_roi" "doTryCatch" "tryCatchOne" "tryCatchList" "tryCatch" "worker_impl" "worker_fun" "run_map" "run_future.shard_model_spec" "run_future" "doTryCatch" "tryCatchOne" "tryCatchList" "tryCatch" "doTryCatch" "tryCatchOne" "tryCatchList" "tryCatch" "mvpa_fun" "do_standard" "<Anonymous>" "do.call" "run_searchlight.default" "run_searchlight" "system.time" 
"rowMeans" "sweep" ".rdm_vector_correlation" "train_model.rsa_model" "train_model" "doTryCatch" "tryCatchOne" "tryCatchList" "tryCatch" "fit_roi.rsa_model" "fit_roi" "doTryCatch" "tryCatchOne" "tryCatchList" "tryCatch" "process_roi.default" "process_roi" "doTryCatch" "tryCatchOne" "tryCatchList" "tryCatch" "worker_impl" "worker_fun" "run_map" "run_future.shard_model_spec" "run_future" "doTryCatch" "tryCatchOne" "tryCatchList" "tryCatch" "doTryCatch" "tryCatchOne" "tryCatchList" "tryCatch" "mvpa_fun" "do_standard" "<Anonymous>" "do.call" "run_searchlight.default" "run_searchlight" "system.time" 
"shard_extract_roi_volumetric" "shard_extract_roi" "doTryCatch" "tryCatchOne" "tryCatchList" "tryCatch" "worker_impl" "worker_fun" "run_map" "run_future.shard_model_spec" "run_future" "doTryCatch" "tryCatchOne" "tryCatchList" "tryCatch" "doTryCatch" "tryCatchOne" "tryCatchList" "tryCatch" "mvpa_fun" "do_standard" "<Anonymous>" "do.call" "run_searchlight.default" "run_searchlight" "system.time" 
".filter_roi_stats_fast" ".filter_roi_stats" "filter_roi.ROIVec" "filter_roi" "doTryCatch" "tryCatchOne" "tryCatchList" "tryCatch" "try" "shard_extract_roi_volumetric" "shard_extract_roi" "doTryCatch" "tryCatchOne" "tryCatchList" "tryCatch" "worker_impl" "worker_fun" "run_map" "run_future.shard_model_spec" "run_future" "doTryCatch" "tryCatchOne" "tryCatchList" "tryCatch" "doTryCatch" "tryCatchOne" "tryCatchList" "tryCatch" "mvpa_fun" "do_standard" "<Anonymous>" "do.call" "run_searchlight.default" "run_searchlight" "system.time" 
"check_valid_col" "tibble_quos" "tibble::tibble" "roi_result_to_tibble" "process_roi.default" "process_roi" "doTryCatch" "tryCatchOne" "tryCatchList" "tryCatch" "worker_impl" "worker_fun" "run_map" "run_future.shard_model_spec" "run_future" "doTryCatch" "tryCatchOne" "tryCatchList" "tryCatch" "doTryCatch" "tryCatchOne" "tryCatchList" "tryCatch" "mvpa_fun" "do_standard" "<Anonymous>" "do.call" "run_searchlight.default" "run_searchlight" "system.time" 
".filter_roi_stats_fast" ".filter_roi_stats" "filter_roi.ROIVec" "filter_roi" "doTryCatch" "tryCatchOne" "tryCatchList" "tryCatch" "try" "shard_extract_roi_volumetric" "shard_extract_roi" "doTryCatch" "tryCatchOne" "tryCatchList" "tryCatch" "worker_impl" "worker_fun" "run_map" "run_future.shard_model_spec" "run_future" "doTryCatch" "tryCatchOne" "tryCatchList" "tryCatch" "doTryCatch" "tryCatchOne" "tryCatchList" "tryCatch" "mvpa_fun" "do_standard" "<Anonymous>" "do.call" "run_searchlight.default" "run_searchlight" "system.time" 
"rowMeans" "sweep" ".rdm_vector_correlation" "train_model.rsa_model" "train_model" "doTryCatch" "tryCatchOne" "tryCatchList" "tryCatch" "fit_roi.rsa_model" "fit_roi" "doTryCatch" "tryCatchOne" "tryCatchList" "tryCatch" "process_roi.default" "process_roi" "doTryCatch" "tryCatchOne" "tryCatchList" "tryCatch" "worker_impl" "worker_fun" "run_map" "run_future.shard_model_spec" "run_future" "doTryCatch" "tryCatchOne" "tryCatchList" "tryCatch" "doTryCatch" "tryCatchOne" "tryCatchList" "tryCatch" "mvpa_fun" "do_standard" "<Anonymous>" "do.call" "run_searchlight.default" "run_searchlight" "system.time" 
"shard_extract_roi_volumetric" "shard_extract_roi" "doTryCatch" "tryCatchOne" "tryCatchList" "tryCatch" "worker_impl" "worker_fun" "run_map" "run_future.shard_model_spec" "run_future" "doTryCatch" "tryCatchOne" "tryCatchList" "tryCatch" "doTryCatch" "tryCatchOne" "tryCatchList" "tryCatch" "mvpa_fun" "do_standard" "<Anonymous>" "do.call" "run_searchlight.default" "run_searchlight" "system.time" 
"is.na" "is.data.frame" "colSums" ".filter_roi_stats_fast" ".filter_roi_stats" "filter_roi.ROIVec" "filter_roi" "doTryCatch" "tryCatchOne" "tryCatchList" "tryCatch" "try" "shard_extract_roi_volumetric" "shard_extract_roi" "doTryCatch" "tryCatchOne" "tryCatchList" "tryCatch" "worker_impl" "worker_fun" "run_map" "run_future.shard_model_spec" "run_future" "doTryCatch" "tryCatchOne" "tryCatchList" "tryCatch" "doTryCatch" "tryCatchOne" "tryCatchList" "tryCatch" "mvpa_fun" "do_standard" "<Anonymous>" "do.call" "run_searchlight.default" "run_searchlight" "system.time" 
"ROIVec" "filter_roi.ROIVec" "filter_roi" "doTryCatch" "tryCatchOne" "tryCatchList" "tryCatch" "try" "shard_extract_roi_volumetric" "shard_extract_roi" "doTryCatch" "tryCatchOne" "tryCatchList" "tryCatch" "worker_impl" "worker_fun" "run_map" "run_future.shard_model_spec" "run_future" "doTryCatch" "tryCatchOne" "tryCatchList" "tryCatch" "doTryCatch" "tryCatchOne" "tryCatchList" "tryCatch" "mvpa_fun" "do_standard" "<Anonymous>" "do.call" "run_searchlight.default" "run_searchlight" "system.time" 
"rowMeans" "sweep" ".rdm_vector_correlation" "train_model.rsa_model" "train_model" "doTryCatch" "tryCatchOne" "tryCatchList" "tryCatch" "fit_roi.rsa_model" "fit_roi" "doTryCatch" "tryCatchOne" "tryCatchList" "tryCatch" "process_roi.default" "process_roi" "doTryCatch" "tryCatchOne" "tryCatchList" "tryCatch" "worker_impl" "worker_fun" "run_map" "run_future.shard_model_spec" "run_future" "doTryCatch" "tryCatchOne" "tryCatchList" "tryCatch" "doTryCatch" "tryCatchOne" "tryCatchList" "tryCatch" "mvpa_fun" "do_standard" "<Anonymous>" "do.call" "run_searchlight.default" "run_searchlight" "system.time" 
"is.na" "shard_extract_roi_volumetric" "shard_extract_roi" "doTryCatch" "tryCatchOne" "tryCatchList" "tryCatch" "worker_impl" "worker_fun" "run_map" "run_future.shard_model_spec" "run_future" "doTryCatch" "tryCatchOne" "tryCatchList" "tryCatch" "doTryCatch" "tryCatchOne" "tryCatchList" "tryCatch" "mvpa_fun" "do_standard" "<Anonymous>" "do.call" "run_searchlight.default" "run_searchlight" "system.time" 
".rdm_vector_correlation" "train_model.rsa_model" "train_model" "doTryCatch" "tryCatchOne" "tryCatchList" "tryCatch" "fit_roi.rsa_model" "fit_roi" "doTryCatch" "tryCatchOne" "tryCatchList" "tryCatch" "process_roi.default" "process_roi" "doTryCatch" "tryCatchOne" "tryCatchList" "tryCatch" "worker_impl" "worker_fun" "run_map" "run_future.shard_model_spec" "run_future" "doTryCatch" "tryCatchOne" "tryCatchList" "tryCatch" "doTryCatch" "tryCatchOne" "tryCatchList" "tryCatch" "mvpa_fun" "do_standard" "<Anonymous>" "do.call" "run_searchlight.default" "run_searchlight" "system.time" 
"rowMeans" "sweep" ".rdm_vector_correlation" "train_model.rsa_model" "train_model" "doTryCatch" "tryCatchOne" "tryCatchList" "tryCatch" "fit_roi.rsa_model" "fit_roi" "doTryCatch" "tryCatchOne" "tryCatchList" "tryCatch" "process_roi.default" "process_roi" "doTryCatch" "tryCatchOne" "tryCatchList" "tryCatch" "worker_impl" "worker_fun" "run_map" "run_future.shard_model_spec" "run_future" "doTryCatch" "tryCatchOne" "tryCatchList" "tryCatch" "doTryCatch" "tryCatchOne" "tryCatchList" "tryCatch" "mvpa_fun" "do_standard" "<Anonymous>" "do.call" "run_searchlight.default" "run_searchlight" "system.time" 
"pmax" ".filter_roi_stats_fast" ".filter_roi_stats" "filter_roi.ROIVec" "filter_roi" "doTryCatch" "tryCatchOne" "tryCatchList" "tryCatch" "try" "shard_extract_roi_volumetric" "shard_extract_roi" "doTryCatch" "tryCatchOne" "tryCatchList" "tryCatch" "worker_impl" "worker_fun" "run_map" "run_future.shard_model_spec" "run_future" "doTryCatch" "tryCatchOne" "tryCatchList" "tryCatch" "doTryCatch" "tryCatchOne" "tryCatchList" "tryCatch" "mvpa_fun" "do_standard" "<Anonymous>" "do.call" "run_searchlight.default" "run_searchlight" "system.time" 
"drop_null" "glue_data" "glue::glue" ".name_spec" "<Anonymous>" ".External2" "vec_c" "splice_dfs" "tibble_quos" "tibble::tibble" "roi_result_to_tibble" "process_roi.default" "process_roi" "doTryCatch" "tryCatchOne" "tryCatchList" "tryCatch" "worker_impl" "worker_fun" "run_map" "run_future.shard_model_spec" "run_future" "doTryCatch" "tryCatchOne" "tryCatchList" "tryCatch" "doTryCatch" "tryCatchOne" "tryCatchList" "tryCatch" "mvpa_fun" "do_standard" "<Anonymous>" "do.call" "run_searchlight.default" "run_searchlight" "system.time" 
".inheritedArgsExpression" ".findInheritedMethods" ".findNextFromTable" "addNextMethod" "addNextMethod" "callNextMethod" ".nextMethod" "callNextMethod" "initialize" "initialize" "new" "ROIVec" "filter_roi.ROIVec" "filter_roi" "doTryCatch" "tryCatchOne" "tryCatchList" "tryCatch" "try" "shard_extract_roi_volumetric" "shard_extract_roi" "doTryCatch" "tryCatchOne" "tryCatchList" "tryCatch" "worker_impl" "worker_fun" "run_map" "run_future.shard_model_spec" "run_future" "doTryCatch" "tryCatchOne" "tryCatchList" "tryCatch" "doTryCatch" "tryCatchOne" "tryCatchList" "tryCatch" "mvpa_fun" "do_standard" "<Anonymous>" "do.call" "run_searchlight.default" "run_searchlight" "system.time" 
"grep" "detect_dot_dot" "validate_unique" "<Anonymous>" "vec_as_names" "withCallingHandlers" "subclass_name_repair_errors" "repaired_names" "set_repaired_names" "tibble_quos" "tibble::tibble" "roi_result_to_tibble" "process_roi.default" "process_roi" "doTryCatch" "tryCatchOne" "tryCatchList" "tryCatch" "worker_impl" "worker_fun" "run_map" "run_future.shard_model_spec" "run_future" "doTryCatch" "tryCatchOne" "tryCatchList" "tryCatch" "doTryCatch" "tryCatchOne" "tryCatchList" "tryCatch" "mvpa_fun" "do_standard" "<Anonymous>" "do.call" "run_searchlight.default" "run_searchlight" "system.time" 
".filter_roi_stats_fast" ".filter_roi_stats" "filter_roi.ROIVec" "filter_roi" "doTryCatch" "tryCatchOne" "tryCatchList" "tryCatch" "try" "shard_extract_roi_volumetric" "shard_extract_roi" "doTryCatch" "tryCatchOne" "tryCatchList" "tryCatch" "worker_impl" "worker_fun" "run_map" "run_future.shard_model_spec" "run_future" "doTryCatch" "tryCatchOne" "tryCatchList" "tryCatch" "doTryCatch" "tryCatchOne" "tryCatchList" "tryCatch" "mvpa_fun" "do_standard" "<Anonymous>" "do.call" "run_searchlight.default" "run_searchlight" "system.time" 
"array" "aperm" "sweep" ".rdm_vector_correlation" "train_model.rsa_model" "train_model" "doTryCatch" "tryCatchOne" "tryCatchList" "tryCatch" "fit_roi.rsa_model" "fit_roi" "doTryCatch" "tryCatchOne" "tryCatchList" "tryCatch" "process_roi.default" "process_roi" "doTryCatch" "tryCatchOne" "tryCatchList" "tryCatch" "worker_impl" "worker_fun" "run_map" "run_future.shard_model_spec" "run_future" "doTryCatch" "tryCatchOne" "tryCatchList" "tryCatch" "doTryCatch" "tryCatchOne" "tryCatchList" "tryCatch" "mvpa_fun" "do_standard" "<Anonymous>" "do.call" "run_searchlight.default" "run_searchlight" "system.time" 
"sanitize_shard_indices" "shard_extract_roi_volumetric" "shard_extract_roi" "doTryCatch" "tryCatchOne" "tryCatchList" "tryCatch" "worker_impl" "worker_fun" "run_map" "run_future.shard_model_spec" "run_future" "doTryCatch" "tryCatchOne" "tryCatchList" "tryCatch" "doTryCatch" "tryCatchOne" "tryCatchList" "tryCatch" "mvpa_fun" "do_standard" "<Anonymous>" "do.call" "run_searchlight.default" "run_searchlight" "system.time" 
".filter_roi_stats_fast" ".filter_roi_stats" "filter_roi.ROIVec" "filter_roi" "doTryCatch" "tryCatchOne" "tryCatchList" "tryCatch" "try" "shard_extract_roi_volumetric" "shard_extract_roi" "doTryCatch" "tryCatchOne" "tryCatchList" "tryCatch" "worker_impl" "worker_fun" "run_map" "run_future.shard_model_spec" "run_future" "doTryCatch" "tryCatchOne" "tryCatchList" "tryCatch" "doTryCatch" "tryCatchOne" "tryCatchList" "tryCatch" "mvpa_fun" "do_standard" "<Anonymous>" "do.call" "run_searchlight.default" "run_searchlight" "system.time" 
"rowMeans" "sweep" ".rdm_vector_correlation" "train_model.rsa_model" "train_model" "doTryCatch" "tryCatchOne" "tryCatchList" "tryCatch" "fit_roi.rsa_model" "fit_roi" "doTryCatch" "tryCatchOne" "tryCatchList" "tryCatch" "process_roi.default" "process_roi" "doTryCatch" "tryCatchOne" "tryCatchList" "tryCatch" "worker_impl" "worker_fun" "run_map" "run_future.shard_model_spec" "run_future" "doTryCatch" "tryCatchOne" "tryCatchList" "tryCatch" "doTryCatch" "tryCatchOne" "tryCatchList" "tryCatch" "mvpa_fun" "do_standard" "<Anonymous>" "do.call" "run_searchlight.default" "run_searchlight" "system.time" 
"%*%" "run_lm_fast" "train_model.rsa_model" "train_model" "doTryCatch" "tryCatchOne" "tryCatchList" "tryCatch" "fit_roi.rsa_model" "fit_roi" "doTryCatch" "tryCatchOne" "tryCatchList" "tryCatch" "process_roi.default" "process_roi" "doTryCatch" "tryCatchOne" "tryCatchList" "tryCatch" "worker_impl" "worker_fun" "run_map" "run_future.shard_model_spec" "run_future" "doTryCatch" "tryCatchOne" "tryCatchList" "tryCatch" "doTryCatch" "tryCatchOne" "tryCatchList" "tryCatch" "mvpa_fun" "do_standard" "<Anonymous>" "do.call" "run_searchlight.default" "run_searchlight" "system.time" 
"shard_extract_roi_volumetric" "shard_extract_roi" "doTryCatch" "tryCatchOne" "tryCatchList" "tryCatch" "worker_impl" "worker_fun" "run_map" "run_future.shard_model_spec" "run_future" "doTryCatch" "tryCatchOne" "tryCatchList" "tryCatch" "doTryCatch" "tryCatchOne" "tryCatchList" "tryCatch" "mvpa_fun" "do_standard" "<Anonymous>" "do.call" "run_searchlight.default" "run_searchlight" "system.time" 
"is.na" "is.data.frame" "colSums" ".filter_roi_stats_fast" ".filter_roi_stats" "filter_roi.ROIVec" "filter_roi" "doTryCatch" "tryCatchOne" "tryCatchList" "tryCatch" "try" "shard_extract_roi_volumetric" "shard_extract_roi" "doTryCatch" "tryCatchOne" "tryCatchList" "tryCatch" "worker_impl" "worker_fun" "run_map" "run_future.shard_model_spec" "run_future" "doTryCatch" "tryCatchOne" "tryCatchList" "tryCatch" "doTryCatch" "tryCatchOne" "tryCatchList" "tryCatch" "mvpa_fun" "do_standard" "<Anonymous>" "do.call" "run_searchlight.default" "run_searchlight" "system.time" 
"withCallingHandlers" "with_glue_error" ".transformer" "%||%" "<Anonymous>" "glue_data" "glue::glue" ".name_spec" "<Anonymous>" ".External2" "vec_c" "splice_dfs" "tibble_quos" "tibble::tibble" "roi_result_to_tibble" "process_roi.default" "process_roi" "doTryCatch" "tryCatchOne" "tryCatchList" "tryCatch" "worker_impl" "worker_fun" "run_map" "run_future.shard_model_spec" "run_future" "doTryCatch" "tryCatchOne" "tryCatchList" "tryCatch" "doTryCatch" "tryCatchOne" "tryCatchList" "tryCatch" "mvpa_fun" "do_standard" "<Anonymous>" "do.call" "run_searchlight.default" "run_searchlight" "system.time" 
"check_valid_col" "tibble_quos" "tibble::tibble" "roi_result_to_tibble" "process_roi.default" "process_roi" "doTryCatch" "tryCatchOne" "tryCatchList" "tryCatch" "worker_impl" "worker_fun" "run_map" "run_future.shard_model_spec" "run_future" "doTryCatch" "tryCatchOne" "tryCatchList" "tryCatch" "doTryCatch" "tryCatchOne" "tryCatchList" "tryCatch" "mvpa_fun" "do_standard" "<Anonymous>" "do.call" "run_searchlight.default" "run_searchlight" "system.time" 
"rowMeans" "sweep" ".rdm_vector_correlation" "train_model.rsa_model" "train_model" "doTryCatch" "tryCatchOne" "tryCatchList" "tryCatch" "fit_roi.rsa_model" "fit_roi" "doTryCatch" "tryCatchOne" "tryCatchList" "tryCatch" "process_roi.default" "process_roi" "doTryCatch" "tryCatchOne" "tryCatchList" "tryCatch" "worker_impl" "worker_fun" "run_map" "run_future.shard_model_spec" "run_future" "doTryCatch" "tryCatchOne" "tryCatchList" "tryCatch" "doTryCatch" "tryCatchOne" "tryCatchList" "tryCatch" "mvpa_fun" "do_standard" "<Anonymous>" "do.call" "run_searchlight.default" "run_searchlight" "system.time" 
"shard_extract_roi_volumetric" "shard_extract_roi" "doTryCatch" "tryCatchOne" "tryCatchList" "tryCatch" "worker_impl" "worker_fun" "run_map" "run_future.shard_model_spec" "run_future" "doTryCatch" "tryCatchOne" "tryCatchList" "tryCatch" "doTryCatch" "tryCatchOne" "tryCatchList" "tryCatch" "mvpa_fun" "do_standard" "<Anonymous>" "do.call" "run_searchlight.default" "run_searchlight" "system.time" 
".filter_roi_stats_fast" ".filter_roi_stats" "filter_roi.ROIVec" "filter_roi" "doTryCatch" "tryCatchOne" "tryCatchList" "tryCatch" "try" "shard_extract_roi_volumetric" "shard_extract_roi" "doTryCatch" "tryCatchOne" "tryCatchList" "tryCatch" "worker_impl" "worker_fun" "run_map" "run_future.shard_model_spec" "run_future" "doTryCatch" "tryCatchOne" "tryCatchList" "tryCatch" "doTryCatch" "tryCatchOne" "tryCatchList" "tryCatch" "mvpa_fun" "do_standard" "<Anonymous>" "do.call" "run_searchlight.default" "run_searchlight" "system.time" 
"utils::getS3method" ".has_fit_roi" "process_roi.default" "process_roi" "doTryCatch" "tryCatchOne" "tryCatchList" "tryCatch" "worker_impl" "worker_fun" "run_map" "run_future.shard_model_spec" "run_future" "doTryCatch" "tryCatchOne" "tryCatchList" "tryCatch" "doTryCatch" "tryCatchOne" "tryCatchList" "tryCatch" "mvpa_fun" "do_standard" "<Anonymous>" "do.call" "run_searchlight.default" "run_searchlight" "system.time" 
"shard_extract_roi_volumetric" "shard_extract_roi" "doTryCatch" "tryCatchOne" "tryCatchList" "tryCatch" "worker_impl" "worker_fun" "run_map" "run_future.shard_model_spec" "run_future" "doTryCatch" "tryCatchOne" "tryCatchList" "tryCatch" "doTryCatch" "tryCatchOne" "tryCatchList" "tryCatch" "mvpa_fun" "do_standard" "<Anonymous>" "do.call" "run_searchlight.default" "run_searchlight" "system.time" 
".filter_roi_stats_fast" ".filter_roi_stats" "filter_roi.ROIVec" "filter_roi" "doTryCatch" "tryCatchOne" "tryCatchList" "tryCatch" "try" "shard_extract_roi_volumetric" "shard_extract_roi" "doTryCatch" "tryCatchOne" "tryCatchList" "tryCatch" "worker_impl" "worker_fun" "run_map" "run_future.shard_model_spec" "run_future" "doTryCatch" "tryCatchOne" "tryCatchList" "tryCatch" "doTryCatch" "tryCatchOne" "tryCatchList" "tryCatch" "mvpa_fun" "do_standard" "<Anonymous>" "do.call" "run_searchlight.default" "run_searchlight" "system.time" 
"ROIVec" "filter_roi.ROIVec" "filter_roi" "doTryCatch" "tryCatchOne" "tryCatchList" "tryCatch" "try" "shard_extract_roi_volumetric" "shard_extract_roi" "doTryCatch" "tryCatchOne" "tryCatchList" "tryCatch" "worker_impl" "worker_fun" "run_map" "run_future.shard_model_spec" "run_future" "doTryCatch" "tryCatchOne" "tryCatchList" "tryCatch" "doTryCatch" "tryCatchOne" "tryCatchList" "tryCatch" "mvpa_fun" "do_standard" "<Anonymous>" "do.call" "run_searchlight.default" "run_searchlight" "system.time" 
"rowMeans" "sweep" ".rdm_vector_correlation" "train_model.rsa_model" "train_model" "doTryCatch" "tryCatchOne" "tryCatchList" "tryCatch" "fit_roi.rsa_model" "fit_roi" "doTryCatch" "tryCatchOne" "tryCatchList" "tryCatch" "process_roi.default" "process_roi" "doTryCatch" "tryCatchOne" "tryCatchList" "tryCatch" "worker_impl" "worker_fun" "run_map" "run_future.shard_model_spec" "run_future" "doTryCatch" "tryCatchOne" "tryCatchList" "tryCatch" "doTryCatch" "tryCatchOne" "tryCatchList" "tryCatch" "mvpa_fun" "do_standard" "<Anonymous>" "do.call" "run_searchlight.default" "run_searchlight" "system.time" 
"is.data.frame" "rowSums" ".rdm_vector_correlation" "train_model.rsa_model" "train_model" "doTryCatch" "tryCatchOne" "tryCatchList" "tryCatch" "fit_roi.rsa_model" "fit_roi" "doTryCatch" "tryCatchOne" "tryCatchList" "tryCatch" "process_roi.default" "process_roi" "doTryCatch" "tryCatchOne" "tryCatchList" "tryCatch" "worker_impl" "worker_fun" "run_map" "run_future.shard_model_spec" "run_future" "doTryCatch" "tryCatchOne" "tryCatchList" "tryCatch" "doTryCatch" "tryCatchOne" "tryCatchList" "tryCatch" "mvpa_fun" "do_standard" "<Anonymous>" "do.call" "run_searchlight.default" "run_searchlight" "system.time" 
"sanitize_shard_indices" "shard_extract_roi_volumetric" "shard_extract_roi" "doTryCatch" "tryCatchOne" "tryCatchList" "tryCatch" "worker_impl" "worker_fun" "run_map" "run_future.shard_model_spec" "run_future" "doTryCatch" "tryCatchOne" "tryCatchList" "tryCatch" "doTryCatch" "tryCatchOne" "tryCatchList" "tryCatch" "mvpa_fun" "do_standard" "<Anonymous>" "do.call" "run_searchlight.default" "run_searchlight" "system.time" 
".filter_roi_stats_fast" ".filter_roi_stats" "filter_roi.ROIVec" "filter_roi" "doTryCatch" "tryCatchOne" "tryCatchList" "tryCatch" "try" "shard_extract_roi_volumetric" "shard_extract_roi" "doTryCatch" "tryCatchOne" "tryCatchList" "tryCatch" "worker_impl" "worker_fun" "run_map" "run_future.shard_model_spec" "run_future" "doTryCatch" "tryCatchOne" "tryCatchList" "tryCatch" "doTryCatch" "tryCatchOne" "tryCatchList" "tryCatch" "mvpa_fun" "do_standard" "<Anonymous>" "do.call" "run_searchlight.default" "run_searchlight" "system.time" 
"ROIVec" "filter_roi.ROIVec" "filter_roi" "doTryCatch" "tryCatchOne" "tryCatchList" "tryCatch" "try" "shard_extract_roi_volumetric" "shard_extract_roi" "doTryCatch" "tryCatchOne" "tryCatchList" "tryCatch" "worker_impl" "worker_fun" "run_map" "run_future.shard_model_spec" "run_future" "doTryCatch" "tryCatchOne" "tryCatchList" "tryCatch" "doTryCatch" "tryCatchOne" "tryCatchList" "tryCatch" "mvpa_fun" "do_standard" "<Anonymous>" "do.call" "run_searchlight.default" "run_searchlight" "system.time" 
"rowMeans" "sweep" ".rdm_vector_correlation" "train_model.rsa_model" "train_model" "doTryCatch" "tryCatchOne" "tryCatchList" "tryCatch" "fit_roi.rsa_model" "fit_roi" "doTryCatch" "tryCatchOne" "tryCatchList" "tryCatch" "process_roi.default" "process_roi" "doTryCatch" "tryCatchOne" "tryCatchList" "tryCatch" "worker_impl" "worker_fun" "run_map" "run_future.shard_model_spec" "run_future" "doTryCatch" "tryCatchOne" "tryCatchList" "tryCatch" "doTryCatch" "tryCatchOne" "tryCatchList" "tryCatch" "mvpa_fun" "do_standard" "<Anonymous>" "do.call" "run_searchlight.default" "run_searchlight" "system.time" 
"with_glue_error" ".transformer" "%||%" "<Anonymous>" "glue_data" "glue::glue" ".name_spec" "<Anonymous>" ".External2" "vec_c" "splice_dfs" "tibble_quos" "tibble::tibble" "roi_result_to_tibble" "process_roi.default" "process_roi" "doTryCatch" "tryCatchOne" "tryCatchList" "tryCatch" "worker_impl" "worker_fun" "run_map" "run_future.shard_model_spec" "run_future" "doTryCatch" "tryCatchOne" "tryCatchList" "tryCatch" "doTryCatch" "tryCatchOne" "tryCatchList" "tryCatch" "mvpa_fun" "do_standard" "<Anonymous>" "do.call" "run_searchlight.default" "run_searchlight" "system.time" 
"shard_extract_roi_volumetric" "shard_extract_roi" "doTryCatch" "tryCatchOne" "tryCatchList" "tryCatch" "worker_impl" "worker_fun" "run_map" "run_future.shard_model_spec" "run_future" "doTryCatch" "tryCatchOne" "tryCatchList" "tryCatch" "doTryCatch" "tryCatchOne" "tryCatchList" "tryCatch" "mvpa_fun" "do_standard" "<Anonymous>" "do.call" "run_searchlight.default" "run_searchlight" "system.time" 
".filter_roi_stats_fast" ".filter_roi_stats" "filter_roi.ROIVec" "filter_roi" "doTryCatch" "tryCatchOne" "tryCatchList" "tryCatch" "try" "shard_extract_roi_volumetric" "shard_extract_roi" "doTryCatch" "tryCatchOne" "tryCatchList" "tryCatch" "worker_impl" "worker_fun" "run_map" "run_future.shard_model_spec" "run_future" "doTryCatch" "tryCatchOne" "tryCatchList" "tryCatch" "doTryCatch" "tryCatchOne" "tryCatchList" "tryCatch" "mvpa_fun" "do_standard" "<Anonymous>" "do.call" "run_searchlight.default" "run_searchlight" "system.time" 
"match.fun" "vapply" "lengths" "glue_data" "glue::glue" ".name_spec" "<Anonymous>" ".External2" "vec_c" "splice_dfs" "tibble_quos" "tibble::tibble" "roi_result_to_tibble" "process_roi.default" "process_roi" "doTryCatch" "tryCatchOne" "tryCatchList" "tryCatch" "worker_impl" "worker_fun" "run_map" "run_future.shard_model_spec" "run_future" "doTryCatch" "tryCatchOne" "tryCatchList" "tryCatch" "doTryCatch" "tryCatchOne" "tryCatchList" "tryCatch" "mvpa_fun" "do_standard" "<Anonymous>" "do.call" "run_searchlight.default" "run_searchlight" "system.time" 
"rowMeans" "sweep" ".rdm_vector_correlation" "train_model.rsa_model" "train_model" "doTryCatch" "tryCatchOne" "tryCatchList" "tryCatch" "fit_roi.rsa_model" "fit_roi" "doTryCatch" "tryCatchOne" "tryCatchList" "tryCatch" "process_roi.default" "process_roi" "doTryCatch" "tryCatchOne" "tryCatchList" "tryCatch" "worker_impl" "worker_fun" "run_map" "run_future.shard_model_spec" "run_future" "doTryCatch" "tryCatchOne" "tryCatchList" "tryCatch" "doTryCatch" "tryCatchOne" "tryCatchList" "tryCatch" "mvpa_fun" "do_standard" "<Anonymous>" "do.call" "run_searchlight.default" "run_searchlight" "system.time" 
"shard_extract_roi_volumetric" "shard_extract_roi" "doTryCatch" "tryCatchOne" "tryCatchList" "tryCatch" "worker_impl" "worker_fun" "run_map" "run_future.shard_model_spec" "run_future" "doTryCatch" "tryCatchOne" "tryCatchList" "tryCatch" "doTryCatch" "tryCatchOne" "tryCatchList" "tryCatch" "mvpa_fun" "do_standard" "<Anonymous>" "do.call" "run_searchlight.default" "run_searchlight" "system.time" 
"shard_extract_roi_volumetric" "shard_extract_roi" "doTryCatch" "tryCatchOne" "tryCatchList" "tryCatch" "worker_impl" "worker_fun" "run_map" "run_future.shard_model_spec" "run_future" "doTryCatch" "tryCatchOne" "tryCatchList" "tryCatch" "doTryCatch" "tryCatchOne" "tryCatchList" "tryCatch" "mvpa_fun" "do_standard" "<Anonymous>" "do.call" "run_searchlight.default" "run_searchlight" "system.time" 
".filter_roi_stats_fast" ".filter_roi_stats" "filter_roi.ROIVec" "filter_roi" "doTryCatch" "tryCatchOne" "tryCatchList" "tryCatch" "try" "shard_extract_roi_volumetric" "shard_extract_roi" "doTryCatch" "tryCatchOne" "tryCatchList" "tryCatch" "worker_impl" "worker_fun" "run_map" "run_future.shard_model_spec" "run_future" "doTryCatch" "tryCatchOne" "tryCatchList" "tryCatch" "doTryCatch" "tryCatchOne" "tryCatchList" "tryCatch" "mvpa_fun" "do_standard" "<Anonymous>" "do.call" "run_searchlight.default" "run_searchlight" "system.time" 
"rowMeans" "sweep" ".rdm_vector_correlation" "train_model.rsa_model" "train_model" "doTryCatch" "tryCatchOne" "tryCatchList" "tryCatch" "fit_roi.rsa_model" "fit_roi" "doTryCatch" "tryCatchOne" "tryCatchList" "tryCatch" "process_roi.default" "process_roi" "doTryCatch" "tryCatchOne" "tryCatchList" "tryCatch" "worker_impl" "worker_fun" "run_map" "run_future.shard_model_spec" "run_future" "doTryCatch" "tryCatchOne" "tryCatchList" "tryCatch" "doTryCatch" "tryCatchOne" "tryCatchList" "tryCatch" "mvpa_fun" "do_standard" "<Anonymous>" "do.call" "run_searchlight.default" "run_searchlight" "system.time" 
"shard_extract_roi_volumetric" "shard_extract_roi" "doTryCatch" "tryCatchOne" "tryCatchList" "tryCatch" "worker_impl" "worker_fun" "run_map" "run_future.shard_model_spec" "run_future" "doTryCatch" "tryCatchOne" "tryCatchList" "tryCatch" "doTryCatch" "tryCatchOne" "tryCatchList" "tryCatch" "mvpa_fun" "do_standard" "<Anonymous>" "do.call" "run_searchlight.default" "run_searchlight" "system.time" 
"pmin" ".filter_roi_stats_fast" ".filter_roi_stats" "filter_roi.ROIVec" "filter_roi" "doTryCatch" "tryCatchOne" "tryCatchList" "tryCatch" "try" "shard_extract_roi_volumetric" "shard_extract_roi" "doTryCatch" "tryCatchOne" "tryCatchList" "tryCatch" "worker_impl" "worker_fun" "run_map" "run_future.shard_model_spec" "run_future" "doTryCatch" "tryCatchOne" "tryCatchList" "tryCatch" "doTryCatch" "tryCatchOne" "tryCatchList" "tryCatch" "mvpa_fun" "do_standard" "<Anonymous>" "do.call" "run_searchlight.default" "run_searchlight" "system.time" 
"tcrossprod" ".rdm_vector_correlation" "train_model.rsa_model" "train_model" "doTryCatch" "tryCatchOne" "tryCatchList" "tryCatch" "fit_roi.rsa_model" "fit_roi" "doTryCatch" "tryCatchOne" "tryCatchList" "tryCatch" "process_roi.default" "process_roi" "doTryCatch" "tryCatchOne" "tryCatchList" "tryCatch" "worker_impl" "worker_fun" "run_map" "run_future.shard_model_spec" "run_future" "doTryCatch" "tryCatchOne" "tryCatchList" "tryCatch" "doTryCatch" "tryCatchOne" "tryCatchList" "tryCatch" "mvpa_fun" "do_standard" "<Anonymous>" "do.call" "run_searchlight.default" "run_searchlight" "system.time" 
"shard_extract_roi_volumetric" "shard_extract_roi" "doTryCatch" "tryCatchOne" "tryCatchList" "tryCatch" "worker_impl" "worker_fun" "run_map" "run_future.shard_model_spec" "run_future" "doTryCatch" "tryCatchOne" "tryCatchList" "tryCatch" "doTryCatch" "tryCatchOne" "tryCatchList" "tryCatch" "mvpa_fun" "do_standard" "<Anonymous>" "do.call" "run_searchlight.default" "run_searchlight" "system.time" 
"validObject" "initialize" "initialize" "new" ".findNextFromTable" "addNextMethod" "addNextMethod" "callNextMethod" ".nextMethod" "callNextMethod" "initialize" "initialize" "new" "neuroim2::ROIVec" "shard_extract_roi_volumetric" "shard_extract_roi" "doTryCatch" "tryCatchOne" "tryCatchList" "tryCatch" "worker_impl" "worker_fun" "run_map" "run_future.shard_model_spec" "run_future" "doTryCatch" "tryCatchOne" "tryCatchList" "tryCatch" "doTryCatch" "tryCatchOne" "tryCatchList" "tryCatch" "mvpa_fun" "do_standard" "<Anonymous>" "do.call" "run_searchlight.default" "run_searchlight" "system.time" 
"ROIVec" "filter_roi.ROIVec" "filter_roi" "doTryCatch" "tryCatchOne" "tryCatchList" "tryCatch" "try" "shard_extract_roi_volumetric" "shard_extract_roi" "doTryCatch" "tryCatchOne" "tryCatchList" "tryCatch" "worker_impl" "worker_fun" "run_map" "run_future.shard_model_spec" "run_future" "doTryCatch" "tryCatchOne" "tryCatchList" "tryCatch" "doTryCatch" "tryCatchOne" "tryCatchList" "tryCatch" "mvpa_fun" "do_standard" "<Anonymous>" "do.call" "run_searchlight.default" "run_searchlight" "system.time" 
"which" "filter_roi.ROIVec" "filter_roi" "doTryCatch" "tryCatchOne" "tryCatchList" "tryCatch" "try" "shard_extract_roi_volumetric" "shard_extract_roi" "doTryCatch" "tryCatchOne" "tryCatchList" "tryCatch" "worker_impl" "worker_fun" "run_map" "run_future.shard_model_spec" "run_future" "doTryCatch" "tryCatchOne" "tryCatchList" "tryCatch" "doTryCatch" "tryCatchOne" "tryCatchList" "tryCatch" "mvpa_fun" "do_standard" "<Anonymous>" "do.call" "run_searchlight.default" "run_searchlight" "system.time" 
".filter_roi_stats_fast" ".filter_roi_stats" "filter_roi.ROIVec" "filter_roi" "doTryCatch" "tryCatchOne" "tryCatchList" "tryCatch" "try" "shard_extract_roi_volumetric" "shard_extract_roi" "doTryCatch" "tryCatchOne" "tryCatchList" "tryCatch" "worker_impl" "worker_fun" "run_map" "run_future.shard_model_spec" "run_future" "doTryCatch" "tryCatchOne" "tryCatchList" "tryCatch" "doTryCatch" "tryCatchOne" "tryCatchList" "tryCatch" "mvpa_fun" "do_standard" "<Anonymous>" "do.call" "run_searchlight.default" "run_searchlight" "system.time" 
"strsplit" "lengths" ".fillSignatures" ".findInheritedMethods" ".findNextFromTable" "addNextMethod" "addNextMethod" "callNextMethod" ".nextMethod" "callNextMethod" "initialize" "initialize" "new" "ROIVec" "filter_roi.ROIVec" "filter_roi" "doTryCatch" "tryCatchOne" "tryCatchList" "tryCatch" "try" "shard_extract_roi_volumetric" "shard_extract_roi" "doTryCatch" "tryCatchOne" "tryCatchList" "tryCatch" "worker_impl" "worker_fun" "run_map" "run_future.shard_model_spec" "run_future" "doTryCatch" "tryCatchOne" "tryCatchList" "tryCatch" "doTryCatch" "tryCatchOne" "tryCatchList" "tryCatch" "mvpa_fun" "do_standard" "<Anonymous>" "do.call" "run_searchlight.default" "run_searchlight" "system.time" 
"rowMeans" "sweep" ".rdm_vector_correlation" "train_model.rsa_model" "train_model" "doTryCatch" "tryCatchOne" "tryCatchList" "tryCatch" "fit_roi.rsa_model" "fit_roi" "doTryCatch" "tryCatchOne" "tryCatchList" "tryCatch" "process_roi.default" "process_roi" "doTryCatch" "tryCatchOne" "tryCatchList" "tryCatch" "worker_impl" "worker_fun" "run_map" "run_future.shard_model_spec" "run_future" "doTryCatch" "tryCatchOne" "tryCatchList" "tryCatch" "doTryCatch" "tryCatchOne" "tryCatchList" "tryCatch" "mvpa_fun" "do_standard" "<Anonymous>" "do.call" "run_searchlight.default" "run_searchlight" "system.time" 
"&" "sanitize_shard_indices" "shard_extract_roi_volumetric" "shard_extract_roi" "doTryCatch" "tryCatchOne" "tryCatchList" "tryCatch" "worker_impl" "worker_fun" "run_map" "run_future.shard_model_spec" "run_future" "doTryCatch" "tryCatchOne" "tryCatchList" "tryCatch" "doTryCatch" "tryCatchOne" "tryCatchList" "tryCatch" "mvpa_fun" "do_standard" "<Anonymous>" "do.call" "run_searchlight.default" "run_searchlight" "system.time" 
"arrayInd" "shard_extract_roi_volumetric" "shard_extract_roi" "doTryCatch" "tryCatchOne" "tryCatchList" "tryCatch" "worker_impl" "worker_fun" "run_map" "run_future.shard_model_spec" "run_future" "doTryCatch" "tryCatchOne" "tryCatchList" "tryCatch" "doTryCatch" "tryCatchOne" "tryCatchList" "tryCatch" "mvpa_fun" "do_standard" "<Anonymous>" "do.call" "run_searchlight.default" "run_searchlight" "system.time" 
"output_schema" ".validate_fit_roi_schema" "doTryCatch" "tryCatchOne" "tryCatchList" "tryCatch" "process_roi.default" "process_roi" "doTryCatch" "tryCatchOne" "tryCatchList" "tryCatch" "worker_impl" "worker_fun" "run_map" "run_future.shard_model_spec" "run_future" "doTryCatch" "tryCatchOne" "tryCatchList" "tryCatch" "doTryCatch" "tryCatchOne" "tryCatchList" "tryCatch" "mvpa_fun" "do_standard" "<Anonymous>" "do.call" "run_searchlight.default" "run_searchlight" "system.time" 
"pmin" ".filter_roi_stats_fast" ".filter_roi_stats" "filter_roi.ROIVec" "filter_roi" "doTryCatch" "tryCatchOne" "tryCatchList" "tryCatch" "try" "shard_extract_roi_volumetric" "shard_extract_roi" "doTryCatch" "tryCatchOne" "tryCatchList" "tryCatch" "worker_impl" "worker_fun" "run_map" "run_future.shard_model_spec" "run_future" "doTryCatch" "tryCatchOne" "tryCatchList" "tryCatch" "doTryCatch" "tryCatchOne" "tryCatchList" "tryCatch" "mvpa_fun" "do_standard" "<Anonymous>" "do.call" "run_searchlight.default" "run_searchlight" "system.time" 
"is.na" "shard_extract_roi_volumetric" "shard_extract_roi" "doTryCatch" "tryCatchOne" "tryCatchList" "tryCatch" "worker_impl" "worker_fun" "run_map" "run_future.shard_model_spec" "run_future" "doTryCatch" "tryCatchOne" "tryCatchList" "tryCatch" "doTryCatch" "tryCatchOne" "tryCatchList" "tryCatch" "mvpa_fun" "do_standard" "<Anonymous>" "do.call" "run_searchlight.default" "run_searchlight" "system.time" 
"pmin" ".filter_roi_stats_fast" ".filter_roi_stats" "filter_roi.ROIVec" "filter_roi" "doTryCatch" "tryCatchOne" "tryCatchList" "tryCatch" "try" "shard_extract_roi_volumetric" "shard_extract_roi" "doTryCatch" "tryCatchOne" "tryCatchList" "tryCatch" "worker_impl" "worker_fun" "run_map" "run_future.shard_model_spec" "run_future" "doTryCatch" "tryCatchOne" "tryCatchList" "tryCatch" "doTryCatch" "tryCatchOne" "tryCatchList" "tryCatch" "mvpa_fun" "do_standard" "<Anonymous>" "do.call" "run_searchlight.default" "run_searchlight" "system.time" 
"arrayInd" "shard_extract_roi_volumetric" "shard_extract_roi" "doTryCatch" "tryCatchOne" "tryCatchList" "tryCatch" "worker_impl" "worker_fun" "run_map" "run_future.shard_model_spec" "run_future" "doTryCatch" "tryCatchOne" "tryCatchList" "tryCatch" "doTryCatch" "tryCatchOne" "tryCatchList" "tryCatch" "mvpa_fun" "do_standard" "<Anonymous>" "do.call" "run_searchlight.default" "run_searchlight" "system.time" 
"pmax" ".filter_roi_stats_fast" ".filter_roi_stats" "filter_roi.ROIVec" "filter_roi" "doTryCatch" "tryCatchOne" "tryCatchList" "tryCatch" "try" "shard_extract_roi_volumetric" "shard_extract_roi" "doTryCatch" "tryCatchOne" "tryCatchList" "tryCatch" "worker_impl" "worker_fun" "run_map" "run_future.shard_model_spec" "run_future" "doTryCatch" "tryCatchOne" "tryCatchList" "tryCatch" "doTryCatch" "tryCatchOne" "tryCatchList" "tryCatch" "mvpa_fun" "do_standard" "<Anonymous>" "do.call" "run_searchlight.default" "run_searchlight" "system.time" 
"shard_extract_roi_volumetric" "shard_extract_roi" "doTryCatch" "tryCatchOne" "tryCatchList" "tryCatch" "worker_impl" "worker_fun" "run_map" "run_future.shard_model_spec" "run_future" "doTryCatch" "tryCatchOne" "tryCatchList" "tryCatch" "doTryCatch" "tryCatchOne" "tryCatchList" "tryCatch" "mvpa_fun" "do_standard" "<Anonymous>" "do.call" "run_searchlight.default" "run_searchlight" "system.time" 
".filter_roi_stats_fast" ".filter_roi_stats" "filter_roi.ROIVec" "filter_roi" "doTryCatch" "tryCatchOne" "tryCatchList" "tryCatch" "try" "shard_extract_roi_volumetric" "shard_extract_roi" "doTryCatch" "tryCatchOne" "tryCatchList" "tryCatch" "worker_impl" "worker_fun" "run_map" "run_future.shard_model_spec" "run_future" "doTryCatch" "tryCatchOne" "tryCatchList" "tryCatch" "doTryCatch" "tryCatchOne" "tryCatchList" "tryCatch" "mvpa_fun" "do_standard" "<Anonymous>" "do.call" "run_searchlight.default" "run_searchlight" "system.time" 
"pmin" ".filter_roi_stats_fast" ".filter_roi_stats" "filter_roi.ROIVec" "filter_roi" "doTryCatch" "tryCatchOne" "tryCatchList" "tryCatch" "try" "shard_extract_roi_volumetric" "shard_extract_roi" "doTryCatch" "tryCatchOne" "tryCatchList" "tryCatch" "worker_impl" "worker_fun" "run_map" "run_future.shard_model_spec" "run_future" "doTryCatch" "tryCatchOne" "tryCatchList" "tryCatch" "doTryCatch" "tryCatchOne" "tryCatchList" "tryCatch" "mvpa_fun" "do_standard" "<Anonymous>" "do.call" "run_searchlight.default" "run_searchlight" "system.time" 
"%%" "arrayInd" "shard_extract_roi_volumetric" "shard_extract_roi" "doTryCatch" "tryCatchOne" "tryCatchList" "tryCatch" "worker_impl" "worker_fun" "run_map" "run_future.shard_model_spec" "run_future" "doTryCatch" "tryCatchOne" "tryCatchList" "tryCatch" "doTryCatch" "tryCatchOne" "tryCatchList" "tryCatch" "mvpa_fun" "do_standard" "<Anonymous>" "do.call" "run_searchlight.default" "run_searchlight" "system.time" 
"neuroim2::values" "as.matrix" "process_roi.default" "process_roi" "doTryCatch" "tryCatchOne" "tryCatchList" "tryCatch" "worker_impl" "worker_fun" "run_map" "run_future.shard_model_spec" "run_future" "doTryCatch" "tryCatchOne" "tryCatchList" "tryCatch" "doTryCatch" "tryCatchOne" "tryCatchList" "tryCatch" "mvpa_fun" "do_standard" "<Anonymous>" "do.call" "run_searchlight.default" "run_searchlight" "system.time" 
".requirePackage" ".classEnv" "as<-" "initialize" "initialize" "new" ".findNextFromTable" "addNextMethod" "addNextMethod" "callNextMethod" ".nextMethod" "callNextMethod" "initialize" "initialize" "new" "neuroim2::ROIVec" "shard_extract_roi_volumetric" "shard_extract_roi" "doTryCatch" "tryCatchOne" "tryCatchList" "tryCatch" "worker_impl" "worker_fun" "run_map" "run_future.shard_model_spec" "run_future" "doTryCatch" "tryCatchOne" "tryCatchList" "tryCatch" "doTryCatch" "tryCatchOne" "tryCatchList" "tryCatch" "mvpa_fun" "do_standard" "<Anonymous>" "do.call" "run_searchlight.default" "run_searchlight" "system.time" 
".filter_roi_stats_fast" ".filter_roi_stats" "filter_roi.ROIVec" "filter_roi" "doTryCatch" "tryCatchOne" "tryCatchList" "tryCatch" "try" "shard_extract_roi_volumetric" "shard_extract_roi" "doTryCatch" "tryCatchOne" "tryCatchList" "tryCatch" "worker_impl" "worker_fun" "run_map" "run_future.shard_model_spec" "run_future" "doTryCatch" "tryCatchOne" "tryCatchList" "tryCatch" "doTryCatch" "tryCatchOne" "tryCatchList" "tryCatch" "mvpa_fun" "do_standard" "<Anonymous>" "do.call" "run_searchlight.default" "run_searchlight" "system.time" 
"rowMeans" "sweep" ".rdm_vector_correlation" "train_model.rsa_model" "train_model" "doTryCatch" "tryCatchOne" "tryCatchList" "tryCatch" "fit_roi.rsa_model" "fit_roi" "doTryCatch" "tryCatchOne" "tryCatchList" "tryCatch" "process_roi.default" "process_roi" "doTryCatch" "tryCatchOne" "tryCatchList" "tryCatch" "worker_impl" "worker_fun" "run_map" "run_future.shard_model_spec" "run_future" "doTryCatch" "tryCatchOne" "tryCatchList" "tryCatch" "doTryCatch" "tryCatchOne" "tryCatchList" "tryCatch" "mvpa_fun" "do_standard" "<Anonymous>" "do.call" "run_searchlight.default" "run_searchlight" "system.time" 
"length" "rev.default" "rev" "initialize" "initialize" "new" ".findNextFromTable" "addNextMethod" "addNextMethod" "callNextMethod" ".nextMethod" "callNextMethod" "initialize" "initialize" "new" "neuroim2::ROIVec" "shard_extract_roi_volumetric" "shard_extract_roi" "doTryCatch" "tryCatchOne" "tryCatchList" "tryCatch" "worker_impl" "worker_fun" "run_map" "run_future.shard_model_spec" "run_future" "doTryCatch" "tryCatchOne" "tryCatchList" "tryCatch" "doTryCatch" "tryCatchOne" "tryCatchList" "tryCatch" "mvpa_fun" "do_standard" "<Anonymous>" "do.call" "run_searchlight.default" "run_searchlight" "system.time" 
"is.function" "match.fun" "vapply" "pmin" ".filter_roi_stats_fast" ".filter_roi_stats" "filter_roi.ROIVec" "filter_roi" "doTryCatch" "tryCatchOne" "tryCatchList" "tryCatch" "try" "shard_extract_roi_volumetric" "shard_extract_roi" "doTryCatch" "tryCatchOne" "tryCatchList" "tryCatch" "worker_impl" "worker_fun" "run_map" "run_future.shard_model_spec" "run_future" "doTryCatch" "tryCatchOne" "tryCatchList" "tryCatch" "doTryCatch" "tryCatchOne" "tryCatchList" "tryCatch" "mvpa_fun" "do_standard" "<Anonymous>" "do.call" "run_searchlight.default" "run_searchlight" "system.time" 
".filter_roi_stats_fast" ".filter_roi_stats" "filter_roi.ROIVec" "filter_roi" "doTryCatch" "tryCatchOne" "tryCatchList" "tryCatch" "try" "shard_extract_roi_volumetric" "shard_extract_roi" "doTryCatch" "tryCatchOne" "tryCatchList" "tryCatch" "worker_impl" "worker_fun" "run_map" "run_future.shard_model_spec" "run_future" "doTryCatch" "tryCatchOne" "tryCatchList" "tryCatch" "doTryCatch" "tryCatchOne" "tryCatchList" "tryCatch" "mvpa_fun" "do_standard" "<Anonymous>" "do.call" "run_searchlight.default" "run_searchlight" "system.time" 
".findInheritedMethods" ".findNextFromTable" "addNextMethod" "addNextMethod" "callNextMethod" ".nextMethod" "callNextMethod" "initialize" "initialize" "new" "neuroim2::ROIVec" "shard_extract_roi_volumetric" "shard_extract_roi" "doTryCatch" "tryCatchOne" "tryCatchList" "tryCatch" "worker_impl" "worker_fun" "run_map" "run_future.shard_model_spec" "run_future" "doTryCatch" "tryCatchOne" "tryCatchList" "tryCatch" "doTryCatch" "tryCatchOne" "tryCatchList" "tryCatch" "mvpa_fun" "do_standard" "<Anonymous>" "do.call" "run_searchlight.default" "run_searchlight" "system.time" 
".filter_roi_stats_fast" ".filter_roi_stats" "filter_roi.ROIVec" "filter_roi" "doTryCatch" "tryCatchOne" "tryCatchList" "tryCatch" "try" "shard_extract_roi_volumetric" "shard_extract_roi" "doTryCatch" "tryCatchOne" "tryCatchList" "tryCatch" "worker_impl" "worker_fun" "run_map" "run_future.shard_model_spec" "run_future" "doTryCatch" "tryCatchOne" "tryCatchList" "tryCatch" "doTryCatch" "tryCatchOne" "tryCatchList" "tryCatch" "mvpa_fun" "do_standard" "<Anonymous>" "do.call" "run_searchlight.default" "run_searchlight" "system.time" 
"&" "sanitize_shard_indices" "shard_extract_roi_volumetric" "shard_extract_roi" "doTryCatch" "tryCatchOne" "tryCatchList" "tryCatch" "worker_impl" "worker_fun" "run_map" "run_future.shard_model_spec" "run_future" "doTryCatch" "tryCatchOne" "tryCatchList" "tryCatch" "doTryCatch" "tryCatchOne" "tryCatchList" "tryCatch" "mvpa_fun" "do_standard" "<Anonymous>" "do.call" "run_searchlight.default" "run_searchlight" "system.time" 
"pmax" ".filter_roi_stats_fast" ".filter_roi_stats" "filter_roi.ROIVec" "filter_roi" "doTryCatch" "tryCatchOne" "tryCatchList" "tryCatch" "try" "shard_extract_roi_volumetric" "shard_extract_roi" "doTryCatch" "tryCatchOne" "tryCatchList" "tryCatch" "worker_impl" "worker_fun" "run_map" "run_future.shard_model_spec" "run_future" "doTryCatch" "tryCatchOne" "tryCatchList" "tryCatch" "doTryCatch" "tryCatchOne" "tryCatchList" "tryCatch" "mvpa_fun" "do_standard" "<Anonymous>" "do.call" "run_searchlight.default" "run_searchlight" "system.time" 
"shard_extract_roi_volumetric" "shard_extract_roi" "doTryCatch" "tryCatchOne" "tryCatchList" "tryCatch" "worker_impl" "worker_fun" "run_map" "run_future.shard_model_spec" "run_future" "doTryCatch" "tryCatchOne" "tryCatchList" "tryCatch" "doTryCatch" "tryCatchOne" "tryCatchList" "tryCatch" "mvpa_fun" "do_standard" "<Anonymous>" "do.call" "run_searchlight.default" "run_searchlight" "system.time" 
"array" "aperm" "sweep" ".rdm_vector_correlation" "train_model.rsa_model" "train_model" "doTryCatch" "tryCatchOne" "tryCatchList" "tryCatch" "fit_roi.rsa_model" "fit_roi" "doTryCatch" "tryCatchOne" "tryCatchList" "tryCatch" "process_roi.default" "process_roi" "doTryCatch" "tryCatchOne" "tryCatchList" "tryCatch" "worker_impl" "worker_fun" "run_map" "run_future.shard_model_spec" "run_future" "doTryCatch" "tryCatchOne" "tryCatchList" "tryCatch" "doTryCatch" "tryCatchOne" "tryCatchList" "tryCatch" "mvpa_fun" "do_standard" "<Anonymous>" "do.call" "run_searchlight.default" "run_searchlight" "system.time" 
"tbl_subassign_col" "tbl_subassign" "$<-.tbl_df" "$<-" "doTryCatch" "tryCatchOne" "tryCatchList" "tryCatch" "worker_impl" "worker_fun" "run_map" "run_future.shard_model_spec" "run_future" "doTryCatch" "tryCatchOne" "tryCatchList" "tryCatch" "doTryCatch" "tryCatchOne" "tryCatchList" "tryCatch" "mvpa_fun" "do_standard" "<Anonymous>" "do.call" "run_searchlight.default" "run_searchlight" "system.time" 
".filter_roi_stats_fast" ".filter_roi_stats" "filter_roi.ROIVec" "filter_roi" "doTryCatch" "tryCatchOne" "tryCatchList" "tryCatch" "try" "shard_extract_roi_volumetric" "shard_extract_roi" "doTryCatch" "tryCatchOne" "tryCatchList" "tryCatch" "worker_impl" "worker_fun" "run_map" "run_future.shard_model_spec" "run_future" "doTryCatch" "tryCatchOne" "tryCatchList" "tryCatch" "doTryCatch" "tryCatchOne" "tryCatchList" "tryCatch" "mvpa_fun" "do_standard" "<Anonymous>" "do.call" "run_searchlight.default" "run_searchlight" "system.time" 
"pmin" ".filter_roi_stats_fast" ".filter_roi_stats" "filter_roi.ROIVec" "filter_roi" "doTryCatch" "tryCatchOne" "tryCatchList" "tryCatch" "try" "shard_extract_roi_volumetric" "shard_extract_roi" "doTryCatch" "tryCatchOne" "tryCatchList" "tryCatch" "worker_impl" "worker_fun" "run_map" "run_future.shard_model_spec" "run_future" "doTryCatch" "tryCatchOne" "tryCatchList" "tryCatch" "doTryCatch" "tryCatchOne" "tryCatchList" "tryCatch" "mvpa_fun" "do_standard" "<Anonymous>" "do.call" "run_searchlight.default" "run_searchlight" "system.time" 
"rowMeans" "sweep" ".rdm_vector_correlation" "train_model.rsa_model" "train_model" "doTryCatch" "tryCatchOne" "tryCatchList" "tryCatch" "fit_roi.rsa_model" "fit_roi" "doTryCatch" "tryCatchOne" "tryCatchList" "tryCatch" "process_roi.default" "process_roi" "doTryCatch" "tryCatchOne" "tryCatchList" "tryCatch" "worker_impl" "worker_fun" "run_map" "run_future.shard_model_spec" "run_future" "doTryCatch" "tryCatchOne" "tryCatchList" "tryCatch" "doTryCatch" "tryCatchOne" "tryCatchList" "tryCatch" "mvpa_fun" "do_standard" "<Anonymous>" "do.call" "run_searchlight.default" "run_searchlight" "system.time" 
"shard_extract_roi_volumetric" "shard_extract_roi" "doTryCatch" "tryCatchOne" "tryCatchList" "tryCatch" "worker_impl" "worker_fun" "run_map" "run_future.shard_model_spec" "run_future" "doTryCatch" "tryCatchOne" "tryCatchList" "tryCatch" "doTryCatch" "tryCatchOne" "tryCatchList" "tryCatch" "mvpa_fun" "do_standard" "<Anonymous>" "do.call" "run_searchlight.default" "run_searchlight" "system.time" 
".filter_roi_stats_fast" ".filter_roi_stats" "filter_roi.ROIVec" "filter_roi" "doTryCatch" "tryCatchOne" "tryCatchList" "tryCatch" "try" "shard_extract_roi_volumetric" "shard_extract_roi" "doTryCatch" "tryCatchOne" "tryCatchList" "tryCatch" "worker_impl" "worker_fun" "run_map" "run_future.shard_model_spec" "run_future" "doTryCatch" "tryCatchOne" "tryCatchList" "tryCatch" "doTryCatch" "tryCatchOne" "tryCatchList" "tryCatch" "mvpa_fun" "do_standard" "<Anonymous>" "do.call" "run_searchlight.default" "run_searchlight" "system.time" 
"validObject" "initialize" "initialize" "new" ".findNextFromTable" "addNextMethod" "addNextMethod" "callNextMethod" ".nextMethod" "callNextMethod" "initialize" "initialize" "new" "neuroim2::ROIVec" "shard_extract_roi_volumetric" "shard_extract_roi" "doTryCatch" "tryCatchOne" "tryCatchList" "tryCatch" "worker_impl" "worker_fun" "run_map" "run_future.shard_model_spec" "run_future" "doTryCatch" "tryCatchOne" "tryCatchList" "tryCatch" "doTryCatch" "tryCatchOne" "tryCatchList" "tryCatch" "mvpa_fun" "do_standard" "<Anonymous>" "do.call" "run_searchlight.default" "run_searchlight" "system.time" 
"sanitize_shard_indices" "shard_extract_roi_volumetric" "shard_extract_roi" "doTryCatch" "tryCatchOne" "tryCatchList" "tryCatch" "worker_impl" "worker_fun" "run_map" "run_future.shard_model_spec" "run_future" "doTryCatch" "tryCatchOne" "tryCatchList" "tryCatch" "doTryCatch" "tryCatchOne" "tryCatchList" "tryCatch" "mvpa_fun" "do_standard" "<Anonymous>" "do.call" "run_searchlight.default" "run_searchlight" "system.time" 
"pmax" ".filter_roi_stats_fast" ".filter_roi_stats" "filter_roi.ROIVec" "filter_roi" "doTryCatch" "tryCatchOne" "tryCatchList" "tryCatch" "try" "shard_extract_roi_volumetric" "shard_extract_roi" "doTryCatch" "tryCatchOne" "tryCatchList" "tryCatch" "worker_impl" "worker_fun" "run_map" "run_future.shard_model_spec" "run_future" "doTryCatch" "tryCatchOne" "tryCatchList" "tryCatch" "doTryCatch" "tryCatchOne" "tryCatchList" "tryCatch" "mvpa_fun" "do_standard" "<Anonymous>" "do.call" "run_searchlight.default" "run_searchlight" "system.time" 
"checkSlotAssignment" "slot<-" "asMethod" "as<-" "initialize" "initialize" "new" ".findNextFromTable" "addNextMethod" "addNextMethod" "callNextMethod" ".nextMethod" "callNextMethod" "initialize" "initialize" "new" "ROIVec" "filter_roi.ROIVec" "filter_roi" "doTryCatch" "tryCatchOne" "tryCatchList" "tryCatch" "try" "shard_extract_roi_volumetric" "shard_extract_roi" "doTryCatch" "tryCatchOne" "tryCatchList" "tryCatch" "worker_impl" "worker_fun" "run_map" "run_future.shard_model_spec" "run_future" "doTryCatch" "tryCatchOne" "tryCatchList" "tryCatch" "doTryCatch" "tryCatchOne" "tryCatchList" "tryCatch" "mvpa_fun" "do_standard" "<Anonymous>" "do.call" "run_searchlight.default" "run_searchlight" "system.time" 
"shard_extract_roi_volumetric" "shard_extract_roi" "doTryCatch" "tryCatchOne" "tryCatchList" "tryCatch" "worker_impl" "worker_fun" "run_map" "run_future.shard_model_spec" "run_future" "doTryCatch" "tryCatchOne" "tryCatchList" "tryCatch" "doTryCatch" "tryCatchOne" "tryCatchList" "tryCatch" "mvpa_fun" "do_standard" "<Anonymous>" "do.call" "run_searchlight.default" "run_searchlight" "system.time" 
".filter_roi_stats_fast" ".filter_roi_stats" "filter_roi.ROIVec" "filter_roi" "doTryCatch" "tryCatchOne" "tryCatchList" "tryCatch" "try" "shard_extract_roi_volumetric" "shard_extract_roi" "doTryCatch" "tryCatchOne" "tryCatchList" "tryCatch" "worker_impl" "worker_fun" "run_map" "run_future.shard_model_spec" "run_future" "doTryCatch" "tryCatchOne" "tryCatchList" "tryCatch" "doTryCatch" "tryCatchOne" "tryCatchList" "tryCatch" "mvpa_fun" "do_standard" "<Anonymous>" "do.call" "run_searchlight.default" "run_searchlight" "system.time" 
".quickCoerceSelect" "as<-" ".nextMethod" "callNextMethod" ".nextMethod" "callNextMethod" "initialize" "initialize" "new" "neuroim2::ROIVec" "shard_extract_roi_volumetric" "shard_extract_roi" "doTryCatch" "tryCatchOne" "tryCatchList" "tryCatch" "worker_impl" "worker_fun" "run_map" "run_future.shard_model_spec" "run_future" "doTryCatch" "tryCatchOne" "tryCatchList" "tryCatch" "doTryCatch" "tryCatchOne" "tryCatchList" "tryCatch" "mvpa_fun" "do_standard" "<Anonymous>" "do.call" "run_searchlight.default" "run_searchlight" "system.time" 
"rowMeans" "sweep" ".rdm_vector_correlation" "train_model.rsa_model" "train_model" "doTryCatch" "tryCatchOne" "tryCatchList" "tryCatch" "fit_roi.rsa_model" "fit_roi" "doTryCatch" "tryCatchOne" "tryCatchList" "tryCatch" "process_roi.default" "process_roi" "doTryCatch" "tryCatchOne" "tryCatchList" "tryCatch" "worker_impl" "worker_fun" "run_map" "run_future.shard_model_spec" "run_future" "doTryCatch" "tryCatchOne" "tryCatchList" "tryCatch" "doTryCatch" "tryCatchOne" "tryCatchList" "tryCatch" "mvpa_fun" "do_standard" "<Anonymous>" "do.call" "run_searchlight.default" "run_searchlight" "system.time" 
"shard_extract_roi_volumetric" "shard_extract_roi" "doTryCatch" "tryCatchOne" "tryCatchList" "tryCatch" "worker_impl" "worker_fun" "run_map" "run_future.shard_model_spec" "run_future" "doTryCatch" "tryCatchOne" "tryCatchList" "tryCatch" "doTryCatch" "tryCatchOne" "tryCatchList" "tryCatch" "mvpa_fun" "do_standard" "<Anonymous>" "do.call" "run_searchlight.default" "run_searchlight" "system.time" 
".filter_roi_stats_fast" ".filter_roi_stats" "filter_roi.ROIVec" "filter_roi" "doTryCatch" "tryCatchOne" "tryCatchList" "tryCatch" "try" "shard_extract_roi_volumetric" "shard_extract_roi" "doTryCatch" "tryCatchOne" "tryCatchList" "tryCatch" "worker_impl" "worker_fun" "run_map" "run_future.shard_model_spec" "run_future" "doTryCatch" "tryCatchOne" "tryCatchList" "tryCatch" "doTryCatch" "tryCatchOne" "tryCatchList" "tryCatch" "mvpa_fun" "do_standard" "<Anonymous>" "do.call" "run_searchlight.default" "run_searchlight" "system.time" 
"ROIVec" "filter_roi.ROIVec" "filter_roi" "doTryCatch" "tryCatchOne" "tryCatchList" "tryCatch" "try" "shard_extract_roi_volumetric" "shard_extract_roi" "doTryCatch" "tryCatchOne" "tryCatchList" "tryCatch" "worker_impl" "worker_fun" "run_map" "run_future.shard_model_spec" "run_future" "doTryCatch" "tryCatchOne" "tryCatchList" "tryCatch" "doTryCatch" "tryCatchOne" "tryCatchList" "tryCatch" "mvpa_fun" "do_standard" "<Anonymous>" "do.call" "run_searchlight.default" "run_searchlight" "system.time" 
"!" "sanitize_shard_indices" "shard_extract_roi_volumetric" "shard_extract_roi" "doTryCatch" "tryCatchOne" "tryCatchList" "tryCatch" "worker_impl" "worker_fun" "run_map" "run_future.shard_model_spec" "run_future" "doTryCatch" "tryCatchOne" "tryCatchList" "tryCatch" "doTryCatch" "tryCatchOne" "tryCatchList" "tryCatch" "mvpa_fun" "do_standard" "<Anonymous>" "do.call" "run_searchlight.default" "run_searchlight" "system.time" 
".filter_roi_stats_fast" ".filter_roi_stats" "filter_roi.ROIVec" "filter_roi" "doTryCatch" "tryCatchOne" "tryCatchList" "tryCatch" "try" "shard_extract_roi_volumetric" "shard_extract_roi" "doTryCatch" "tryCatchOne" "tryCatchList" "tryCatch" "worker_impl" "worker_fun" "run_map" "run_future.shard_model_spec" "run_future" "doTryCatch" "tryCatchOne" "tryCatchList" "tryCatch" "doTryCatch" "tryCatchOne" "tryCatchList" "tryCatch" "mvpa_fun" "do_standard" "<Anonymous>" "do.call" "run_searchlight.default" "run_searchlight" "system.time" 
"rowMeans" "sweep" ".rdm_vector_correlation" "train_model.rsa_model" "train_model" "doTryCatch" "tryCatchOne" "tryCatchList" "tryCatch" "fit_roi.rsa_model" "fit_roi" "doTryCatch" "tryCatchOne" "tryCatchList" "tryCatch" "process_roi.default" "process_roi" "doTryCatch" "tryCatchOne" "tryCatchList" "tryCatch" "worker_impl" "worker_fun" "run_map" "run_future.shard_model_spec" "run_future" "doTryCatch" "tryCatchOne" "tryCatchList" "tryCatch" "doTryCatch" "tryCatchOne" "tryCatchList" "tryCatch" "mvpa_fun" "do_standard" "<Anonymous>" "do.call" "run_searchlight.default" "run_searchlight" "system.time" 
"shard_extract_roi_volumetric" "shard_extract_roi" "doTryCatch" "tryCatchOne" "tryCatchList" "tryCatch" "worker_impl" "worker_fun" "run_map" "run_future.shard_model_spec" "run_future" "doTryCatch" "tryCatchOne" "tryCatchList" "tryCatch" "doTryCatch" "tryCatchOne" "tryCatchList" "tryCatch" "mvpa_fun" "do_standard" "<Anonymous>" "do.call" "run_searchlight.default" "run_searchlight" "system.time" 
".filter_roi_stats_fast" ".filter_roi_stats" "filter_roi.ROIVec" "filter_roi" "doTryCatch" "tryCatchOne" "tryCatchList" "tryCatch" "try" "shard_extract_roi_volumetric" "shard_extract_roi" "doTryCatch" "tryCatchOne" "tryCatchList" "tryCatch" "worker_impl" "worker_fun" "run_map" "run_future.shard_model_spec" "run_future" "doTryCatch" "tryCatchOne" "tryCatchList" "tryCatch" "doTryCatch" "tryCatchOne" "tryCatchList" "tryCatch" "mvpa_fun" "do_standard" "<Anonymous>" "do.call" "run_searchlight.default" "run_searchlight" "system.time" 
"pmin" ".filter_roi_stats_fast" ".filter_roi_stats" "filter_roi.ROIVec" "filter_roi" "doTryCatch" "tryCatchOne" "tryCatchList" "tryCatch" "try" "shard_extract_roi_volumetric" "shard_extract_roi" "doTryCatch" "tryCatchOne" "tryCatchList" "tryCatch" "worker_impl" "worker_fun" "run_map" "run_future.shard_model_spec" "run_future" "doTryCatch" "tryCatchOne" "tryCatchList" "tryCatch" "doTryCatch" "tryCatchOne" "tryCatchList" "tryCatch" "mvpa_fun" "do_standard" "<Anonymous>" "do.call" "run_searchlight.default" "run_searchlight" "system.time" 
"glue_data" "glue::glue" ".name_spec" "<Anonymous>" ".External2" "vec_c" "splice_dfs" "tibble_quos" "tibble::tibble" "roi_result_to_tibble" "process_roi.default" "process_roi" "doTryCatch" "tryCatchOne" "tryCatchList" "tryCatch" "worker_impl" "worker_fun" "run_map" "run_future.shard_model_spec" "run_future" "doTryCatch" "tryCatchOne" "tryCatchList" "tryCatch" "doTryCatch" "tryCatchOne" "tryCatchList" "tryCatch" "mvpa_fun" "do_standard" "<Anonymous>" "do.call" "run_searchlight.default" "run_searchlight" "system.time" 
"extends" ".nextMethod" "callNextMethod" ".nextMethod" "callNextMethod" "initialize" "initialize" "new" "neuroim2::ROIVec" "shard_extract_roi_volumetric" "shard_extract_roi" "doTryCatch" "tryCatchOne" "tryCatchList" "tryCatch" "worker_impl" "worker_fun" "run_map" "run_future.shard_model_spec" "run_future" "doTryCatch" "tryCatchOne" "tryCatchList" "tryCatch" "doTryCatch" "tryCatchOne" "tryCatchList" "tryCatch" "mvpa_fun" "do_standard" "<Anonymous>" "do.call" "run_searchlight.default" "run_searchlight" "system.time" 
"shard_extract_roi_volumetric" "shard_extract_roi" "doTryCatch" "tryCatchOne" "tryCatchList" "tryCatch" "worker_impl" "worker_fun" "run_map" "run_future.shard_model_spec" "run_future" "doTryCatch" "tryCatchOne" "tryCatchList" "tryCatch" "doTryCatch" "tryCatchOne" "tryCatchList" "tryCatch" "mvpa_fun" "do_standard" "<Anonymous>" "do.call" "run_searchlight.default" "run_searchlight" "system.time" 
".filter_roi_stats_fast" ".filter_roi_stats" "filter_roi.ROIVec" "filter_roi" "doTryCatch" "tryCatchOne" "tryCatchList" "tryCatch" "try" "shard_extract_roi_volumetric" "shard_extract_roi" "doTryCatch" "tryCatchOne" "tryCatchList" "tryCatch" "worker_impl" "worker_fun" "run_map" "run_future.shard_model_spec" "run_future" "doTryCatch" "tryCatchOne" "tryCatchList" "tryCatch" "doTryCatch" "tryCatchOne" "tryCatchList" "tryCatch" "mvpa_fun" "do_standard" "<Anonymous>" "do.call" "run_searchlight.default" "run_searchlight" "system.time" 
"rowMeans" "sweep" ".rdm_vector_correlation" "train_model.rsa_model" "train_model" "doTryCatch" "tryCatchOne" "tryCatchList" "tryCatch" "fit_roi.rsa_model" "fit_roi" "doTryCatch" "tryCatchOne" "tryCatchList" "tryCatch" "process_roi.default" "process_roi" "doTryCatch" "tryCatchOne" "tryCatchList" "tryCatch" "worker_impl" "worker_fun" "run_map" "run_future.shard_model_spec" "run_future" "doTryCatch" "tryCatchOne" "tryCatchList" "tryCatch" "doTryCatch" "tryCatchOne" "tryCatchList" "tryCatch" "mvpa_fun" "do_standard" "<Anonymous>" "do.call" "run_searchlight.default" "run_searchlight" "system.time" 
"has_length" "check_valid_cols" "check_valid_col" "tibble_quos" "tibble::tibble" "roi_result_to_tibble" "process_roi.default" "process_roi" "doTryCatch" "tryCatchOne" "tryCatchList" "tryCatch" "worker_impl" "worker_fun" "run_map" "run_future.shard_model_spec" "run_future" "doTryCatch" "tryCatchOne" "tryCatchList" "tryCatch" "doTryCatch" "tryCatchOne" "tryCatchList" "tryCatch" "mvpa_fun" "do_standard" "<Anonymous>" "do.call" "run_searchlight.default" "run_searchlight" "system.time" 
"shard_extract_roi_volumetric" "shard_extract_roi" "doTryCatch" "tryCatchOne" "tryCatchList" "tryCatch" "worker_impl" "worker_fun" "run_map" "run_future.shard_model_spec" "run_future" "doTryCatch" "tryCatchOne" "tryCatchList" "tryCatch" "doTryCatch" "tryCatchOne" "tryCatchList" "tryCatch" "mvpa_fun" "do_standard" "<Anonymous>" "do.call" "run_searchlight.default" "run_searchlight" "system.time" 
"array" "aperm" "sweep" ".rdm_vector_correlation" "train_model.rsa_model" "train_model" "doTryCatch" "tryCatchOne" "tryCatchList" "tryCatch" "fit_roi.rsa_model" "fit_roi" "doTryCatch" "tryCatchOne" "tryCatchList" "tryCatch" "process_roi.default" "process_roi" "doTryCatch" "tryCatchOne" "tryCatchList" "tryCatch" "worker_impl" "worker_fun" "run_map" "run_future.shard_model_spec" "run_future" "doTryCatch" "tryCatchOne" "tryCatchList" "tryCatch" "doTryCatch" "tryCatchOne" "tryCatchList" "tryCatch" "mvpa_fun" "do_standard" "<Anonymous>" "do.call" "run_searchlight.default" "run_searchlight" "system.time" 
"shard_extract_roi_volumetric" "shard_extract_roi" "doTryCatch" "tryCatchOne" "tryCatchList" "tryCatch" "worker_impl" "worker_fun" "run_map" "run_future.shard_model_spec" "run_future" "doTryCatch" "tryCatchOne" "tryCatchList" "tryCatch" "doTryCatch" "tryCatchOne" "tryCatchList" "tryCatch" "mvpa_fun" "do_standard" "<Anonymous>" "do.call" "run_searchlight.default" "run_searchlight" "system.time" 
"<Anonymous>" "glue_data" "glue::glue" ".name_spec" "<Anonymous>" ".External2" "vec_c" "splice_dfs" "tibble_quos" "tibble::tibble" "roi_result_to_tibble" "process_roi.default" "process_roi" "doTryCatch" "tryCatchOne" "tryCatchList" "tryCatch" "worker_impl" "worker_fun" "run_map" "run_future.shard_model_spec" "run_future" "doTryCatch" "tryCatchOne" "tryCatchList" "tryCatch" "doTryCatch" "tryCatchOne" "tryCatchList" "tryCatch" "mvpa_fun" "do_standard" "<Anonymous>" "do.call" "run_searchlight.default" "run_searchlight" "system.time" 
"names" "names" ".inheritedArgsExpression" ".findInheritedMethods" ".findNextFromTable" "addNextMethod" "addNextMethod" "callNextMethod" ".nextMethod" "callNextMethod" "initialize" "initialize" "new" "neuroim2::ROIVec" "shard_extract_roi_volumetric" "shard_extract_roi" "doTryCatch" "tryCatchOne" "tryCatchList" "tryCatch" "worker_impl" "worker_fun" "run_map" "run_future.shard_model_spec" "run_future" "doTryCatch" "tryCatchOne" "tryCatchList" "tryCatch" "doTryCatch" "tryCatchOne" "tryCatchList" "tryCatch" "mvpa_fun" "do_standard" "<Anonymous>" "do.call" "run_searchlight.default" "run_searchlight" "system.time" 
".filter_roi_stats_fast" ".filter_roi_stats" "filter_roi.ROIVec" "filter_roi" "doTryCatch" "tryCatchOne" "tryCatchList" "tryCatch" "try" "shard_extract_roi_volumetric" "shard_extract_roi" "doTryCatch" "tryCatchOne" "tryCatchList" "tryCatch" "worker_impl" "worker_fun" "run_map" "run_future.shard_model_spec" "run_future" "doTryCatch" "tryCatchOne" "tryCatchList" "tryCatch" "doTryCatch" "tryCatchOne" "tryCatchList" "tryCatch" "mvpa_fun" "do_standard" "<Anonymous>" "do.call" "run_searchlight.default" "run_searchlight" "system.time" 
"grep" "detect_dot_dot" "validate_unique" "<Anonymous>" "vec_as_names" "withCallingHandlers" "subclass_name_repair_errors" "repaired_names" "set_repaired_names" "tibble_quos" "tibble::tibble" "roi_result_to_tibble" "process_roi.default" "process_roi" "doTryCatch" "tryCatchOne" "tryCatchList" "tryCatch" "worker_impl" "worker_fun" "run_map" "run_future.shard_model_spec" "run_future" "doTryCatch" "tryCatchOne" "tryCatchList" "tryCatch" "doTryCatch" "tryCatchOne" "tryCatchList" "tryCatch" "mvpa_fun" "do_standard" "<Anonymous>" "do.call" "run_searchlight.default" "run_searchlight" "system.time" 
"pmax" ".filter_roi_stats_fast" ".filter_roi_stats" "filter_roi.ROIVec" "filter_roi" "doTryCatch" "tryCatchOne" "tryCatchList" "tryCatch" "try" "shard_extract_roi_volumetric" "shard_extract_roi" "doTryCatch" "tryCatchOne" "tryCatchList" "tryCatch" "worker_impl" "worker_fun" "run_map" "run_future.shard_model_spec" "run_future" "doTryCatch" "tryCatchOne" "tryCatchList" "tryCatch" "doTryCatch" "tryCatchOne" "tryCatchList" "tryCatch" "mvpa_fun" "do_standard" "<Anonymous>" "do.call" "run_searchlight.default" "run_searchlight" "system.time" 
"list" "tools::nonS3methods" "utils::getS3method" ".has_fit_roi" "process_roi.default" "process_roi" "doTryCatch" "tryCatchOne" "tryCatchList" "tryCatch" "worker_impl" "worker_fun" "run_map" "run_future.shard_model_spec" "run_future" "doTryCatch" "tryCatchOne" "tryCatchList" "tryCatch" "doTryCatch" "tryCatchOne" "tryCatchList" "tryCatch" "mvpa_fun" "do_standard" "<Anonymous>" "do.call" "run_searchlight.default" "run_searchlight" "system.time" 
".filter_roi_stats_fast" ".filter_roi_stats" "filter_roi.ROIVec" "filter_roi" "doTryCatch" "tryCatchOne" "tryCatchList" "tryCatch" "try" "shard_extract_roi_volumetric" "shard_extract_roi" "doTryCatch" "tryCatchOne" "tryCatchList" "tryCatch" "worker_impl" "worker_fun" "run_map" "run_future.shard_model_spec" "run_future" "doTryCatch" "tryCatchOne" "tryCatchList" "tryCatch" "doTryCatch" "tryCatchOne" "tryCatchList" "tryCatch" "mvpa_fun" "do_standard" "<Anonymous>" "do.call" "run_searchlight.default" "run_searchlight" "system.time" 
".identC" "possibleExtends" "extends" ".nextMethod" "callNextMethod" ".nextMethod" "callNextMethod" "initialize" "initialize" "new" "neuroim2::ROIVec" "shard_extract_roi_volumetric" "shard_extract_roi" "doTryCatch" "tryCatchOne" "tryCatchList" "tryCatch" "worker_impl" "worker_fun" "run_map" "run_future.shard_model_spec" "run_future" "doTryCatch" "tryCatchOne" "tryCatchList" "tryCatch" "doTryCatch" "tryCatchOne" "tryCatchList" "tryCatch" "mvpa_fun" "do_standard" "<Anonymous>" "do.call" "run_searchlight.default" "run_searchlight" "system.time" 
"seq_along" ".inheritedArgsExpression" ".findInheritedMethods" ".findNextFromTable" "addNextMethod" "addNextMethod" "callNextMethod" ".nextMethod" "callNextMethod" "initialize" "initialize" "new" "ROIVec" "filter_roi.ROIVec" "filter_roi" "doTryCatch" "tryCatchOne" "tryCatchList" "tryCatch" "try" "shard_extract_roi_volumetric" "shard_extract_roi" "doTryCatch" "tryCatchOne" "tryCatchList" "tryCatch" "worker_impl" "worker_fun" "run_map" "run_future.shard_model_spec" "run_future" "doTryCatch" "tryCatchOne" "tryCatchList" "tryCatch" "doTryCatch" "tryCatchOne" "tryCatchList" "tryCatch" "mvpa_fun" "do_standard" "<Anonymous>" "do.call" "run_searchlight.default" "run_searchlight" "system.time" 
"grep" "detect_dot_dot" "validate_unique" "<Anonymous>" "vec_as_names" "withCallingHandlers" "subclass_name_repair_errors" "repaired_names" "set_repaired_names" "tibble_quos" "tibble::tibble" "roi_result_to_tibble" "process_roi.default" "process_roi" "doTryCatch" "tryCatchOne" "tryCatchList" "tryCatch" "worker_impl" "worker_fun" "run_map" "run_future.shard_model_spec" "run_future" "doTryCatch" "tryCatchOne" "tryCatchList" "tryCatch" "doTryCatch" "tryCatchOne" "tryCatchList" "tryCatch" "mvpa_fun" "do_standard" "<Anonymous>" "do.call" "run_searchlight.default" "run_searchlight" "system.time" 
"%%" "arrayInd" "shard_extract_roi_volumetric" "shard_extract_roi" "doTryCatch" "tryCatchOne" "tryCatchList" "tryCatch" "worker_impl" "worker_fun" "run_map" "run_future.shard_model_spec" "run_future" "doTryCatch" "tryCatchOne" "tryCatchList" "tryCatch" "doTryCatch" "tryCatchOne" "tryCatchList" "tryCatch" "mvpa_fun" "do_standard" "<Anonymous>" "do.call" "run_searchlight.default" "run_searchlight" "system.time" 
"pmin" ".filter_roi_stats_fast" ".filter_roi_stats" "filter_roi.ROIVec" "filter_roi" "doTryCatch" "tryCatchOne" "tryCatchList" "tryCatch" "try" "shard_extract_roi_volumetric" "shard_extract_roi" "doTryCatch" "tryCatchOne" "tryCatchList" "tryCatch" "worker_impl" "worker_fun" "run_map" "run_future.shard_model_spec" "run_future" "doTryCatch" "tryCatchOne" "tryCatchList" "tryCatch" "doTryCatch" "tryCatchOne" "tryCatchList" "tryCatch" "mvpa_fun" "do_standard" "<Anonymous>" "do.call" "run_searchlight.default" "run_searchlight" "system.time" 
"shard_extract_roi_volumetric" "shard_extract_roi" "doTryCatch" "tryCatchOne" "tryCatchList" "tryCatch" "worker_impl" "worker_fun" "run_map" "run_future.shard_model_spec" "run_future" "doTryCatch" "tryCatchOne" "tryCatchList" "tryCatch" "doTryCatch" "tryCatchOne" "tryCatchList" "tryCatch" "mvpa_fun" "do_standard" "<Anonymous>" "do.call" "run_searchlight.default" "run_searchlight" "system.time" 
"pmin" ".filter_roi_stats_fast" ".filter_roi_stats" "filter_roi.ROIVec" "filter_roi" "doTryCatch" "tryCatchOne" "tryCatchList" "tryCatch" "try" "shard_extract_roi_volumetric" "shard_extract_roi" "doTryCatch" "tryCatchOne" "tryCatchList" "tryCatch" "worker_impl" "worker_fun" "run_map" "run_future.shard_model_spec" "run_future" "doTryCatch" "tryCatchOne" "tryCatchList" "tryCatch" "doTryCatch" "tryCatchOne" "tryCatchList" "tryCatch" "mvpa_fun" "do_standard" "<Anonymous>" "do.call" "run_searchlight.default" "run_searchlight" "system.time" 
"pmin" ".filter_roi_stats_fast" ".filter_roi_stats" "filter_roi.ROIVec" "filter_roi" "doTryCatch" "tryCatchOne" "tryCatchList" "tryCatch" "try" "shard_extract_roi_volumetric" "shard_extract_roi" "doTryCatch" "tryCatchOne" "tryCatchList" "tryCatch" "worker_impl" "worker_fun" "run_map" "run_future.shard_model_spec" "run_future" "doTryCatch" "tryCatchOne" "tryCatchList" "tryCatch" "doTryCatch" "tryCatchOne" "tryCatchList" "tryCatch" "mvpa_fun" "do_standard" "<Anonymous>" "do.call" "run_searchlight.default" "run_searchlight" "system.time" 
"shard_extract_roi_volumetric" "shard_extract_roi" "doTryCatch" "tryCatchOne" "tryCatchList" "tryCatch" "worker_impl" "worker_fun" "run_map" "run_future.shard_model_spec" "run_future" "doTryCatch" "tryCatchOne" "tryCatchList" "tryCatch" "doTryCatch" "tryCatchOne" "tryCatchList" "tryCatch" "mvpa_fun" "do_standard" "<Anonymous>" "do.call" "run_searchlight.default" "run_searchlight" "system.time" 
".filter_roi_stats_fast" ".filter_roi_stats" "filter_roi.ROIVec" "filter_roi" "doTryCatch" "tryCatchOne" "tryCatchList" "tryCatch" "try" "shard_extract_roi_volumetric" "shard_extract_roi" "doTryCatch" "tryCatchOne" "tryCatchList" "tryCatch" "worker_impl" "worker_fun" "run_map" "run_future.shard_model_spec" "run_future" "doTryCatch" "tryCatchOne" "tryCatchList" "tryCatch" "doTryCatch" "tryCatchOne" "tryCatchList" "tryCatch" "mvpa_fun" "do_standard" "<Anonymous>" "do.call" "run_searchlight.default" "run_searchlight" "system.time" 
"rowMeans" "sweep" ".rdm_vector_correlation" "train_model.rsa_model" "train_model" "doTryCatch" "tryCatchOne" "tryCatchList" "tryCatch" "fit_roi.rsa_model" "fit_roi" "doTryCatch" "tryCatchOne" "tryCatchList" "tryCatch" "process_roi.default" "process_roi" "doTryCatch" "tryCatchOne" "tryCatchList" "tryCatch" "worker_impl" "worker_fun" "run_map" "run_future.shard_model_spec" "run_future" "doTryCatch" "tryCatchOne" "tryCatchList" "tryCatch" "doTryCatch" "tryCatchOne" "tryCatchList" "tryCatch" "mvpa_fun" "do_standard" "<Anonymous>" "do.call" "run_searchlight.default" "run_searchlight" "system.time" 
"ROIVec" "filter_roi.ROIVec" "filter_roi" "doTryCatch" "tryCatchOne" "tryCatchList" "tryCatch" "try" "shard_extract_roi_volumetric" "shard_extract_roi" "doTryCatch" "tryCatchOne" "tryCatchList" "tryCatch" "worker_impl" "worker_fun" "run_map" "run_future.shard_model_spec" "run_future" "doTryCatch" "tryCatchOne" "tryCatchList" "tryCatch" "doTryCatch" "tryCatchOne" "tryCatchList" "tryCatch" "mvpa_fun" "do_standard" "<Anonymous>" "do.call" "run_searchlight.default" "run_searchlight" "system.time" 
".filter_roi_stats_fast" ".filter_roi_stats" "filter_roi.ROIVec" "filter_roi" "doTryCatch" "tryCatchOne" "tryCatchList" "tryCatch" "try" "shard_extract_roi_volumetric" "shard_extract_roi" "doTryCatch" "tryCatchOne" "tryCatchList" "tryCatch" "worker_impl" "worker_fun" "run_map" "run_future.shard_model_spec" "run_future" "doTryCatch" "tryCatchOne" "tryCatchList" "tryCatch" "doTryCatch" "tryCatchOne" "tryCatchList" "tryCatch" "mvpa_fun" "do_standard" "<Anonymous>" "do.call" "run_searchlight.default" "run_searchlight" "system.time" 
"shard_extract_roi_volumetric" "shard_extract_roi" "doTryCatch" "tryCatchOne" "tryCatchList" "tryCatch" "worker_impl" "worker_fun" "run_map" "run_future.shard_model_spec" "run_future" "doTryCatch" "tryCatchOne" "tryCatchList" "tryCatch" "doTryCatch" "tryCatchOne" "tryCatchList" "tryCatch" "mvpa_fun" "do_standard" "<Anonymous>" "do.call" "run_searchlight.default" "run_searchlight" "system.time" 
"doTryCatch" "tryCatchOne" "tryCatchList" "tryCatch" "try" "validObject" "initialize" "initialize" "new" ".findNextFromTable" "addNextMethod" "addNextMethod" "callNextMethod" ".nextMethod" "callNextMethod" "initialize" "initialize" "new" "neuroim2::ROIVec" "shard_extract_roi_volumetric" "shard_extract_roi" "doTryCatch" "tryCatchOne" "tryCatchList" "tryCatch" "worker_impl" "worker_fun" "run_map" "run_future.shard_model_spec" "run_future" "doTryCatch" "tryCatchOne" "tryCatchList" "tryCatch" "doTryCatch" "tryCatchOne" "tryCatchList" "tryCatch" "mvpa_fun" "do_standard" "<Anonymous>" "do.call" "run_searchlight.default" "run_searchlight" "system.time" 
".filter_roi_stats_fast" ".filter_roi_stats" "filter_roi.ROIVec" "filter_roi" "doTryCatch" "tryCatchOne" "tryCatchList" "tryCatch" "try" "shard_extract_roi_volumetric" "shard_extract_roi" "doTryCatch" "tryCatchOne" "tryCatchList" "tryCatch" "worker_impl" "worker_fun" "run_map" "run_future.shard_model_spec" "run_future" "doTryCatch" "tryCatchOne" "tryCatchList" "tryCatch" "doTryCatch" "tryCatchOne" "tryCatchList" "tryCatch" "mvpa_fun" "do_standard" "<Anonymous>" "do.call" "run_searchlight.default" "run_searchlight" "system.time" 
"rowMeans" "sweep" ".rdm_vector_correlation" "train_model.rsa_model" "train_model" "doTryCatch" "tryCatchOne" "tryCatchList" "tryCatch" "fit_roi.rsa_model" "fit_roi" "doTryCatch" "tryCatchOne" "tryCatchList" "tryCatch" "process_roi.default" "process_roi" "doTryCatch" "tryCatchOne" "tryCatchList" "tryCatch" "worker_impl" "worker_fun" "run_map" "run_future.shard_model_spec" "run_future" "doTryCatch" "tryCatchOne" "tryCatchList" "tryCatch" "doTryCatch" "tryCatchOne" "tryCatchList" "tryCatch" "mvpa_fun" "do_standard" "<Anonymous>" "do.call" "run_searchlight.default" "run_searchlight" "system.time" 
"validObject" ".nextMethod" "callNextMethod" ".nextMethod" "callNextMethod" "initialize" "initialize" "new" "ROIVec" "filter_roi.ROIVec" "filter_roi" "doTryCatch" "tryCatchOne" "tryCatchList" "tryCatch" "try" "shard_extract_roi_volumetric" "shard_extract_roi" "doTryCatch" "tryCatchOne" "tryCatchList" "tryCatch" "worker_impl" "worker_fun" "run_map" "run_future.shard_model_spec" "run_future" "doTryCatch" "tryCatchOne" "tryCatchList" "tryCatch" "doTryCatch" "tryCatchOne" "tryCatchList" "tryCatch" "mvpa_fun" "do_standard" "<Anonymous>" "do.call" "run_searchlight.default" "run_searchlight" "system.time" 
"shard_extract_roi_volumetric" "shard_extract_roi" "doTryCatch" "tryCatchOne" "tryCatchList" "tryCatch" "worker_impl" "worker_fun" "run_map" "run_future.shard_model_spec" "run_future" "doTryCatch" "tryCatchOne" "tryCatchList" "tryCatch" "doTryCatch" "tryCatchOne" "tryCatchList" "tryCatch" "mvpa_fun" "do_standard" "<Anonymous>" "do.call" "run_searchlight.default" "run_searchlight" "system.time" 
"is.data.frame" "rowSums" ".rdm_vector_correlation" "train_model.rsa_model" "train_model" "doTryCatch" "tryCatchOne" "tryCatchList" "tryCatch" "fit_roi.rsa_model" "fit_roi" "doTryCatch" "tryCatchOne" "tryCatchList" "tryCatch" "process_roi.default" "process_roi" "doTryCatch" "tryCatchOne" "tryCatchList" "tryCatch" "worker_impl" "worker_fun" "run_map" "run_future.shard_model_spec" "run_future" "doTryCatch" "tryCatchOne" "tryCatchList" "tryCatch" "doTryCatch" "tryCatchOne" "tryCatchList" "tryCatch" "mvpa_fun" "do_standard" "<Anonymous>" "do.call" "run_searchlight.default" "run_searchlight" "system.time" 
"shard_extract_roi_volumetric" "shard_extract_roi" "doTryCatch" "tryCatchOne" "tryCatchList" "tryCatch" "worker_impl" "worker_fun" "run_map" "run_future.shard_model_spec" "run_future" "doTryCatch" "tryCatchOne" "tryCatchList" "tryCatch" "doTryCatch" "tryCatchOne" "tryCatchList" "tryCatch" "mvpa_fun" "do_standard" "<Anonymous>" "do.call" "run_searchlight.default" "run_searchlight" "system.time" 
".filter_roi_stats_fast" ".filter_roi_stats" "filter_roi.ROIVec" "filter_roi" "doTryCatch" "tryCatchOne" "tryCatchList" "tryCatch" "try" "shard_extract_roi_volumetric" "shard_extract_roi" "doTryCatch" "tryCatchOne" "tryCatchList" "tryCatch" "worker_impl" "worker_fun" "run_map" "run_future.shard_model_spec" "run_future" "doTryCatch" "tryCatchOne" "tryCatchList" "tryCatch" "doTryCatch" "tryCatchOne" "tryCatchList" "tryCatch" "mvpa_fun" "do_standard" "<Anonymous>" "do.call" "run_searchlight.default" "run_searchlight" "system.time" 
"ROIVec" "filter_roi.ROIVec" "filter_roi" "doTryCatch" "tryCatchOne" "tryCatchList" "tryCatch" "try" "shard_extract_roi_volumetric" "shard_extract_roi" "doTryCatch" "tryCatchOne" "tryCatchList" "tryCatch" "worker_impl" "worker_fun" "run_map" "run_future.shard_model_spec" "run_future" "doTryCatch" "tryCatchOne" "tryCatchList" "tryCatch" "doTryCatch" "tryCatchOne" "tryCatchList" "tryCatch" "mvpa_fun" "do_standard" "<Anonymous>" "do.call" "run_searchlight.default" "run_searchlight" "system.time" 
"rowMeans" "sweep" ".rdm_vector_correlation" "train_model.rsa_model" "train_model" "doTryCatch" "tryCatchOne" "tryCatchList" "tryCatch" "fit_roi.rsa_model" "fit_roi" "doTryCatch" "tryCatchOne" "tryCatchList" "tryCatch" "process_roi.default" "process_roi" "doTryCatch" "tryCatchOne" "tryCatchList" "tryCatch" "worker_impl" "worker_fun" "run_map" "run_future.shard_model_spec" "run_future" "doTryCatch" "tryCatchOne" "tryCatchList" "tryCatch" "doTryCatch" "tryCatchOne" "tryCatchList" "tryCatch" "mvpa_fun" "do_standard" "<Anonymous>" "do.call" "run_searchlight.default" "run_searchlight" "system.time" 
".filter_roi_stats_fast" ".filter_roi_stats" "filter_roi.ROIVec" "filter_roi" "doTryCatch" "tryCatchOne" "tryCatchList" "tryCatch" "try" "shard_extract_roi_volumetric" "shard_extract_roi" "doTryCatch" "tryCatchOne" "tryCatchList" "tryCatch" "worker_impl" "worker_fun" "run_map" "run_future.shard_model_spec" "run_future" "doTryCatch" "tryCatchOne" "tryCatchList" "tryCatch" "doTryCatch" "tryCatchOne" "tryCatchList" "tryCatch" "mvpa_fun" "do_standard" "<Anonymous>" "do.call" "run_searchlight.default" "run_searchlight" "system.time" 
".filter_roi_stats_fast" ".filter_roi_stats" "filter_roi.ROIVec" "filter_roi" "doTryCatch" "tryCatchOne" "tryCatchList" "tryCatch" "try" "shard_extract_roi_volumetric" "shard_extract_roi" "doTryCatch" "tryCatchOne" "tryCatchList" "tryCatch" "worker_impl" "worker_fun" "run_map" "run_future.shard_model_spec" "run_future" "doTryCatch" "tryCatchOne" "tryCatchList" "tryCatch" "doTryCatch" "tryCatchOne" "tryCatchList" "tryCatch" "mvpa_fun" "do_standard" "<Anonymous>" "do.call" "run_searchlight.default" "run_searchlight" "system.time" 
"shard_extract_roi_volumetric" "shard_extract_roi" "doTryCatch" "tryCatchOne" "tryCatchList" "tryCatch" "worker_impl" "worker_fun" "run_map" "run_future.shard_model_spec" "run_future" "doTryCatch" "tryCatchOne" "tryCatchList" "tryCatch" "doTryCatch" "tryCatchOne" "tryCatchList" "tryCatch" "mvpa_fun" "do_standard" "<Anonymous>" "do.call" "run_searchlight.default" "run_searchlight" "system.time" 
".filter_roi_stats_fast" ".filter_roi_stats" "filter_roi.ROIVec" "filter_roi" "doTryCatch" "tryCatchOne" "tryCatchList" "tryCatch" "try" "shard_extract_roi_volumetric" "shard_extract_roi" "doTryCatch" "tryCatchOne" "tryCatchList" "tryCatch" "worker_impl" "worker_fun" "run_map" "run_future.shard_model_spec" "run_future" "doTryCatch" "tryCatchOne" "tryCatchList" "tryCatch" "doTryCatch" "tryCatchOne" "tryCatchList" "tryCatch" "mvpa_fun" "do_standard" "<Anonymous>" "do.call" "run_searchlight.default" "run_searchlight" "system.time" 
"ROIVec" "filter_roi.ROIVec" "filter_roi" "doTryCatch" "tryCatchOne" "tryCatchList" "tryCatch" "try" "shard_extract_roi_volumetric" "shard_extract_roi" "doTryCatch" "tryCatchOne" "tryCatchList" "tryCatch" "worker_impl" "worker_fun" "run_map" "run_future.shard_model_spec" "run_future" "doTryCatch" "tryCatchOne" "tryCatchList" "tryCatch" "doTryCatch" "tryCatchOne" "tryCatchList" "tryCatch" "mvpa_fun" "do_standard" "<Anonymous>" "do.call" "run_searchlight.default" "run_searchlight" "system.time" 
"array" "aperm" "sweep" ".rdm_vector_correlation" "train_model.rsa_model" "train_model" "doTryCatch" "tryCatchOne" "tryCatchList" "tryCatch" "fit_roi.rsa_model" "fit_roi" "doTryCatch" "tryCatchOne" "tryCatchList" "tryCatch" "process_roi.default" "process_roi" "doTryCatch" "tryCatchOne" "tryCatchList" "tryCatch" "worker_impl" "worker_fun" "run_map" "run_future.shard_model_spec" "run_future" "doTryCatch" "tryCatchOne" "tryCatchList" "tryCatch" "doTryCatch" "tryCatchOne" "tryCatchList" "tryCatch" "mvpa_fun" "do_standard" "<Anonymous>" "do.call" "run_searchlight.default" "run_searchlight" "system.time" 
"%in%" "extends" "initialize" "initialize" "new" ".findNextFromTable" "addNextMethod" "addNextMethod" "callNextMethod" ".nextMethod" "callNextMethod" "initialize" "initialize" "new" "neuroim2::ROIVec" "shard_extract_roi_volumetric" "shard_extract_roi" "doTryCatch" "tryCatchOne" "tryCatchList" "tryCatch" "worker_impl" "worker_fun" "run_map" "run_future.shard_model_spec" "run_future" "doTryCatch" "tryCatchOne" "tryCatchList" "tryCatch" "doTryCatch" "tryCatchOne" "tryCatchList" "tryCatch" "mvpa_fun" "do_standard" "<Anonymous>" "do.call" "run_searchlight.default" "run_searchlight" "system.time" 
"vapply" "pmax" ".filter_roi_stats_fast" ".filter_roi_stats" "filter_roi.ROIVec" "filter_roi" "doTryCatch" "tryCatchOne" "tryCatchList" "tryCatch" "try" "shard_extract_roi_volumetric" "shard_extract_roi" "doTryCatch" "tryCatchOne" "tryCatchList" "tryCatch" "worker_impl" "worker_fun" "run_map" "run_future.shard_model_spec" "run_future" "doTryCatch" "tryCatchOne" "tryCatchList" "tryCatch" "doTryCatch" "tryCatchOne" "tryCatchList" "tryCatch" "mvpa_fun" "do_standard" "<Anonymous>" "do.call" "run_searchlight.default" "run_searchlight" "system.time" 
"tryCatchOne" "tryCatchList" "tryCatch" "process_roi.default" "process_roi" "doTryCatch" "tryCatchOne" "tryCatchList" "tryCatch" "worker_impl" "worker_fun" "run_map" "run_future.shard_model_spec" "run_future" "doTryCatch" "tryCatchOne" "tryCatchList" "tryCatch" "doTryCatch" "tryCatchOne" "tryCatchList" "tryCatch" "mvpa_fun" "do_standard" "<Anonymous>" "do.call" "run_searchlight.default" "run_searchlight" "system.time" 
"ROIVec" "filter_roi.ROIVec" "filter_roi" "doTryCatch" "tryCatchOne" "tryCatchList" "tryCatch" "try" "shard_extract_roi_volumetric" "shard_extract_roi" "doTryCatch" "tryCatchOne" "tryCatchList" "tryCatch" "worker_impl" "worker_fun" "run_map" "run_future.shard_model_spec" "run_future" "doTryCatch" "tryCatchOne" "tryCatchList" "tryCatch" "doTryCatch" "tryCatchOne" "tryCatchList" "tryCatch" "mvpa_fun" "do_standard" "<Anonymous>" "do.call" "run_searchlight.default" "run_searchlight" "system.time" 
"shard_extract_roi_volumetric" "shard_extract_roi" "doTryCatch" "tryCatchOne" "tryCatchList" "tryCatch" "worker_impl" "worker_fun" "run_map" "run_future.shard_model_spec" "run_future" "doTryCatch" "tryCatchOne" "tryCatchList" "tryCatch" "doTryCatch" "tryCatchOne" "tryCatchList" "tryCatch" "mvpa_fun" "do_standard" "<Anonymous>" "do.call" "run_searchlight.default" "run_searchlight" "system.time" 
".filter_roi_stats_fast" ".filter_roi_stats" "filter_roi.ROIVec" "filter_roi" "doTryCatch" "tryCatchOne" "tryCatchList" "tryCatch" "try" "shard_extract_roi_volumetric" "shard_extract_roi" "doTryCatch" "tryCatchOne" "tryCatchList" "tryCatch" "worker_impl" "worker_fun" "run_map" "run_future.shard_model_spec" "run_future" "doTryCatch" "tryCatchOne" "tryCatchList" "tryCatch" "doTryCatch" "tryCatchOne" "tryCatchList" "tryCatch" "mvpa_fun" "do_standard" "<Anonymous>" "do.call" "run_searchlight.default" "run_searchlight" "system.time" 
"rowMeans" "sweep" ".rdm_vector_correlation" "train_model.rsa_model" "train_model" "doTryCatch" "tryCatchOne" "tryCatchList" "tryCatch" "fit_roi.rsa_model" "fit_roi" "doTryCatch" "tryCatchOne" "tryCatchList" "tryCatch" "process_roi.default" "process_roi" "doTryCatch" "tryCatchOne" "tryCatchList" "tryCatch" "worker_impl" "worker_fun" "run_map" "run_future.shard_model_spec" "run_future" "doTryCatch" "tryCatchOne" "tryCatchList" "tryCatch" "doTryCatch" "tryCatchOne" "tryCatchList" "tryCatch" "mvpa_fun" "do_standard" "<Anonymous>" "do.call" "run_searchlight.default" "run_searchlight" "system.time" 
"shard_extract_roi_volumetric" "shard_extract_roi" "doTryCatch" "tryCatchOne" "tryCatchList" "tryCatch" "worker_impl" "worker_fun" "run_map" "run_future.shard_model_spec" "run_future" "doTryCatch" "tryCatchOne" "tryCatchList" "tryCatch" "doTryCatch" "tryCatchOne" "tryCatchList" "tryCatch" "mvpa_fun" "do_standard" "<Anonymous>" "do.call" "run_searchlight.default" "run_searchlight" "system.time" 
"shard_extract_roi_volumetric" "shard_extract_roi" "doTryCatch" "tryCatchOne" "tryCatchList" "tryCatch" "worker_impl" "worker_fun" "run_map" "run_future.shard_model_spec" "run_future" "doTryCatch" "tryCatchOne" "tryCatchList" "tryCatch" "doTryCatch" "tryCatchOne" "tryCatchList" "tryCatch" "mvpa_fun" "do_standard" "<Anonymous>" "do.call" "run_searchlight.default" "run_searchlight" "system.time" 
".filter_roi_stats_fast" ".filter_roi_stats" "filter_roi.ROIVec" "filter_roi" "doTryCatch" "tryCatchOne" "tryCatchList" "tryCatch" "try" "shard_extract_roi_volumetric" "shard_extract_roi" "doTryCatch" "tryCatchOne" "tryCatchList" "tryCatch" "worker_impl" "worker_fun" "run_map" "run_future.shard_model_spec" "run_future" "doTryCatch" "tryCatchOne" "tryCatchList" "tryCatch" "doTryCatch" "tryCatchOne" "tryCatchList" "tryCatch" "mvpa_fun" "do_standard" "<Anonymous>" "do.call" "run_searchlight.default" "run_searchlight" "system.time" 
"is.data.frame" "rowSums" ".rdm_vector_correlation" "train_model.rsa_model" "train_model" "doTryCatch" "tryCatchOne" "tryCatchList" "tryCatch" "fit_roi.rsa_model" "fit_roi" "doTryCatch" "tryCatchOne" "tryCatchList" "tryCatch" "process_roi.default" "process_roi" "doTryCatch" "tryCatchOne" "tryCatchList" "tryCatch" "worker_impl" "worker_fun" "run_map" "run_future.shard_model_spec" "run_future" "doTryCatch" "tryCatchOne" "tryCatchList" "tryCatch" "doTryCatch" "tryCatchOne" "tryCatchList" "tryCatch" "mvpa_fun" "do_standard" "<Anonymous>" "do.call" "run_searchlight.default" "run_searchlight" "system.time" 
"pmax" ".filter_roi_stats_fast" ".filter_roi_stats" "filter_roi.ROIVec" "filter_roi" "doTryCatch" "tryCatchOne" "tryCatchList" "tryCatch" "try" "shard_extract_roi_volumetric" "shard_extract_roi" "doTryCatch" "tryCatchOne" "tryCatchList" "tryCatch" "worker_impl" "worker_fun" "run_map" "run_future.shard_model_spec" "run_future" "doTryCatch" "tryCatchOne" "tryCatchList" "tryCatch" "doTryCatch" "tryCatchOne" "tryCatchList" "tryCatch" "mvpa_fun" "do_standard" "<Anonymous>" "do.call" "run_searchlight.default" "run_searchlight" "system.time" 
"strsplit" "lengths" ".fillSignatures" ".findInheritedMethods" ".findNextFromTable" "addNextMethod" "addNextMethod" "callNextMethod" ".nextMethod" "callNextMethod" "initialize" "initialize" "new" "ROIVec" "filter_roi.ROIVec" "filter_roi" "doTryCatch" "tryCatchOne" "tryCatchList" "tryCatch" "try" "shard_extract_roi_volumetric" "shard_extract_roi" "doTryCatch" "tryCatchOne" "tryCatchList" "tryCatch" "worker_impl" "worker_fun" "run_map" "run_future.shard_model_spec" "run_future" "doTryCatch" "tryCatchOne" "tryCatchList" "tryCatch" "doTryCatch" "tryCatchOne" "tryCatchList" "tryCatch" "mvpa_fun" "do_standard" "<Anonymous>" "do.call" "run_searchlight.default" "run_searchlight" "system.time" 
"arrayInd" "shard_extract_roi_volumetric" "shard_extract_roi" "doTryCatch" "tryCatchOne" "tryCatchList" "tryCatch" "worker_impl" "worker_fun" "run_map" "run_future.shard_model_spec" "run_future" "doTryCatch" "tryCatchOne" "tryCatchList" "tryCatch" "doTryCatch" "tryCatchOne" "tryCatchList" "tryCatch" "mvpa_fun" "do_standard" "<Anonymous>" "do.call" "run_searchlight.default" "run_searchlight" "system.time" 
"arrayInd" "shard_extract_roi_volumetric" "shard_extract_roi" "doTryCatch" "tryCatchOne" "tryCatchList" "tryCatch" "worker_impl" "worker_fun" "run_map" "run_future.shard_model_spec" "run_future" "doTryCatch" "tryCatchOne" "tryCatchList" "tryCatch" "doTryCatch" "tryCatchOne" "tryCatchList" "tryCatch" "mvpa_fun" "do_standard" "<Anonymous>" "do.call" "run_searchlight.default" "run_searchlight" "system.time" 
".findNextFromTable" "addNextMethod" "addNextMethod" "callNextMethod" ".nextMethod" "callNextMethod" "initialize" "initialize" "new" "neuroim2::ROIVec" "shard_extract_roi_volumetric" "shard_extract_roi" "doTryCatch" "tryCatchOne" "tryCatchList" "tryCatch" "worker_impl" "worker_fun" "run_map" "run_future.shard_model_spec" "run_future" "doTryCatch" "tryCatchOne" "tryCatchList" "tryCatch" "doTryCatch" "tryCatchOne" "tryCatchList" "tryCatch" "mvpa_fun" "do_standard" "<Anonymous>" "do.call" "run_searchlight.default" "run_searchlight" "system.time" 
"rev" ".nextMethod" "callNextMethod" ".nextMethod" "callNextMethod" "initialize" "initialize" "new" "ROIVec" "filter_roi.ROIVec" "filter_roi" "doTryCatch" "tryCatchOne" "tryCatchList" "tryCatch" "try" "shard_extract_roi_volumetric" "shard_extract_roi" "doTryCatch" "tryCatchOne" "tryCatchList" "tryCatch" "worker_impl" "worker_fun" "run_map" "run_future.shard_model_spec" "run_future" "doTryCatch" "tryCatchOne" "tryCatchList" "tryCatch" "doTryCatch" "tryCatchOne" "tryCatchList" "tryCatch" "mvpa_fun" "do_standard" "<Anonymous>" "do.call" "run_searchlight.default" "run_searchlight" "system.time" 
"pmax" ".filter_roi_stats_fast" ".filter_roi_stats" "filter_roi.ROIVec" "filter_roi" "doTryCatch" "tryCatchOne" "tryCatchList" "tryCatch" "try" "shard_extract_roi_volumetric" "shard_extract_roi" "doTryCatch" "tryCatchOne" "tryCatchList" "tryCatch" "worker_impl" "worker_fun" "run_map" "run_future.shard_model_spec" "run_future" "doTryCatch" "tryCatchOne" "tryCatchList" "tryCatch" "doTryCatch" "tryCatchOne" "tryCatchList" "tryCatch" "mvpa_fun" "do_standard" "<Anonymous>" "do.call" "run_searchlight.default" "run_searchlight" "system.time" 
"pmin" ".filter_roi_stats_fast" ".filter_roi_stats" "filter_roi.ROIVec" "filter_roi" "doTryCatch" "tryCatchOne" "tryCatchList" "tryCatch" "try" "shard_extract_roi_volumetric" "shard_extract_roi" "doTryCatch" "tryCatchOne" "tryCatchList" "tryCatch" "worker_impl" "worker_fun" "run_map" "run_future.shard_model_spec" "run_future" "doTryCatch" "tryCatchOne" "tryCatchList" "tryCatch" "doTryCatch" "tryCatchOne" "tryCatchList" "tryCatch" "mvpa_fun" "do_standard" "<Anonymous>" "do.call" "run_searchlight.default" "run_searchlight" "system.time" 
"logical" "vapply" "map_mold" "map_lgl" "which" "check_valid_cols" "check_valid_col" "tibble_quos" "tibble::tibble" "roi_result_to_tibble" "process_roi.default" "process_roi" "doTryCatch" "tryCatchOne" "tryCatchList" "tryCatch" "worker_impl" "worker_fun" "run_map" "run_future.shard_model_spec" "run_future" "doTryCatch" "tryCatchOne" "tryCatchList" "tryCatch" "doTryCatch" "tryCatchOne" "tryCatchList" "tryCatch" "mvpa_fun" "do_standard" "<Anonymous>" "do.call" "run_searchlight.default" "run_searchlight" "system.time" 
".filter_roi_stats_fast" ".filter_roi_stats" "filter_roi.ROIVec" "filter_roi" "doTryCatch" "tryCatchOne" "tryCatchList" "tryCatch" "try" "shard_extract_roi_volumetric" "shard_extract_roi" "doTryCatch" "tryCatchOne" "tryCatchList" "tryCatch" "worker_impl" "worker_fun" "run_map" "run_future.shard_model_spec" "run_future" "doTryCatch" "tryCatchOne" "tryCatchList" "tryCatch" "doTryCatch" "tryCatchOne" "tryCatchList" "tryCatch" "mvpa_fun" "do_standard" "<Anonymous>" "do.call" "run_searchlight.default" "run_searchlight" "system.time" 
"rowMeans" "sweep" ".rdm_vector_correlation" "train_model.rsa_model" "train_model" "doTryCatch" "tryCatchOne" "tryCatchList" "tryCatch" "fit_roi.rsa_model" "fit_roi" "doTryCatch" "tryCatchOne" "tryCatchList" "tryCatch" "process_roi.default" "process_roi" "doTryCatch" "tryCatchOne" "tryCatchList" "tryCatch" "worker_impl" "worker_fun" "run_map" "run_future.shard_model_spec" "run_future" "doTryCatch" "tryCatchOne" "tryCatchList" "tryCatch" "doTryCatch" "tryCatchOne" "tryCatchList" "tryCatch" "mvpa_fun" "do_standard" "<Anonymous>" "do.call" "run_searchlight.default" "run_searchlight" "system.time" 
"shard_extract_roi_volumetric" "shard_extract_roi" "doTryCatch" "tryCatchOne" "tryCatchList" "tryCatch" "worker_impl" "worker_fun" "run_map" "run_future.shard_model_spec" "run_future" "doTryCatch" "tryCatchOne" "tryCatchList" "tryCatch" "doTryCatch" "tryCatchOne" "tryCatchList" "tryCatch" "mvpa_fun" "do_standard" "<Anonymous>" "do.call" "run_searchlight.default" "run_searchlight" "system.time" 
"initialize" "initialize" "new" ".findNextFromTable" "addNextMethod" "addNextMethod" "callNextMethod" ".nextMethod" "callNextMethod" "initialize" "initialize" "new" "neuroim2::ROIVec" "shard_extract_roi_volumetric" "shard_extract_roi" "doTryCatch" "tryCatchOne" "tryCatchList" "tryCatch" "worker_impl" "worker_fun" "run_map" "run_future.shard_model_spec" "run_future" "doTryCatch" "tryCatchOne" "tryCatchList" "tryCatch" "doTryCatch" "tryCatchOne" "tryCatchList" "tryCatch" "mvpa_fun" "do_standard" "<Anonymous>" "do.call" "run_searchlight.default" "run_searchlight" "system.time" 
".filter_roi_stats_fast" ".filter_roi_stats" "filter_roi.ROIVec" "filter_roi" "doTryCatch" "tryCatchOne" "tryCatchList" "tryCatch" "try" "shard_extract_roi_volumetric" "shard_extract_roi" "doTryCatch" "tryCatchOne" "tryCatchList" "tryCatch" "worker_impl" "worker_fun" "run_map" "run_future.shard_model_spec" "run_future" "doTryCatch" "tryCatchOne" "tryCatchList" "tryCatch" "doTryCatch" "tryCatchOne" "tryCatchList" "tryCatch" "mvpa_fun" "do_standard" "<Anonymous>" "do.call" "run_searchlight.default" "run_searchlight" "system.time" 
"pmax" ".filter_roi_stats_fast" ".filter_roi_stats" "filter_roi.ROIVec" "filter_roi" "doTryCatch" "tryCatchOne" "tryCatchList" "tryCatch" "try" "shard_extract_roi_volumetric" "shard_extract_roi" "doTryCatch" "tryCatchOne" "tryCatchList" "tryCatch" "worker_impl" "worker_fun" "run_map" "run_future.shard_model_spec" "run_future" "doTryCatch" "tryCatchOne" "tryCatchList" "tryCatch" "doTryCatch" "tryCatchOne" "tryCatchList" "tryCatch" "mvpa_fun" "do_standard" "<Anonymous>" "do.call" "run_searchlight.default" "run_searchlight" "system.time" 
".findInheritedMethods" ".findNextFromTable" "addNextMethod" "addNextMethod" "callNextMethod" ".nextMethod" "callNextMethod" "initialize" "initialize" "new" "ROIVec" "filter_roi.ROIVec" "filter_roi" "doTryCatch" "tryCatchOne" "tryCatchList" "tryCatch" "try" "shard_extract_roi_volumetric" "shard_extract_roi" "doTryCatch" "tryCatchOne" "tryCatchList" "tryCatch" "worker_impl" "worker_fun" "run_map" "run_future.shard_model_spec" "run_future" "doTryCatch" "tryCatchOne" "tryCatchList" "tryCatch" "doTryCatch" "tryCatchOne" "tryCatchList" "tryCatch" "mvpa_fun" "do_standard" "<Anonymous>" "do.call" "run_searchlight.default" "run_searchlight" "system.time" 
"rowMeans" "sweep" ".rdm_vector_correlation" "train_model.rsa_model" "train_model" "doTryCatch" "tryCatchOne" "tryCatchList" "tryCatch" "fit_roi.rsa_model" "fit_roi" "doTryCatch" "tryCatchOne" "tryCatchList" "tryCatch" "process_roi.default" "process_roi" "doTryCatch" "tryCatchOne" "tryCatchList" "tryCatch" "worker_impl" "worker_fun" "run_map" "run_future.shard_model_spec" "run_future" "doTryCatch" "tryCatchOne" "tryCatchList" "tryCatch" "doTryCatch" "tryCatchOne" "tryCatchList" "tryCatch" "mvpa_fun" "do_standard" "<Anonymous>" "do.call" "run_searchlight.default" "run_searchlight" "system.time" 
"is.data.frame" "rowSums" ".rdm_vector_correlation" "train_model.rsa_model" "train_model" "doTryCatch" "tryCatchOne" "tryCatchList" "tryCatch" "fit_roi.rsa_model" "fit_roi" "doTryCatch" "tryCatchOne" "tryCatchList" "tryCatch" "process_roi.default" "process_roi" "doTryCatch" "tryCatchOne" "tryCatchList" "tryCatch" "worker_impl" "worker_fun" "run_map" "run_future.shard_model_spec" "run_future" "doTryCatch" "tryCatchOne" "tryCatchList" "tryCatch" "doTryCatch" "tryCatchOne" "tryCatchList" "tryCatch" "mvpa_fun" "do_standard" "<Anonymous>" "do.call" "run_searchlight.default" "run_searchlight" "system.time" 
"%in%" "extends" ".nextMethod" "callNextMethod" ".nextMethod" "callNextMethod" "initialize" "initialize" "new" "neuroim2::ROIVec" "shard_extract_roi_volumetric" "shard_extract_roi" "doTryCatch" "tryCatchOne" "tryCatchList" "tryCatch" "worker_impl" "worker_fun" "run_map" "run_future.shard_model_spec" "run_future" "doTryCatch" "tryCatchOne" "tryCatchList" "tryCatch" "doTryCatch" "tryCatchOne" "tryCatchList" "tryCatch" "mvpa_fun" "do_standard" "<Anonymous>" "do.call" "run_searchlight.default" "run_searchlight" "system.time" 
"length" "isTRUE" "which" "lapply" "glue_data" "glue::glue" ".name_spec" "<Anonymous>" ".External2" "vec_c" "splice_dfs" "tibble_quos" "tibble::tibble" "roi_result_to_tibble" "process_roi.default" "process_roi" "doTryCatch" "tryCatchOne" "tryCatchList" "tryCatch" "worker_impl" "worker_fun" "run_map" "run_future.shard_model_spec" "run_future" "doTryCatch" "tryCatchOne" "tryCatchList" "tryCatch" "doTryCatch" "tryCatchOne" "tryCatchList" "tryCatch" "mvpa_fun" "do_standard" "<Anonymous>" "do.call" "run_searchlight.default" "run_searchlight" "system.time" 
"rowMeans" "sweep" ".rdm_vector_correlation" "train_model.rsa_model" "train_model" "doTryCatch" "tryCatchOne" "tryCatchList" "tryCatch" "fit_roi.rsa_model" "fit_roi" "doTryCatch" "tryCatchOne" "tryCatchList" "tryCatch" "process_roi.default" "process_roi" "doTryCatch" "tryCatchOne" "tryCatchList" "tryCatch" "worker_impl" "worker_fun" "run_map" "run_future.shard_model_spec" "run_future" "doTryCatch" "tryCatchOne" "tryCatchList" "tryCatch" "doTryCatch" "tryCatchOne" "tryCatchList" "tryCatch" "mvpa_fun" "do_standard" "<Anonymous>" "do.call" "run_searchlight.default" "run_searchlight" "system.time" 
"rowMeans" "sweep" ".rdm_vector_correlation" "train_model.rsa_model" "train_model" "doTryCatch" "tryCatchOne" "tryCatchList" "tryCatch" "fit_roi.rsa_model" "fit_roi" "doTryCatch" "tryCatchOne" "tryCatchList" "tryCatch" "process_roi.default" "process_roi" "doTryCatch" "tryCatchOne" "tryCatchList" "tryCatch" "worker_impl" "worker_fun" "run_map" "run_future.shard_model_spec" "run_future" "doTryCatch" "tryCatchOne" "tryCatchList" "tryCatch" "doTryCatch" "tryCatchOne" "tryCatchList" "tryCatch" "mvpa_fun" "do_standard" "<Anonymous>" "do.call" "run_searchlight.default" "run_searchlight" "system.time" 
"shard_extract_roi_volumetric" "shard_extract_roi" "doTryCatch" "tryCatchOne" "tryCatchList" "tryCatch" "worker_impl" "worker_fun" "run_map" "run_future.shard_model_spec" "run_future" "doTryCatch" "tryCatchOne" "tryCatchList" "tryCatch" "doTryCatch" "tryCatchOne" "tryCatchList" "tryCatch" "mvpa_fun" "do_standard" "<Anonymous>" "do.call" "run_searchlight.default" "run_searchlight" "system.time" 
"array" "aperm" "sweep" ".rdm_vector_correlation" "train_model.rsa_model" "train_model" "doTryCatch" "tryCatchOne" "tryCatchList" "tryCatch" "fit_roi.rsa_model" "fit_roi" "doTryCatch" "tryCatchOne" "tryCatchList" "tryCatch" "process_roi.default" "process_roi" "doTryCatch" "tryCatchOne" "tryCatchList" "tryCatch" "worker_impl" "worker_fun" "run_map" "run_future.shard_model_spec" "run_future" "doTryCatch" "tryCatchOne" "tryCatchList" "tryCatch" "doTryCatch" "tryCatchOne" "tryCatchList" "tryCatch" "mvpa_fun" "do_standard" "<Anonymous>" "do.call" "run_searchlight.default" "run_searchlight" "system.time" 
"shard_extract_roi_volumetric" "shard_extract_roi" "doTryCatch" "tryCatchOne" "tryCatchList" "tryCatch" "worker_impl" "worker_fun" "run_map" "run_future.shard_model_spec" "run_future" "doTryCatch" "tryCatchOne" "tryCatchList" "tryCatch" "doTryCatch" "tryCatchOne" "tryCatchList" "tryCatch" "mvpa_fun" "do_standard" "<Anonymous>" "do.call" "run_searchlight.default" "run_searchlight" "system.time" 
".filter_roi_stats_fast" ".filter_roi_stats" "filter_roi.ROIVec" "filter_roi" "doTryCatch" "tryCatchOne" "tryCatchList" "tryCatch" "try" "shard_extract_roi_volumetric" "shard_extract_roi" "doTryCatch" "tryCatchOne" "tryCatchList" "tryCatch" "worker_impl" "worker_fun" "run_map" "run_future.shard_model_spec" "run_future" "doTryCatch" "tryCatchOne" "tryCatchList" "tryCatch" "doTryCatch" "tryCatchOne" "tryCatchList" "tryCatch" "mvpa_fun" "do_standard" "<Anonymous>" "do.call" "run_searchlight.default" "run_searchlight" "system.time" 
"ROIVec" "filter_roi.ROIVec" "filter_roi" "doTryCatch" "tryCatchOne" "tryCatchList" "tryCatch" "try" "shard_extract_roi_volumetric" "shard_extract_roi" "doTryCatch" "tryCatchOne" "tryCatchList" "tryCatch" "worker_impl" "worker_fun" "run_map" "run_future.shard_model_spec" "run_future" "doTryCatch" "tryCatchOne" "tryCatchList" "tryCatch" "doTryCatch" "tryCatchOne" "tryCatchList" "tryCatch" "mvpa_fun" "do_standard" "<Anonymous>" "do.call" "run_searchlight.default" "run_searchlight" "system.time" 
"rowMeans" "sweep" ".rdm_vector_correlation" "train_model.rsa_model" "train_model" "doTryCatch" "tryCatchOne" "tryCatchList" "tryCatch" "fit_roi.rsa_model" "fit_roi" "doTryCatch" "tryCatchOne" "tryCatchList" "tryCatch" "process_roi.default" "process_roi" "doTryCatch" "tryCatchOne" "tryCatchList" "tryCatch" "worker_impl" "worker_fun" "run_map" "run_future.shard_model_spec" "run_future" "doTryCatch" "tryCatchOne" "tryCatchList" "tryCatch" "doTryCatch" "tryCatchOne" "tryCatchList" "tryCatch" "mvpa_fun" "do_standard" "<Anonymous>" "do.call" "run_searchlight.default" "run_searchlight" "system.time" 
".findInheritedMethods" ".findNextFromTable" "addNextMethod" "addNextMethod" "callNextMethod" ".nextMethod" "callNextMethod" "initialize" "initialize" "new" "neuroim2::ROIVec" "shard_extract_roi_volumetric" "shard_extract_roi" "doTryCatch" "tryCatchOne" "tryCatchList" "tryCatch" "worker_impl" "worker_fun" "run_map" "run_future.shard_model_spec" "run_future" "doTryCatch" "tryCatchOne" "tryCatchList" "tryCatch" "doTryCatch" "tryCatchOne" "tryCatchList" "tryCatch" "mvpa_fun" "do_standard" "<Anonymous>" "do.call" "run_searchlight.default" "run_searchlight" "system.time" 
".filter_roi_stats_fast" ".filter_roi_stats" "filter_roi.ROIVec" "filter_roi" "doTryCatch" "tryCatchOne" "tryCatchList" "tryCatch" "try" "shard_extract_roi_volumetric" "shard_extract_roi" "doTryCatch" "tryCatchOne" "tryCatchList" "tryCatch" "worker_impl" "worker_fun" "run_map" "run_future.shard_model_spec" "run_future" "doTryCatch" "tryCatchOne" "tryCatchList" "tryCatch" "doTryCatch" "tryCatchOne" "tryCatchList" "tryCatch" "mvpa_fun" "do_standard" "<Anonymous>" "do.call" "run_searchlight.default" "run_searchlight" "system.time" 
"ROIVec" "filter_roi.ROIVec" "filter_roi" "doTryCatch" "tryCatchOne" "tryCatchList" "tryCatch" "try" "shard_extract_roi_volumetric" "shard_extract_roi" "doTryCatch" "tryCatchOne" "tryCatchList" "tryCatch" "worker_impl" "worker_fun" "run_map" "run_future.shard_model_spec" "run_future" "doTryCatch" "tryCatchOne" "tryCatchList" "tryCatch" "doTryCatch" "tryCatchOne" "tryCatchList" "tryCatch" "mvpa_fun" "do_standard" "<Anonymous>" "do.call" "run_searchlight.default" "run_searchlight" "system.time" 
"rowMeans" "sweep" ".rdm_vector_correlation" "train_model.rsa_model" "train_model" "doTryCatch" "tryCatchOne" "tryCatchList" "tryCatch" "fit_roi.rsa_model" "fit_roi" "doTryCatch" "tryCatchOne" "tryCatchList" "tryCatch" "process_roi.default" "process_roi" "doTryCatch" "tryCatchOne" "tryCatchList" "tryCatch" "worker_impl" "worker_fun" "run_map" "run_future.shard_model_spec" "run_future" "doTryCatch" "tryCatchOne" "tryCatchList" "tryCatch" "doTryCatch" "tryCatchOne" "tryCatchList" "tryCatch" "mvpa_fun" "do_standard" "<Anonymous>" "do.call" "run_searchlight.default" "run_searchlight" "system.time" 
"shard_extract_roi_volumetric" "shard_extract_roi" "doTryCatch" "tryCatchOne" "tryCatchList" "tryCatch" "worker_impl" "worker_fun" "run_map" "run_future.shard_model_spec" "run_future" "doTryCatch" "tryCatchOne" "tryCatchList" "tryCatch" "doTryCatch" "tryCatchOne" "tryCatchList" "tryCatch" "mvpa_fun" "do_standard" "<Anonymous>" "do.call" "run_searchlight.default" "run_searchlight" "system.time" 
"pmax" ".filter_roi_stats_fast" ".filter_roi_stats" "filter_roi.ROIVec" "filter_roi" "doTryCatch" "tryCatchOne" "tryCatchList" "tryCatch" "try" "shard_extract_roi_volumetric" "shard_extract_roi" "doTryCatch" "tryCatchOne" "tryCatchList" "tryCatch" "worker_impl" "worker_fun" "run_map" "run_future.shard_model_spec" "run_future" "doTryCatch" "tryCatchOne" "tryCatchList" "tryCatch" "doTryCatch" "tryCatchOne" "tryCatchList" "tryCatch" "mvpa_fun" "do_standard" "<Anonymous>" "do.call" "run_searchlight.default" "run_searchlight" "system.time" 
"getDataPart" "slot" "asMethod" "as<-" "initialize" "initialize" "new" ".findNextFromTable" "addNextMethod" "addNextMethod" "callNextMethod" ".nextMethod" "callNextMethod" "initialize" "initialize" "new" "ROIVec" "filter_roi.ROIVec" "filter_roi" "doTryCatch" "tryCatchOne" "tryCatchList" "tryCatch" "try" "shard_extract_roi_volumetric" "shard_extract_roi" "doTryCatch" "tryCatchOne" "tryCatchList" "tryCatch" "worker_impl" "worker_fun" "run_map" "run_future.shard_model_spec" "run_future" "doTryCatch" "tryCatchOne" "tryCatchList" "tryCatch" "doTryCatch" "tryCatchOne" "tryCatchList" "tryCatch" "mvpa_fun" "do_standard" "<Anonymous>" "do.call" "run_searchlight.default" "run_searchlight" "system.time" 
"pmax" ".filter_roi_stats_fast" ".filter_roi_stats" "filter_roi.ROIVec" "filter_roi" "doTryCatch" "tryCatchOne" "tryCatchList" "tryCatch" "try" "shard_extract_roi_volumetric" "shard_extract_roi" "doTryCatch" "tryCatchOne" "tryCatchList" "tryCatch" "worker_impl" "worker_fun" "run_map" "run_future.shard_model_spec" "run_future" "doTryCatch" "tryCatchOne" "tryCatchList" "tryCatch" "doTryCatch" "tryCatchOne" "tryCatchList" "tryCatch" "mvpa_fun" "do_standard" "<Anonymous>" "do.call" "run_searchlight.default" "run_searchlight" "system.time" 
"shard_extract_roi_volumetric" "shard_extract_roi" "doTryCatch" "tryCatchOne" "tryCatchList" "tryCatch" "worker_impl" "worker_fun" "run_map" "run_future.shard_model_spec" "run_future" "doTryCatch" "tryCatchOne" "tryCatchList" "tryCatch" "doTryCatch" "tryCatchOne" "tryCatchList" "tryCatch" "mvpa_fun" "do_standard" "<Anonymous>" "do.call" "run_searchlight.default" "run_searchlight" "system.time" 
".filter_roi_stats_fast" ".filter_roi_stats" "filter_roi.ROIVec" "filter_roi" "doTryCatch" "tryCatchOne" "tryCatchList" "tryCatch" "try" "shard_extract_roi_volumetric" "shard_extract_roi" "doTryCatch" "tryCatchOne" "tryCatchList" "tryCatch" "worker_impl" "worker_fun" "run_map" "run_future.shard_model_spec" "run_future" "doTryCatch" "tryCatchOne" "tryCatchList" "tryCatch" "doTryCatch" "tryCatchOne" "tryCatchList" "tryCatch" "mvpa_fun" "do_standard" "<Anonymous>" "do.call" "run_searchlight.default" "run_searchlight" "system.time" 
"rowMeans" "sweep" ".rdm_vector_correlation" "train_model.rsa_model" "train_model" "doTryCatch" "tryCatchOne" "tryCatchList" "tryCatch" "fit_roi.rsa_model" "fit_roi" "doTryCatch" "tryCatchOne" "tryCatchList" "tryCatch" "process_roi.default" "process_roi" "doTryCatch" "tryCatchOne" "tryCatchList" "tryCatch" "worker_impl" "worker_fun" "run_map" "run_future.shard_model_spec" "run_future" "doTryCatch" "tryCatchOne" "tryCatchList" "tryCatch" "doTryCatch" "tryCatchOne" "tryCatchList" "tryCatch" "mvpa_fun" "do_standard" "<Anonymous>" "do.call" "run_searchlight.default" "run_searchlight" "system.time" 
"shard_extract_roi_volumetric" "shard_extract_roi" "doTryCatch" "tryCatchOne" "tryCatchList" "tryCatch" "worker_impl" "worker_fun" "run_map" "run_future.shard_model_spec" "run_future" "doTryCatch" "tryCatchOne" "tryCatchList" "tryCatch" "doTryCatch" "tryCatchOne" "tryCatchList" "tryCatch" "mvpa_fun" "do_standard" "<Anonymous>" "do.call" "run_searchlight.default" "run_searchlight" "system.time" 
".filter_roi_stats_fast" ".filter_roi_stats" "filter_roi.ROIVec" "filter_roi" "doTryCatch" "tryCatchOne" "tryCatchList" "tryCatch" "try" "shard_extract_roi_volumetric" "shard_extract_roi" "doTryCatch" "tryCatchOne" "tryCatchList" "tryCatch" "worker_impl" "worker_fun" "run_map" "run_future.shard_model_spec" "run_future" "doTryCatch" "tryCatchOne" "tryCatchList" "tryCatch" "doTryCatch" "tryCatchOne" "tryCatchList" "tryCatch" "mvpa_fun" "do_standard" "<Anonymous>" "do.call" "run_searchlight.default" "run_searchlight" "system.time" 
"ROIVec" "filter_roi.ROIVec" "filter_roi" "doTryCatch" "tryCatchOne" "tryCatchList" "tryCatch" "try" "shard_extract_roi_volumetric" "shard_extract_roi" "doTryCatch" "tryCatchOne" "tryCatchList" "tryCatch" "worker_impl" "worker_fun" "run_map" "run_future.shard_model_spec" "run_future" "doTryCatch" "tryCatchOne" "tryCatchList" "tryCatch" "doTryCatch" "tryCatchOne" "tryCatchList" "tryCatch" "mvpa_fun" "do_standard" "<Anonymous>" "do.call" "run_searchlight.default" "run_searchlight" "system.time" 
"rowMeans" "sweep" ".rdm_vector_correlation" "train_model.rsa_model" "train_model" "doTryCatch" "tryCatchOne" "tryCatchList" "tryCatch" "fit_roi.rsa_model" "fit_roi" "doTryCatch" "tryCatchOne" "tryCatchList" "tryCatch" "process_roi.default" "process_roi" "doTryCatch" "tryCatchOne" "tryCatchList" "tryCatch" "worker_impl" "worker_fun" "run_map" "run_future.shard_model_spec" "run_future" "doTryCatch" "tryCatchOne" "tryCatchList" "tryCatch" "doTryCatch" "tryCatchOne" "tryCatchList" "tryCatch" "mvpa_fun" "do_standard" "<Anonymous>" "do.call" "run_searchlight.default" "run_searchlight" "system.time" 
".inheritedArgsExpression" ".findInheritedMethods" ".findNextFromTable" "addNextMethod" "addNextMethod" "callNextMethod" ".nextMethod" "callNextMethod" "initialize" "initialize" "new" "ROIVec" "filter_roi.ROIVec" "filter_roi" "doTryCatch" "tryCatchOne" "tryCatchList" "tryCatch" "try" "shard_extract_roi_volumetric" "shard_extract_roi" "doTryCatch" "tryCatchOne" "tryCatchList" "tryCatch" "worker_impl" "worker_fun" "run_map" "run_future.shard_model_spec" "run_future" "doTryCatch" "tryCatchOne" "tryCatchList" "tryCatch" "doTryCatch" "tryCatchOne" "tryCatchList" "tryCatch" "mvpa_fun" "do_standard" "<Anonymous>" "do.call" "run_searchlight.default" "run_searchlight" "system.time" 
"rowMeans" "sweep" ".rdm_vector_correlation" "train_model.rsa_model" "train_model" "doTryCatch" "tryCatchOne" "tryCatchList" "tryCatch" "fit_roi.rsa_model" "fit_roi" "doTryCatch" "tryCatchOne" "tryCatchList" "tryCatch" "process_roi.default" "process_roi" "doTryCatch" "tryCatchOne" "tryCatchList" "tryCatch" "worker_impl" "worker_fun" "run_map" "run_future.shard_model_spec" "run_future" "doTryCatch" "tryCatchOne" "tryCatchList" "tryCatch" "doTryCatch" "tryCatchOne" "tryCatchList" "tryCatch" "mvpa_fun" "do_standard" "<Anonymous>" "do.call" "run_searchlight.default" "run_searchlight" "system.time" 
"shard_extract_roi_volumetric" "shard_extract_roi" "doTryCatch" "tryCatchOne" "tryCatchList" "tryCatch" "worker_impl" "worker_fun" "run_map" "run_future.shard_model_spec" "run_future" "doTryCatch" "tryCatchOne" "tryCatchList" "tryCatch" "doTryCatch" "tryCatchOne" "tryCatchList" "tryCatch" "mvpa_fun" "do_standard" "<Anonymous>" "do.call" "run_searchlight.default" "run_searchlight" "system.time" 
"packageSlot<-" "setPackageSlot" "extends" ".inheritedArgsExpression" ".findInheritedMethods" ".findNextFromTable" "addNextMethod" "addNextMethod" "callNextMethod" ".nextMethod" "callNextMethod" "initialize" "initialize" "new" "neuroim2::ROIVec" "shard_extract_roi_volumetric" "shard_extract_roi" "doTryCatch" "tryCatchOne" "tryCatchList" "tryCatch" "worker_impl" "worker_fun" "run_map" "run_future.shard_model_spec" "run_future" "doTryCatch" "tryCatchOne" "tryCatchList" "tryCatch" "doTryCatch" "tryCatchOne" "tryCatchList" "tryCatch" "mvpa_fun" "do_standard" "<Anonymous>" "do.call" "run_searchlight.default" "run_searchlight" "system.time" 
".filter_roi_stats_fast" ".filter_roi_stats" "filter_roi.ROIVec" "filter_roi" "doTryCatch" "tryCatchOne" "tryCatchList" "tryCatch" "try" "shard_extract_roi_volumetric" "shard_extract_roi" "doTryCatch" "tryCatchOne" "tryCatchList" "tryCatch" "worker_impl" "worker_fun" "run_map" "run_future.shard_model_spec" "run_future" "doTryCatch" "tryCatchOne" "tryCatchList" "tryCatch" "doTryCatch" "tryCatchOne" "tryCatchList" "tryCatch" "mvpa_fun" "do_standard" "<Anonymous>" "do.call" "run_searchlight.default" "run_searchlight" "system.time" 
"slot<-" "asMethod" "as<-" "initialize" "initialize" "new" ".findNextFromTable" "addNextMethod" "addNextMethod" "callNextMethod" ".nextMethod" "callNextMethod" "initialize" "initialize" "new" "ROIVec" "filter_roi.ROIVec" "filter_roi" "doTryCatch" "tryCatchOne" "tryCatchList" "tryCatch" "try" "shard_extract_roi_volumetric" "shard_extract_roi" "doTryCatch" "tryCatchOne" "tryCatchList" "tryCatch" "worker_impl" "worker_fun" "run_map" "run_future.shard_model_spec" "run_future" "doTryCatch" "tryCatchOne" "tryCatchList" "tryCatch" "doTryCatch" "tryCatchOne" "tryCatchList" "tryCatch" "mvpa_fun" "do_standard" "<Anonymous>" "do.call" "run_searchlight.default" "run_searchlight" "system.time" 
".has_fit_roi" "process_roi.default" "process_roi" "doTryCatch" "tryCatchOne" "tryCatchList" "tryCatch" "worker_impl" "worker_fun" "run_map" "run_future.shard_model_spec" "run_future" "doTryCatch" "tryCatchOne" "tryCatchList" "tryCatch" "doTryCatch" "tryCatchOne" "tryCatchList" "tryCatch" "mvpa_fun" "do_standard" "<Anonymous>" "do.call" "run_searchlight.default" "run_searchlight" "system.time" 
"array" "aperm" "sweep" ".rdm_vector_correlation" "train_model.rsa_model" "train_model" "doTryCatch" "tryCatchOne" "tryCatchList" "tryCatch" "fit_roi.rsa_model" "fit_roi" "doTryCatch" "tryCatchOne" "tryCatchList" "tryCatch" "process_roi.default" "process_roi" "doTryCatch" "tryCatchOne" "tryCatchList" "tryCatch" "worker_impl" "worker_fun" "run_map" "run_future.shard_model_spec" "run_future" "doTryCatch" "tryCatchOne" "tryCatchList" "tryCatch" "doTryCatch" "tryCatchOne" "tryCatchList" "tryCatch" "mvpa_fun" "do_standard" "<Anonymous>" "do.call" "run_searchlight.default" "run_searchlight" "system.time" 
"shard_extract_roi_volumetric" "shard_extract_roi" "doTryCatch" "tryCatchOne" "tryCatchList" "tryCatch" "worker_impl" "worker_fun" "run_map" "run_future.shard_model_spec" "run_future" "doTryCatch" "tryCatchOne" "tryCatchList" "tryCatch" "doTryCatch" "tryCatchOne" "tryCatchList" "tryCatch" "mvpa_fun" "do_standard" "<Anonymous>" "do.call" "run_searchlight.default" "run_searchlight" "system.time" 
".filter_roi_stats_fast" ".filter_roi_stats" "filter_roi.ROIVec" "filter_roi" "doTryCatch" "tryCatchOne" "tryCatchList" "tryCatch" "try" "shard_extract_roi_volumetric" "shard_extract_roi" "doTryCatch" "tryCatchOne" "tryCatchList" "tryCatch" "worker_impl" "worker_fun" "run_map" "run_future.shard_model_spec" "run_future" "doTryCatch" "tryCatchOne" "tryCatchList" "tryCatch" "doTryCatch" "tryCatchOne" "tryCatchList" "tryCatch" "mvpa_fun" "do_standard" "<Anonymous>" "do.call" "run_searchlight.default" "run_searchlight" "system.time" 
"ROIVec" "filter_roi.ROIVec" "filter_roi" "doTryCatch" "tryCatchOne" "tryCatchList" "tryCatch" "try" "shard_extract_roi_volumetric" "shard_extract_roi" "doTryCatch" "tryCatchOne" "tryCatchList" "tryCatch" "worker_impl" "worker_fun" "run_map" "run_future.shard_model_spec" "run_future" "doTryCatch" "tryCatchOne" "tryCatchList" "tryCatch" "doTryCatch" "tryCatchOne" "tryCatchList" "tryCatch" "mvpa_fun" "do_standard" "<Anonymous>" "do.call" "run_searchlight.default" "run_searchlight" "system.time" 
"array" "aperm" "sweep" ".rdm_vector_correlation" "train_model.rsa_model" "train_model" "doTryCatch" "tryCatchOne" "tryCatchList" "tryCatch" "fit_roi.rsa_model" "fit_roi" "doTryCatch" "tryCatchOne" "tryCatchList" "tryCatch" "process_roi.default" "process_roi" "doTryCatch" "tryCatchOne" "tryCatchList" "tryCatch" "worker_impl" "worker_fun" "run_map" "run_future.shard_model_spec" "run_future" "doTryCatch" "tryCatchOne" "tryCatchList" "tryCatch" "doTryCatch" "tryCatchOne" "tryCatchList" "tryCatch" "mvpa_fun" "do_standard" "<Anonymous>" "do.call" "run_searchlight.default" "run_searchlight" "system.time" 
"grep" "detect_dot_dot" "validate_unique" "<Anonymous>" "vec_as_names" "withCallingHandlers" "subclass_name_repair_errors" "repaired_names" "set_repaired_names" "tibble_quos" "tibble::tibble" "roi_result_to_tibble" "process_roi.default" "process_roi" "doTryCatch" "tryCatchOne" "tryCatchList" "tryCatch" "worker_impl" "worker_fun" "run_map" "run_future.shard_model_spec" "run_future" "doTryCatch" "tryCatchOne" "tryCatchList" "tryCatch" "doTryCatch" "tryCatchOne" "tryCatchList" "tryCatch" "mvpa_fun" "do_standard" "<Anonymous>" "do.call" "run_searchlight.default" "run_searchlight" "system.time" 
"is.data.frame" "rowSums" ".rdm_vector_correlation" "train_model.rsa_model" "train_model" "doTryCatch" "tryCatchOne" "tryCatchList" "tryCatch" "fit_roi.rsa_model" "fit_roi" "doTryCatch" "tryCatchOne" "tryCatchList" "tryCatch" "process_roi.default" "process_roi" "doTryCatch" "tryCatchOne" "tryCatchList" "tryCatch" "worker_impl" "worker_fun" "run_map" "run_future.shard_model_spec" "run_future" "doTryCatch" "tryCatchOne" "tryCatchList" "tryCatch" "doTryCatch" "tryCatchOne" "tryCatchList" "tryCatch" "mvpa_fun" "do_standard" "<Anonymous>" "do.call" "run_searchlight.default" "run_searchlight" "system.time" 
"shard_extract_roi_volumetric" "shard_extract_roi" "doTryCatch" "tryCatchOne" "tryCatchList" "tryCatch" "worker_impl" "worker_fun" "run_map" "run_future.shard_model_spec" "run_future" "doTryCatch" "tryCatchOne" "tryCatchList" "tryCatch" "doTryCatch" "tryCatchOne" "tryCatchList" "tryCatch" "mvpa_fun" "do_standard" "<Anonymous>" "do.call" "run_searchlight.default" "run_searchlight" "system.time" 
".filter_roi_stats_fast" ".filter_roi_stats" "filter_roi.ROIVec" "filter_roi" "doTryCatch" "tryCatchOne" "tryCatchList" "tryCatch" "try" "shard_extract_roi_volumetric" "shard_extract_roi" "doTryCatch" "tryCatchOne" "tryCatchList" "tryCatch" "worker_impl" "worker_fun" "run_map" "run_future.shard_model_spec" "run_future" "doTryCatch" "tryCatchOne" "tryCatchList" "tryCatch" "doTryCatch" "tryCatchOne" "tryCatchList" "tryCatch" "mvpa_fun" "do_standard" "<Anonymous>" "do.call" "run_searchlight.default" "run_searchlight" "system.time" 
"&" "sanitize_shard_indices" "shard_extract_roi_volumetric" "shard_extract_roi" "doTryCatch" "tryCatchOne" "tryCatchList" "tryCatch" "worker_impl" "worker_fun" "run_map" "run_future.shard_model_spec" "run_future" "doTryCatch" "tryCatchOne" "tryCatchList" "tryCatch" "doTryCatch" "tryCatchOne" "tryCatchList" "tryCatch" "mvpa_fun" "do_standard" "<Anonymous>" "do.call" "run_searchlight.default" "run_searchlight" "system.time" 
"pmin" ".filter_roi_stats_fast" ".filter_roi_stats" "filter_roi.ROIVec" "filter_roi" "doTryCatch" "tryCatchOne" "tryCatchList" "tryCatch" "try" "shard_extract_roi_volumetric" "shard_extract_roi" "doTryCatch" "tryCatchOne" "tryCatchList" "tryCatch" "worker_impl" "worker_fun" "run_map" "run_future.shard_model_spec" "run_future" "doTryCatch" "tryCatchOne" "tryCatchList" "tryCatch" "doTryCatch" "tryCatchOne" "tryCatchList" "tryCatch" "mvpa_fun" "do_standard" "<Anonymous>" "do.call" "run_searchlight.default" "run_searchlight" "system.time" 
"pmax" ".filter_roi_stats_fast" ".filter_roi_stats" "filter_roi.ROIVec" "filter_roi" "doTryCatch" "tryCatchOne" "tryCatchList" "tryCatch" "try" "shard_extract_roi_volumetric" "shard_extract_roi" "doTryCatch" "tryCatchOne" "tryCatchList" "tryCatch" "worker_impl" "worker_fun" "run_map" "run_future.shard_model_spec" "run_future" "doTryCatch" "tryCatchOne" "tryCatchList" "tryCatch" "doTryCatch" "tryCatchOne" "tryCatchList" "tryCatch" "mvpa_fun" "do_standard" "<Anonymous>" "do.call" "run_searchlight.default" "run_searchlight" "system.time" 
".filter_roi_stats_fast" ".filter_roi_stats" "filter_roi.ROIVec" "filter_roi" "doTryCatch" "tryCatchOne" "tryCatchList" "tryCatch" "try" "shard_extract_roi_volumetric" "shard_extract_roi" "doTryCatch" "tryCatchOne" "tryCatchList" "tryCatch" "worker_impl" "worker_fun" "run_map" "run_future.shard_model_spec" "run_future" "doTryCatch" "tryCatchOne" "tryCatchList" "tryCatch" "doTryCatch" "tryCatchOne" "tryCatchList" "tryCatch" "mvpa_fun" "do_standard" "<Anonymous>" "do.call" "run_searchlight.default" "run_searchlight" "system.time" 
"glue_data" "glue::glue" ".name_spec" "<Anonymous>" ".External2" "vec_c" "splice_dfs" "tibble_quos" "tibble::tibble" "roi_result_to_tibble" "process_roi.default" "process_roi" "doTryCatch" "tryCatchOne" "tryCatchList" "tryCatch" "worker_impl" "worker_fun" "run_map" "run_future.shard_model_spec" "run_future" "doTryCatch" "tryCatchOne" "tryCatchList" "tryCatch" "doTryCatch" "tryCatchOne" "tryCatchList" "tryCatch" "mvpa_fun" "do_standard" "<Anonymous>" "do.call" "run_searchlight.default" "run_searchlight" "system.time" 
".filter_roi_stats_fast" ".filter_roi_stats" "filter_roi.ROIVec" "filter_roi" "doTryCatch" "tryCatchOne" "tryCatchList" "tryCatch" "try" "shard_extract_roi_volumetric" "shard_extract_roi" "doTryCatch" "tryCatchOne" "tryCatchList" "tryCatch" "worker_impl" "worker_fun" "run_map" "run_future.shard_model_spec" "run_future" "doTryCatch" "tryCatchOne" "tryCatchList" "tryCatch" "doTryCatch" "tryCatchOne" "tryCatchList" "tryCatch" "mvpa_fun" "do_standard" "<Anonymous>" "do.call" "run_searchlight.default" "run_searchlight" "system.time" 
"rowMeans" "sweep" ".rdm_vector_correlation" "train_model.rsa_model" "train_model" "doTryCatch" "tryCatchOne" "tryCatchList" "tryCatch" "fit_roi.rsa_model" "fit_roi" "doTryCatch" "tryCatchOne" "tryCatchList" "tryCatch" "process_roi.default" "process_roi" "doTryCatch" "tryCatchOne" "tryCatchList" "tryCatch" "worker_impl" "worker_fun" "run_map" "run_future.shard_model_spec" "run_future" "doTryCatch" "tryCatchOne" "tryCatchList" "tryCatch" "doTryCatch" "tryCatchOne" "tryCatchList" "tryCatch" "mvpa_fun" "do_standard" "<Anonymous>" "do.call" "run_searchlight.default" "run_searchlight" "system.time" 
"is.na" "shard_extract_roi_volumetric" "shard_extract_roi" "doTryCatch" "tryCatchOne" "tryCatchList" "tryCatch" "worker_impl" "worker_fun" "run_map" "run_future.shard_model_spec" "run_future" "doTryCatch" "tryCatchOne" "tryCatchList" "tryCatch" "doTryCatch" "tryCatchOne" "tryCatchList" "tryCatch" "mvpa_fun" "do_standard" "<Anonymous>" "do.call" "run_searchlight.default" "run_searchlight" "system.time" 
".filter_roi_stats_fast" ".filter_roi_stats" "filter_roi.ROIVec" "filter_roi" "doTryCatch" "tryCatchOne" "tryCatchList" "tryCatch" "try" "shard_extract_roi_volumetric" "shard_extract_roi" "doTryCatch" "tryCatchOne" "tryCatchList" "tryCatch" "worker_impl" "worker_fun" "run_map" "run_future.shard_model_spec" "run_future" "doTryCatch" "tryCatchOne" "tryCatchList" "tryCatch" "doTryCatch" "tryCatchOne" "tryCatchList" "tryCatch" "mvpa_fun" "do_standard" "<Anonymous>" "do.call" "run_searchlight.default" "run_searchlight" "system.time" 
"rowMeans" "sweep" ".rdm_vector_correlation" "train_model.rsa_model" "train_model" "doTryCatch" "tryCatchOne" "tryCatchList" "tryCatch" "fit_roi.rsa_model" "fit_roi" "doTryCatch" "tryCatchOne" "tryCatchList" "tryCatch" "process_roi.default" "process_roi" "doTryCatch" "tryCatchOne" "tryCatchList" "tryCatch" "worker_impl" "worker_fun" "run_map" "run_future.shard_model_spec" "run_future" "doTryCatch" "tryCatchOne" "tryCatchList" "tryCatch" "doTryCatch" "tryCatchOne" "tryCatchList" "tryCatch" "mvpa_fun" "do_standard" "<Anonymous>" "do.call" "run_searchlight.default" "run_searchlight" "system.time" 
".sigLabel" ".findMethodInTable" ".quickCoerceSelect" "as" "initialize" "initialize" "new" ".findNextFromTable" "addNextMethod" "addNextMethod" "callNextMethod" ".nextMethod" "callNextMethod" "initialize" "initialize" "new" "ROIVec" "filter_roi.ROIVec" "filter_roi" "doTryCatch" "tryCatchOne" "tryCatchList" "tryCatch" "try" "shard_extract_roi_volumetric" "shard_extract_roi" "doTryCatch" "tryCatchOne" "tryCatchList" "tryCatch" "worker_impl" "worker_fun" "run_map" "run_future.shard_model_spec" "run_future" "doTryCatch" "tryCatchOne" "tryCatchList" "tryCatch" "doTryCatch" "tryCatchOne" "tryCatchList" "tryCatch" "mvpa_fun" "do_standard" "<Anonymous>" "do.call" "run_searchlight.default" "run_searchlight" "system.time" 
"callNextMethod" "initialize" "initialize" "new" "ROIVec" "filter_roi.ROIVec" "filter_roi" "doTryCatch" "tryCatchOne" "tryCatchList" "tryCatch" "try" "shard_extract_roi_volumetric" "shard_extract_roi" "doTryCatch" "tryCatchOne" "tryCatchList" "tryCatch" "worker_impl" "worker_fun" "run_map" "run_future.shard_model_spec" "run_future" "doTryCatch" "tryCatchOne" "tryCatchList" "tryCatch" "doTryCatch" "tryCatchOne" "tryCatchList" "tryCatch" "mvpa_fun" "do_standard" "<Anonymous>" "do.call" "run_searchlight.default" "run_searchlight" "system.time" 
"cbind" "unname" ".rdm_vector_correlation" "train_model.rsa_model" "train_model" "doTryCatch" "tryCatchOne" "tryCatchList" "tryCatch" "fit_roi.rsa_model" "fit_roi" "doTryCatch" "tryCatchOne" "tryCatchList" "tryCatch" "process_roi.default" "process_roi" "doTryCatch" "tryCatchOne" "tryCatchList" "tryCatch" "worker_impl" "worker_fun" "run_map" "run_future.shard_model_spec" "run_future" "doTryCatch" "tryCatchOne" "tryCatchList" "tryCatch" "doTryCatch" "tryCatchOne" "tryCatchList" "tryCatch" "mvpa_fun" "do_standard" "<Anonymous>" "do.call" "run_searchlight.default" "run_searchlight" "system.time" 
"structure" "asS4" ".asS4" ".newSignature" ".findInheritedMethods" ".findNextFromTable" "addNextMethod" "addNextMethod" "callNextMethod" ".nextMethod" "callNextMethod" "initialize" "initialize" "new" "neuroim2::ROIVec" "shard_extract_roi_volumetric" "shard_extract_roi" "doTryCatch" "tryCatchOne" "tryCatchList" "tryCatch" "worker_impl" "worker_fun" "run_map" "run_future.shard_model_spec" "run_future" "doTryCatch" "tryCatchOne" "tryCatchList" "tryCatch" "doTryCatch" "tryCatchOne" "tryCatchList" "tryCatch" "mvpa_fun" "do_standard" "<Anonymous>" "do.call" "run_searchlight.default" "run_searchlight" "system.time" 
"grepl" "has_newline" "trim" "glue_data" "glue::glue" ".name_spec" "<Anonymous>" ".External2" "vec_c" "splice_dfs" "tibble_quos" "tibble::tibble" "roi_result_to_tibble" "process_roi.default" "process_roi" "doTryCatch" "tryCatchOne" "tryCatchList" "tryCatch" "worker_impl" "worker_fun" "run_map" "run_future.shard_model_spec" "run_future" "doTryCatch" "tryCatchOne" "tryCatchList" "tryCatch" "doTryCatch" "tryCatchOne" "tryCatchList" "tryCatch" "mvpa_fun" "do_standard" "<Anonymous>" "do.call" "run_searchlight.default" "run_searchlight" "system.time" 
"initialize" "initialize" "new" ".findNextFromTable" "addNextMethod" "addNextMethod" "callNextMethod" ".nextMethod" "callNextMethod" "initialize" "initialize" "new" "neuroim2::ROIVec" "shard_extract_roi_volumetric" "shard_extract_roi" "doTryCatch" "tryCatchOne" "tryCatchList" "tryCatch" "worker_impl" "worker_fun" "run_map" "run_future.shard_model_spec" "run_future" "doTryCatch" "tryCatchOne" "tryCatchList" "tryCatch" "doTryCatch" "tryCatchOne" "tryCatchList" "tryCatch" "mvpa_fun" "do_standard" "<Anonymous>" "do.call" "run_searchlight.default" "run_searchlight" "system.time" 
"is.na" "is.data.frame" "colSums" ".filter_roi_stats_fast" ".filter_roi_stats" "filter_roi.ROIVec" "filter_roi" "doTryCatch" "tryCatchOne" "tryCatchList" "tryCatch" "try" "shard_extract_roi_volumetric" "shard_extract_roi" "doTryCatch" "tryCatchOne" "tryCatchList" "tryCatch" "worker_impl" "worker_fun" "run_map" "run_future.shard_model_spec" "run_future" "doTryCatch" "tryCatchOne" "tryCatchList" "tryCatch" "doTryCatch" "tryCatchOne" "tryCatchList" "tryCatch" "mvpa_fun" "do_standard" "<Anonymous>" "do.call" "run_searchlight.default" "run_searchlight" "system.time" 
"rowMeans" "sweep" ".rdm_vector_correlation" "train_model.rsa_model" "train_model" "doTryCatch" "tryCatchOne" "tryCatchList" "tryCatch" "fit_roi.rsa_model" "fit_roi" "doTryCatch" "tryCatchOne" "tryCatchList" "tryCatch" "process_roi.default" "process_roi" "doTryCatch" "tryCatchOne" "tryCatchList" "tryCatch" "worker_impl" "worker_fun" "run_map" "run_future.shard_model_spec" "run_future" "doTryCatch" "tryCatchOne" "tryCatchList" "tryCatch" "doTryCatch" "tryCatchOne" "tryCatchList" "tryCatch" "mvpa_fun" "do_standard" "<Anonymous>" "do.call" "run_searchlight.default" "run_searchlight" "system.time" 
"shard_extract_roi_volumetric" "shard_extract_roi" "doTryCatch" "tryCatchOne" "tryCatchList" "tryCatch" "worker_impl" "worker_fun" "run_map" "run_future.shard_model_spec" "run_future" "doTryCatch" "tryCatchOne" "tryCatchList" "tryCatch" "doTryCatch" "tryCatchOne" "tryCatchList" "tryCatch" "mvpa_fun" "do_standard" "<Anonymous>" "do.call" "run_searchlight.default" "run_searchlight" "system.time" 
"is.na" "is.data.frame" "colSums" ".filter_roi_stats_fast" ".filter_roi_stats" "filter_roi.ROIVec" "filter_roi" "doTryCatch" "tryCatchOne" "tryCatchList" "tryCatch" "try" "shard_extract_roi_volumetric" "shard_extract_roi" "doTryCatch" "tryCatchOne" "tryCatchList" "tryCatch" "worker_impl" "worker_fun" "run_map" "run_future.shard_model_spec" "run_future" "doTryCatch" "tryCatchOne" "tryCatchList" "tryCatch" "doTryCatch" "tryCatchOne" "tryCatchList" "tryCatch" "mvpa_fun" "do_standard" "<Anonymous>" "do.call" "run_searchlight.default" "run_searchlight" "system.time" 
"pmax" ".filter_roi_stats_fast" ".filter_roi_stats" "filter_roi.ROIVec" "filter_roi" "doTryCatch" "tryCatchOne" "tryCatchList" "tryCatch" "try" "shard_extract_roi_volumetric" "shard_extract_roi" "doTryCatch" "tryCatchOne" "tryCatchList" "tryCatch" "worker_impl" "worker_fun" "run_map" "run_future.shard_model_spec" "run_future" "doTryCatch" "tryCatchOne" "tryCatchList" "tryCatch" "doTryCatch" "tryCatchOne" "tryCatchList" "tryCatch" "mvpa_fun" "do_standard" "<Anonymous>" "do.call" "run_searchlight.default" "run_searchlight" "system.time" 
"rowMeans" "sweep" ".rdm_vector_correlation" "train_model.rsa_model" "train_model" "doTryCatch" "tryCatchOne" "tryCatchList" "tryCatch" "fit_roi.rsa_model" "fit_roi" "doTryCatch" "tryCatchOne" "tryCatchList" "tryCatch" "process_roi.default" "process_roi" "doTryCatch" "tryCatchOne" "tryCatchList" "tryCatch" "worker_impl" "worker_fun" "run_map" "run_future.shard_model_spec" "run_future" "doTryCatch" "tryCatchOne" "tryCatchList" "tryCatch" "doTryCatch" "tryCatchOne" "tryCatchList" "tryCatch" "mvpa_fun" "do_standard" "<Anonymous>" "do.call" "run_searchlight.default" "run_searchlight" "system.time" 
"lapply" "map" "check_valid_cols" "check_valid_col" "tibble_quos" "tibble::tibble" "roi_result_to_tibble" "process_roi.default" "process_roi" "doTryCatch" "tryCatchOne" "tryCatchList" "tryCatch" "worker_impl" "worker_fun" "run_map" "run_future.shard_model_spec" "run_future" "doTryCatch" "tryCatchOne" "tryCatchList" "tryCatch" "doTryCatch" "tryCatchOne" "tryCatchList" "tryCatch" "mvpa_fun" "do_standard" "<Anonymous>" "do.call" "run_searchlight.default" "run_searchlight" "system.time" 
">" "sanitize_shard_indices" "shard_extract_roi_volumetric" "shard_extract_roi" "doTryCatch" "tryCatchOne" "tryCatchList" "tryCatch" "worker_impl" "worker_fun" "run_map" "run_future.shard_model_spec" "run_future" "doTryCatch" "tryCatchOne" "tryCatchList" "tryCatch" "doTryCatch" "tryCatchOne" "tryCatchList" "tryCatch" "mvpa_fun" "do_standard" "<Anonymous>" "do.call" "run_searchlight.default" "run_searchlight" "system.time" 
".filter_roi_stats_fast" ".filter_roi_stats" "filter_roi.ROIVec" "filter_roi" "doTryCatch" "tryCatchOne" "tryCatchList" "tryCatch" "try" "shard_extract_roi_volumetric" "shard_extract_roi" "doTryCatch" "tryCatchOne" "tryCatchList" "tryCatch" "worker_impl" "worker_fun" "run_map" "run_future.shard_model_spec" "run_future" "doTryCatch" "tryCatchOne" "tryCatchList" "tryCatch" "doTryCatch" "tryCatchOne" "tryCatchList" "tryCatch" "mvpa_fun" "do_standard" "<Anonymous>" "do.call" "run_searchlight.default" "run_searchlight" "system.time" 
"c" "tools:::.get_internal_S3_generics" "getKnownS3generics" "utils::getS3method" ".has_fit_roi" "process_roi.default" "process_roi" "doTryCatch" "tryCatchOne" "tryCatchList" "tryCatch" "worker_impl" "worker_fun" "run_map" "run_future.shard_model_spec" "run_future" "doTryCatch" "tryCatchOne" "tryCatchList" "tryCatch" "doTryCatch" "tryCatchOne" "tryCatchList" "tryCatch" "mvpa_fun" "do_standard" "<Anonymous>" "do.call" "run_searchlight.default" "run_searchlight" "system.time" 
"grepl" "has_newline" "trim" "glue_data" "glue::glue" ".name_spec" "<Anonymous>" ".External2" "vec_c" "splice_dfs" "tibble_quos" "tibble::tibble" "roi_result_to_tibble" "process_roi.default" "process_roi" "doTryCatch" "tryCatchOne" "tryCatchList" "tryCatch" "worker_impl" "worker_fun" "run_map" "run_future.shard_model_spec" "run_future" "doTryCatch" "tryCatchOne" "tryCatchList" "tryCatch" "doTryCatch" "tryCatchOne" "tryCatchList" "tryCatch" "mvpa_fun" "do_standard" "<Anonymous>" "do.call" "run_searchlight.default" "run_searchlight" "system.time" 
"shard_extract_roi_volumetric" "shard_extract_roi" "doTryCatch" "tryCatchOne" "tryCatchList" "tryCatch" "worker_impl" "worker_fun" "run_map" "run_future.shard_model_spec" "run_future" "doTryCatch" "tryCatchOne" "tryCatchList" "tryCatch" "doTryCatch" "tryCatchOne" "tryCatchList" "tryCatch" "mvpa_fun" "do_standard" "<Anonymous>" "do.call" "run_searchlight.default" "run_searchlight" "system.time" 
"is.na" "is.data.frame" "colSums" ".filter_roi_stats_fast" ".filter_roi_stats" "filter_roi.ROIVec" "filter_roi" "doTryCatch" "tryCatchOne" "tryCatchList" "tryCatch" "try" "shard_extract_roi_volumetric" "shard_extract_roi" "doTryCatch" "tryCatchOne" "tryCatchList" "tryCatch" "worker_impl" "worker_fun" "run_map" "run_future.shard_model_spec" "run_future" "doTryCatch" "tryCatchOne" "tryCatchList" "tryCatch" "doTryCatch" "tryCatchOne" "tryCatchList" "tryCatch" "mvpa_fun" "do_standard" "<Anonymous>" "do.call" "run_searchlight.default" "run_searchlight" "system.time" 
"elNamed" "setDataPart" "asMethod" "as<-" ".nextMethod" "callNextMethod" ".nextMethod" "callNextMethod" "initialize" "initialize" "new" "ROIVec" "filter_roi.ROIVec" "filter_roi" "doTryCatch" "tryCatchOne" "tryCatchList" "tryCatch" "try" "shard_extract_roi_volumetric" "shard_extract_roi" "doTryCatch" "tryCatchOne" "tryCatchList" "tryCatch" "worker_impl" "worker_fun" "run_map" "run_future.shard_model_spec" "run_future" "doTryCatch" "tryCatchOne" "tryCatchList" "tryCatch" "doTryCatch" "tryCatchOne" "tryCatchList" "tryCatch" "mvpa_fun" "do_standard" "<Anonymous>" "do.call" "run_searchlight.default" "run_searchlight" "system.time" 
"drop_null" "glue_data" "glue::glue" ".name_spec" "<Anonymous>" ".External2" "vec_c" "splice_dfs" "tibble_quos" "tibble::tibble" "roi_result_to_tibble" "process_roi.default" "process_roi" "doTryCatch" "tryCatchOne" "tryCatchList" "tryCatch" "worker_impl" "worker_fun" "run_map" "run_future.shard_model_spec" "run_future" "doTryCatch" "tryCatchOne" "tryCatchList" "tryCatch" "doTryCatch" "tryCatchOne" "tryCatchList" "tryCatch" "mvpa_fun" "do_standard" "<Anonymous>" "do.call" "run_searchlight.default" "run_searchlight" "system.time" 
"is.data.frame" "rowSums" ".rdm_vector_correlation" "train_model.rsa_model" "train_model" "doTryCatch" "tryCatchOne" "tryCatchList" "tryCatch" "fit_roi.rsa_model" "fit_roi" "doTryCatch" "tryCatchOne" "tryCatchList" "tryCatch" "process_roi.default" "process_roi" "doTryCatch" "tryCatchOne" "tryCatchList" "tryCatch" "worker_impl" "worker_fun" "run_map" "run_future.shard_model_spec" "run_future" "doTryCatch" "tryCatchOne" "tryCatchList" "tryCatch" "doTryCatch" "tryCatchOne" "tryCatchList" "tryCatch" "mvpa_fun" "do_standard" "<Anonymous>" "do.call" "run_searchlight.default" "run_searchlight" "system.time" 
"shard_extract_roi_volumetric" "shard_extract_roi" "doTryCatch" "tryCatchOne" "tryCatchList" "tryCatch" "worker_impl" "worker_fun" "run_map" "run_future.shard_model_spec" "run_future" "doTryCatch" "tryCatchOne" "tryCatchList" "tryCatch" "doTryCatch" "tryCatchOne" "tryCatchList" "tryCatch" "mvpa_fun" "do_standard" "<Anonymous>" "do.call" "run_searchlight.default" "run_searchlight" "system.time" 
"pmin" ".filter_roi_stats_fast" ".filter_roi_stats" "filter_roi.ROIVec" "filter_roi" "doTryCatch" "tryCatchOne" "tryCatchList" "tryCatch" "try" "shard_extract_roi_volumetric" "shard_extract_roi" "doTryCatch" "tryCatchOne" "tryCatchList" "tryCatch" "worker_impl" "worker_fun" "run_map" "run_future.shard_model_spec" "run_future" "doTryCatch" "tryCatchOne" "tryCatchList" "tryCatch" "doTryCatch" "tryCatchOne" "tryCatchList" "tryCatch" "mvpa_fun" "do_standard" "<Anonymous>" "do.call" "run_searchlight.default" "run_searchlight" "system.time" 
"rowMeans" "sweep" ".rdm_vector_correlation" "train_model.rsa_model" "train_model" "doTryCatch" "tryCatchOne" "tryCatchList" "tryCatch" "fit_roi.rsa_model" "fit_roi" "doTryCatch" "tryCatchOne" "tryCatchList" "tryCatch" "process_roi.default" "process_roi" "doTryCatch" "tryCatchOne" "tryCatchList" "tryCatch" "worker_impl" "worker_fun" "run_map" "run_future.shard_model_spec" "run_future" "doTryCatch" "tryCatchOne" "tryCatchList" "tryCatch" "doTryCatch" "tryCatchOne" "tryCatchList" "tryCatch" "mvpa_fun" "do_standard" "<Anonymous>" "do.call" "run_searchlight.default" "run_searchlight" "system.time" 
"shard_extract_roi_volumetric" "shard_extract_roi" "doTryCatch" "tryCatchOne" "tryCatchList" "tryCatch" "worker_impl" "worker_fun" "run_map" "run_future.shard_model_spec" "run_future" "doTryCatch" "tryCatchOne" "tryCatchList" "tryCatch" "doTryCatch" "tryCatchOne" "tryCatchList" "tryCatch" "mvpa_fun" "do_standard" "<Anonymous>" "do.call" "run_searchlight.default" "run_searchlight" "system.time" 
".filter_roi_stats_fast" ".filter_roi_stats" "filter_roi.ROIVec" "filter_roi" "doTryCatch" "tryCatchOne" "tryCatchList" "tryCatch" "try" "shard_extract_roi_volumetric" "shard_extract_roi" "doTryCatch" "tryCatchOne" "tryCatchList" "tryCatch" "worker_impl" "worker_fun" "run_map" "run_future.shard_model_spec" "run_future" "doTryCatch" "tryCatchOne" "tryCatchList" "tryCatch" "doTryCatch" "tryCatchOne" "tryCatchList" "tryCatch" "mvpa_fun" "do_standard" "<Anonymous>" "do.call" "run_searchlight.default" "run_searchlight" "system.time" 
"pmax" ".filter_roi_stats_fast" ".filter_roi_stats" "filter_roi.ROIVec" "filter_roi" "doTryCatch" "tryCatchOne" "tryCatchList" "tryCatch" "try" "shard_extract_roi_volumetric" "shard_extract_roi" "doTryCatch" "tryCatchOne" "tryCatchList" "tryCatch" "worker_impl" "worker_fun" "run_map" "run_future.shard_model_spec" "run_future" "doTryCatch" "tryCatchOne" "tryCatchList" "tryCatch" "doTryCatch" "tryCatchOne" "tryCatchList" "tryCatch" "mvpa_fun" "do_standard" "<Anonymous>" "do.call" "run_searchlight.default" "run_searchlight" "system.time" 
"gridToIndexCpp" ".gridToIndex" "neuroim2::indices" "neuroim2::indices" "process_roi.default" "process_roi" "doTryCatch" "tryCatchOne" "tryCatchList" "tryCatch" "worker_impl" "worker_fun" "run_map" "run_future.shard_model_spec" "run_future" "doTryCatch" "tryCatchOne" "tryCatchList" "tryCatch" "doTryCatch" "tryCatchOne" "tryCatchList" "tryCatch" "mvpa_fun" "do_standard" "<Anonymous>" "do.call" "run_searchlight.default" "run_searchlight" "system.time" 
"shard_extract_roi_volumetric" "shard_extract_roi" "doTryCatch" "tryCatchOne" "tryCatchList" "tryCatch" "worker_impl" "worker_fun" "run_map" "run_future.shard_model_spec" "run_future" "doTryCatch" "tryCatchOne" "tryCatchList" "tryCatch" "doTryCatch" "tryCatchOne" "tryCatchList" "tryCatch" "mvpa_fun" "do_standard" "<Anonymous>" "do.call" "run_searchlight.default" "run_searchlight" "system.time" 
".filter_roi_stats_fast" ".filter_roi_stats" "filter_roi.ROIVec" "filter_roi" "doTryCatch" "tryCatchOne" "tryCatchList" "tryCatch" "try" "shard_extract_roi_volumetric" "shard_extract_roi" "doTryCatch" "tryCatchOne" "tryCatchList" "tryCatch" "worker_impl" "worker_fun" "run_map" "run_future.shard_model_spec" "run_future" "doTryCatch" "tryCatchOne" "tryCatchList" "tryCatch" "doTryCatch" "tryCatchOne" "tryCatchList" "tryCatch" "mvpa_fun" "do_standard" "<Anonymous>" "do.call" "run_searchlight.default" "run_searchlight" "system.time" 
"ROIVec" "filter_roi.ROIVec" "filter_roi" "doTryCatch" "tryCatchOne" "tryCatchList" "tryCatch" "try" "shard_extract_roi_volumetric" "shard_extract_roi" "doTryCatch" "tryCatchOne" "tryCatchList" "tryCatch" "worker_impl" "worker_fun" "run_map" "run_future.shard_model_spec" "run_future" "doTryCatch" "tryCatchOne" "tryCatchList" "tryCatch" "doTryCatch" "tryCatchOne" "tryCatchList" "tryCatch" "mvpa_fun" "do_standard" "<Anonymous>" "do.call" "run_searchlight.default" "run_searchlight" "system.time" 
"rowMeans" "sweep" ".rdm_vector_correlation" "train_model.rsa_model" "train_model" "doTryCatch" "tryCatchOne" "tryCatchList" "tryCatch" "fit_roi.rsa_model" "fit_roi" "doTryCatch" "tryCatchOne" "tryCatchList" "tryCatch" "process_roi.default" "process_roi" "doTryCatch" "tryCatchOne" "tryCatchList" "tryCatch" "worker_impl" "worker_fun" "run_map" "run_future.shard_model_spec" "run_future" "doTryCatch" "tryCatchOne" "tryCatchList" "tryCatch" "doTryCatch" "tryCatchOne" "tryCatchList" "tryCatch" "mvpa_fun" "do_standard" "<Anonymous>" "do.call" "run_searchlight.default" "run_searchlight" "system.time" 
"grepl" "has_newline" "trim" "glue_data" "glue::glue" ".name_spec" "<Anonymous>" ".External2" "vec_c" "splice_dfs" "tibble_quos" "tibble::tibble" "roi_result_to_tibble" "process_roi.default" "process_roi" "doTryCatch" "tryCatchOne" "tryCatchList" "tryCatch" "worker_impl" "worker_fun" "run_map" "run_future.shard_model_spec" "run_future" "doTryCatch" "tryCatchOne" "tryCatchList" "tryCatch" "doTryCatch" "tryCatchOne" "tryCatchList" "tryCatch" "mvpa_fun" "do_standard" "<Anonymous>" "do.call" "run_searchlight.default" "run_searchlight" "system.time" 
"sanitize_shard_indices" "shard_extract_roi_volumetric" "shard_extract_roi" "doTryCatch" "tryCatchOne" "tryCatchList" "tryCatch" "worker_impl" "worker_fun" "run_map" "run_future.shard_model_spec" "run_future" "doTryCatch" "tryCatchOne" "tryCatchList" "tryCatch" "doTryCatch" "tryCatchOne" "tryCatchList" "tryCatch" "mvpa_fun" "do_standard" "<Anonymous>" "do.call" "run_searchlight.default" "run_searchlight" "system.time" 
".filter_roi_stats_fast" ".filter_roi_stats" "filter_roi.ROIVec" "filter_roi" "doTryCatch" "tryCatchOne" "tryCatchList" "tryCatch" "try" "shard_extract_roi_volumetric" "shard_extract_roi" "doTryCatch" "tryCatchOne" "tryCatchList" "tryCatch" "worker_impl" "worker_fun" "run_map" "run_future.shard_model_spec" "run_future" "doTryCatch" "tryCatchOne" "tryCatchList" "tryCatch" "doTryCatch" "tryCatchOne" "tryCatchList" "tryCatch" "mvpa_fun" "do_standard" "<Anonymous>" "do.call" "run_searchlight.default" "run_searchlight" "system.time" 
"gridToIndexCpp" ".gridToIndex" "neuroim2::indices" "neuroim2::indices" "filter_roi.ROIVec" "filter_roi" "doTryCatch" "tryCatchOne" "tryCatchList" "tryCatch" "try" "shard_extract_roi_volumetric" "shard_extract_roi" "doTryCatch" "tryCatchOne" "tryCatchList" "tryCatch" "worker_impl" "worker_fun" "run_map" "run_future.shard_model_spec" "run_future" "doTryCatch" "tryCatchOne" "tryCatchList" "tryCatch" "doTryCatch" "tryCatchOne" "tryCatchList" "tryCatch" "mvpa_fun" "do_standard" "<Anonymous>" "do.call" "run_searchlight.default" "run_searchlight" "system.time" 
"getDataPart" "ncol" "validityMethod" "isTRUE" "anyStrings" "validObject" ".nextMethod" "callNextMethod" ".nextMethod" "callNextMethod" "initialize" "initialize" "new" "ROIVec" "filter_roi.ROIVec" "filter_roi" "doTryCatch" "tryCatchOne" "tryCatchList" "tryCatch" "try" "shard_extract_roi_volumetric" "shard_extract_roi" "doTryCatch" "tryCatchOne" "tryCatchList" "tryCatch" "worker_impl" "worker_fun" "run_map" "run_future.shard_model_spec" "run_future" "doTryCatch" "tryCatchOne" "tryCatchList" "tryCatch" "doTryCatch" "tryCatchOne" "tryCatchList" "tryCatch" "mvpa_fun" "do_standard" "<Anonymous>" "do.call" "run_searchlight.default" "run_searchlight" "system.time" 
"pmin" ".filter_roi_stats_fast" ".filter_roi_stats" "filter_roi.ROIVec" "filter_roi" "doTryCatch" "tryCatchOne" "tryCatchList" "tryCatch" "try" "shard_extract_roi_volumetric" "shard_extract_roi" "doTryCatch" "tryCatchOne" "tryCatchList" "tryCatch" "worker_impl" "worker_fun" "run_map" "run_future.shard_model_spec" "run_future" "doTryCatch" "tryCatchOne" "tryCatchList" "tryCatch" "doTryCatch" "tryCatchOne" "tryCatchList" "tryCatch" "mvpa_fun" "do_standard" "<Anonymous>" "do.call" "run_searchlight.default" "run_searchlight" "system.time" 
"rowMeans" "sweep" ".rdm_vector_correlation" "train_model.rsa_model" "train_model" "doTryCatch" "tryCatchOne" "tryCatchList" "tryCatch" "fit_roi.rsa_model" "fit_roi" "doTryCatch" "tryCatchOne" "tryCatchList" "tryCatch" "process_roi.default" "process_roi" "doTryCatch" "tryCatchOne" "tryCatchList" "tryCatch" "worker_impl" "worker_fun" "run_map" "run_future.shard_model_spec" "run_future" "doTryCatch" "tryCatchOne" "tryCatchList" "tryCatch" "doTryCatch" "tryCatchOne" "tryCatchList" "tryCatch" "mvpa_fun" "do_standard" "<Anonymous>" "do.call" "run_searchlight.default" "run_searchlight" "system.time" 
"shard_extract_roi_volumetric" "shard_extract_roi" "doTryCatch" "tryCatchOne" "tryCatchList" "tryCatch" "worker_impl" "worker_fun" "run_map" "run_future.shard_model_spec" "run_future" "doTryCatch" "tryCatchOne" "tryCatchList" "tryCatch" "doTryCatch" "tryCatchOne" "tryCatchList" "tryCatch" "mvpa_fun" "do_standard" "<Anonymous>" "do.call" "run_searchlight.default" "run_searchlight" "system.time" 
".filter_roi_stats_fast" ".filter_roi_stats" "filter_roi.ROIVec" "filter_roi" "doTryCatch" "tryCatchOne" "tryCatchList" "tryCatch" "try" "shard_extract_roi_volumetric" "shard_extract_roi" "doTryCatch" "tryCatchOne" "tryCatchList" "tryCatch" "worker_impl" "worker_fun" "run_map" "run_future.shard_model_spec" "run_future" "doTryCatch" "tryCatchOne" "tryCatchList" "tryCatch" "doTryCatch" "tryCatchOne" "tryCatchList" "tryCatch" "mvpa_fun" "do_standard" "<Anonymous>" "do.call" "run_searchlight.default" "run_searchlight" "system.time" 
"rowMeans" "sweep" ".rdm_vector_correlation" "train_model.rsa_model" "train_model" "doTryCatch" "tryCatchOne" "tryCatchList" "tryCatch" "fit_roi.rsa_model" "fit_roi" "doTryCatch" "tryCatchOne" "tryCatchList" "tryCatch" "process_roi.default" "process_roi" "doTryCatch" "tryCatchOne" "tryCatchList" "tryCatch" "worker_impl" "worker_fun" "run_map" "run_future.shard_model_spec" "run_future" "doTryCatch" "tryCatchOne" "tryCatchList" "tryCatch" "doTryCatch" "tryCatchOne" "tryCatchList" "tryCatch" "mvpa_fun" "do_standard" "<Anonymous>" "do.call" "run_searchlight.default" "run_searchlight" "system.time" 
"grepl" "has_newline" "trim" "glue_data" "glue::glue" ".name_spec" "<Anonymous>" ".External2" "vec_c" "splice_dfs" "tibble_quos" "tibble::tibble" "roi_result_to_tibble" "process_roi.default" "process_roi" "doTryCatch" "tryCatchOne" "tryCatchList" "tryCatch" "worker_impl" "worker_fun" "run_map" "run_future.shard_model_spec" "run_future" "doTryCatch" "tryCatchOne" "tryCatchList" "tryCatch" "doTryCatch" "tryCatchOne" "tryCatchList" "tryCatch" "mvpa_fun" "do_standard" "<Anonymous>" "do.call" "run_searchlight.default" "run_searchlight" "system.time" 
"shard_extract_roi_volumetric" "shard_extract_roi" "doTryCatch" "tryCatchOne" "tryCatchList" "tryCatch" "worker_impl" "worker_fun" "run_map" "run_future.shard_model_spec" "run_future" "doTryCatch" "tryCatchOne" "tryCatchList" "tryCatch" "doTryCatch" "tryCatchOne" "tryCatchList" "tryCatch" "mvpa_fun" "do_standard" "<Anonymous>" "do.call" "run_searchlight.default" "run_searchlight" "system.time" 
"is.na" "is.data.frame" "colSums" ".filter_roi_stats_fast" ".filter_roi_stats" "filter_roi.ROIVec" "filter_roi" "doTryCatch" "tryCatchOne" "tryCatchList" "tryCatch" "try" "shard_extract_roi_volumetric" "shard_extract_roi" "doTryCatch" "tryCatchOne" "tryCatchList" "tryCatch" "worker_impl" "worker_fun" "run_map" "run_future.shard_model_spec" "run_future" "doTryCatch" "tryCatchOne" "tryCatchList" "tryCatch" "doTryCatch" "tryCatchOne" "tryCatchList" "tryCatch" "mvpa_fun" "do_standard" "<Anonymous>" "do.call" "run_searchlight.default" "run_searchlight" "system.time" 
"pmin" ".filter_roi_stats_fast" ".filter_roi_stats" "filter_roi.ROIVec" "filter_roi" "doTryCatch" "tryCatchOne" "tryCatchList" "tryCatch" "try" "shard_extract_roi_volumetric" "shard_extract_roi" "doTryCatch" "tryCatchOne" "tryCatchList" "tryCatch" "worker_impl" "worker_fun" "run_map" "run_future.shard_model_spec" "run_future" "doTryCatch" "tryCatchOne" "tryCatchList" "tryCatch" "doTryCatch" "tryCatchOne" "tryCatchList" "tryCatch" "mvpa_fun" "do_standard" "<Anonymous>" "do.call" "run_searchlight.default" "run_searchlight" "system.time" 
"rowMeans" "sweep" ".rdm_vector_correlation" "train_model.rsa_model" "train_model" "doTryCatch" "tryCatchOne" "tryCatchList" "tryCatch" "fit_roi.rsa_model" "fit_roi" "doTryCatch" "tryCatchOne" "tryCatchList" "tryCatch" "process_roi.default" "process_roi" "doTryCatch" "tryCatchOne" "tryCatchList" "tryCatch" "worker_impl" "worker_fun" "run_map" "run_future.shard_model_spec" "run_future" "doTryCatch" "tryCatchOne" "tryCatchList" "tryCatch" "doTryCatch" "tryCatchOne" "tryCatchList" "tryCatch" "mvpa_fun" "do_standard" "<Anonymous>" "do.call" "run_searchlight.default" "run_searchlight" "system.time" 
"has_length" "check_valid_cols" "check_valid_col" "tibble_quos" "tibble::tibble" "roi_result_to_tibble" "process_roi.default" "process_roi" "doTryCatch" "tryCatchOne" "tryCatchList" "tryCatch" "worker_impl" "worker_fun" "run_map" "run_future.shard_model_spec" "run_future" "doTryCatch" "tryCatchOne" "tryCatchList" "tryCatch" "doTryCatch" "tryCatchOne" "tryCatchList" "tryCatch" "mvpa_fun" "do_standard" "<Anonymous>" "do.call" "run_searchlight.default" "run_searchlight" "system.time" 
"shard_extract_roi_volumetric" "shard_extract_roi" "doTryCatch" "tryCatchOne" "tryCatchList" "tryCatch" "worker_impl" "worker_fun" "run_map" "run_future.shard_model_spec" "run_future" "doTryCatch" "tryCatchOne" "tryCatchList" "tryCatch" "doTryCatch" "tryCatchOne" "tryCatchList" "tryCatch" "mvpa_fun" "do_standard" "<Anonymous>" "do.call" "run_searchlight.default" "run_searchlight" "system.time" 
"is.na" "is.data.frame" "colSums" ".filter_roi_stats_fast" ".filter_roi_stats" "filter_roi.ROIVec" "filter_roi" "doTryCatch" "tryCatchOne" "tryCatchList" "tryCatch" "try" "shard_extract_roi_volumetric" "shard_extract_roi" "doTryCatch" "tryCatchOne" "tryCatchList" "tryCatch" "worker_impl" "worker_fun" "run_map" "run_future.shard_model_spec" "run_future" "doTryCatch" "tryCatchOne" "tryCatchList" "tryCatch" "doTryCatch" "tryCatchOne" "tryCatchList" "tryCatch" "mvpa_fun" "do_standard" "<Anonymous>" "do.call" "run_searchlight.default" "run_searchlight" "system.time" 
"which" "filter_roi.ROIVec" "filter_roi" "doTryCatch" "tryCatchOne" "tryCatchList" "tryCatch" "try" "shard_extract_roi_volumetric" "shard_extract_roi" "doTryCatch" "tryCatchOne" "tryCatchList" "tryCatch" "worker_impl" "worker_fun" "run_map" "run_future.shard_model_spec" "run_future" "doTryCatch" "tryCatchOne" "tryCatchList" "tryCatch" "doTryCatch" "tryCatchOne" "tryCatchList" "tryCatch" "mvpa_fun" "do_standard" "<Anonymous>" "do.call" "run_searchlight.default" "run_searchlight" "system.time" 
"shard_extract_roi_volumetric" "shard_extract_roi" "doTryCatch" "tryCatchOne" "tryCatchList" "tryCatch" "worker_impl" "worker_fun" "run_map" "run_future.shard_model_spec" "run_future" "doTryCatch" "tryCatchOne" "tryCatchList" "tryCatch" "doTryCatch" "tryCatchOne" "tryCatchList" "tryCatch" "mvpa_fun" "do_standard" "<Anonymous>" "do.call" "run_searchlight.default" "run_searchlight" "system.time" 
".filter_roi_stats_fast" ".filter_roi_stats" "filter_roi.ROIVec" "filter_roi" "doTryCatch" "tryCatchOne" "tryCatchList" "tryCatch" "try" "shard_extract_roi_volumetric" "shard_extract_roi" "doTryCatch" "tryCatchOne" "tryCatchList" "tryCatch" "worker_impl" "worker_fun" "run_map" "run_future.shard_model_spec" "run_future" "doTryCatch" "tryCatchOne" "tryCatchList" "tryCatch" "doTryCatch" "tryCatchOne" "tryCatchList" "tryCatch" "mvpa_fun" "do_standard" "<Anonymous>" "do.call" "run_searchlight.default" "run_searchlight" "system.time" 
"getDataPart" "ncol" "validityMethod" "isTRUE" "anyStrings" "validObject" ".nextMethod" "callNextMethod" ".nextMethod" "callNextMethod" "initialize" "initialize" "new" "ROIVec" "filter_roi.ROIVec" "filter_roi" "doTryCatch" "tryCatchOne" "tryCatchList" "tryCatch" "try" "shard_extract_roi_volumetric" "shard_extract_roi" "doTryCatch" "tryCatchOne" "tryCatchList" "tryCatch" "worker_impl" "worker_fun" "run_map" "run_future.shard_model_spec" "run_future" "doTryCatch" "tryCatchOne" "tryCatchList" "tryCatch" "doTryCatch" "tryCatchOne" "tryCatchList" "tryCatch" "mvpa_fun" "do_standard" "<Anonymous>" "do.call" "run_searchlight.default" "run_searchlight" "system.time" 
"ROIVec" "filter_roi.ROIVec" "filter_roi" "doTryCatch" "tryCatchOne" "tryCatchList" "tryCatch" "try" "shard_extract_roi_volumetric" "shard_extract_roi" "doTryCatch" "tryCatchOne" "tryCatchList" "tryCatch" "worker_impl" "worker_fun" "run_map" "run_future.shard_model_spec" "run_future" "doTryCatch" "tryCatchOne" "tryCatchList" "tryCatch" "doTryCatch" "tryCatchOne" "tryCatchList" "tryCatch" "mvpa_fun" "do_standard" "<Anonymous>" "do.call" "run_searchlight.default" "run_searchlight" "system.time" 
"rowMeans" "sweep" ".rdm_vector_correlation" "train_model.rsa_model" "train_model" "doTryCatch" "tryCatchOne" "tryCatchList" "tryCatch" "fit_roi.rsa_model" "fit_roi" "doTryCatch" "tryCatchOne" "tryCatchList" "tryCatch" "process_roi.default" "process_roi" "doTryCatch" "tryCatchOne" "tryCatchList" "tryCatch" "worker_impl" "worker_fun" "run_map" "run_future.shard_model_spec" "run_future" "doTryCatch" "tryCatchOne" "tryCatchList" "tryCatch" "doTryCatch" "tryCatchOne" "tryCatchList" "tryCatch" "mvpa_fun" "do_standard" "<Anonymous>" "do.call" "run_searchlight.default" "run_searchlight" "system.time" 
"filter_roi.ROIVec" "filter_roi" "doTryCatch" "tryCatchOne" "tryCatchList" "tryCatch" "try" "shard_extract_roi_volumetric" "shard_extract_roi" "doTryCatch" "tryCatchOne" "tryCatchList" "tryCatch" "worker_impl" "worker_fun" "run_map" "run_future.shard_model_spec" "run_future" "doTryCatch" "tryCatchOne" "tryCatchList" "tryCatch" "doTryCatch" "tryCatchOne" "tryCatchList" "tryCatch" "mvpa_fun" "do_standard" "<Anonymous>" "do.call" "run_searchlight.default" "run_searchlight" "system.time" 
"doTryCatch" "tryCatchOne" "tryCatchList" "tryCatch" "<Anonymous>" "glue_data" "glue::glue" ".name_spec" "<Anonymous>" ".External2" "vec_c" "splice_dfs" "tibble_quos" "tibble::tibble" "roi_result_to_tibble" "process_roi.default" "process_roi" "doTryCatch" "tryCatchOne" "tryCatchList" "tryCatch" "worker_impl" "worker_fun" "run_map" "run_future.shard_model_spec" "run_future" "doTryCatch" "tryCatchOne" "tryCatchList" "tryCatch" "doTryCatch" "tryCatchOne" "tryCatchList" "tryCatch" "mvpa_fun" "do_standard" "<Anonymous>" "do.call" "run_searchlight.default" "run_searchlight" "system.time" 
".filter_roi_stats_fast" ".filter_roi_stats" "filter_roi.ROIVec" "filter_roi" "doTryCatch" "tryCatchOne" "tryCatchList" "tryCatch" "try" "shard_extract_roi_volumetric" "shard_extract_roi" "doTryCatch" "tryCatchOne" "tryCatchList" "tryCatch" "worker_impl" "worker_fun" "run_map" "run_future.shard_model_spec" "run_future" "doTryCatch" "tryCatchOne" "tryCatchList" "tryCatch" "doTryCatch" "tryCatchOne" "tryCatchList" "tryCatch" "mvpa_fun" "do_standard" "<Anonymous>" "do.call" "run_searchlight.default" "run_searchlight" "system.time" 
"is.data.frame" "rowSums" ".rdm_vector_correlation" "train_model.rsa_model" "train_model" "doTryCatch" "tryCatchOne" "tryCatchList" "tryCatch" "fit_roi.rsa_model" "fit_roi" "doTryCatch" "tryCatchOne" "tryCatchList" "tryCatch" "process_roi.default" "process_roi" "doTryCatch" "tryCatchOne" "tryCatchList" "tryCatch" "worker_impl" "worker_fun" "run_map" "run_future.shard_model_spec" "run_future" "doTryCatch" "tryCatchOne" "tryCatchList" "tryCatch" "doTryCatch" "tryCatchOne" "tryCatchList" "tryCatch" "mvpa_fun" "do_standard" "<Anonymous>" "do.call" "run_searchlight.default" "run_searchlight" "system.time" 
"ROIVec" "filter_roi.ROIVec" "filter_roi" "doTryCatch" "tryCatchOne" "tryCatchList" "tryCatch" "try" "shard_extract_roi_volumetric" "shard_extract_roi" "doTryCatch" "tryCatchOne" "tryCatchList" "tryCatch" "worker_impl" "worker_fun" "run_map" "run_future.shard_model_spec" "run_future" "doTryCatch" "tryCatchOne" "tryCatchList" "tryCatch" "doTryCatch" "tryCatchOne" "tryCatchList" "tryCatch" "mvpa_fun" "do_standard" "<Anonymous>" "do.call" "run_searchlight.default" "run_searchlight" "system.time" 
"rowMeans" "sweep" ".rdm_vector_correlation" "train_model.rsa_model" "train_model" "doTryCatch" "tryCatchOne" "tryCatchList" "tryCatch" "fit_roi.rsa_model" "fit_roi" "doTryCatch" "tryCatchOne" "tryCatchList" "tryCatch" "process_roi.default" "process_roi" "doTryCatch" "tryCatchOne" "tryCatchList" "tryCatch" "worker_impl" "worker_fun" "run_map" "run_future.shard_model_spec" "run_future" "doTryCatch" "tryCatchOne" "tryCatchList" "tryCatch" "doTryCatch" "tryCatchOne" "tryCatchList" "tryCatch" "mvpa_fun" "do_standard" "<Anonymous>" "do.call" "run_searchlight.default" "run_searchlight" "system.time" 
"shard_extract_roi_volumetric" "shard_extract_roi" "doTryCatch" "tryCatchOne" "tryCatchList" "tryCatch" "worker_impl" "worker_fun" "run_map" "run_future.shard_model_spec" "run_future" "doTryCatch" "tryCatchOne" "tryCatchList" "tryCatch" "doTryCatch" "tryCatchOne" "tryCatchList" "tryCatch" "mvpa_fun" "do_standard" "<Anonymous>" "do.call" "run_searchlight.default" "run_searchlight" "system.time" 
"is.na" "is.data.frame" "colSums" ".filter_roi_stats_fast" ".filter_roi_stats" "filter_roi.ROIVec" "filter_roi" "doTryCatch" "tryCatchOne" "tryCatchList" "tryCatch" "try" "shard_extract_roi_volumetric" "shard_extract_roi" "doTryCatch" "tryCatchOne" "tryCatchList" "tryCatch" "worker_impl" "worker_fun" "run_map" "run_future.shard_model_spec" "run_future" "doTryCatch" "tryCatchOne" "tryCatchList" "tryCatch" "doTryCatch" "tryCatchOne" "tryCatchList" "tryCatch" "mvpa_fun" "do_standard" "<Anonymous>" "do.call" "run_searchlight.default" "run_searchlight" "system.time" 
"rowMeans" "sweep" ".rdm_vector_correlation" "train_model.rsa_model" "train_model" "doTryCatch" "tryCatchOne" "tryCatchList" "tryCatch" "fit_roi.rsa_model" "fit_roi" "doTryCatch" "tryCatchOne" "tryCatchList" "tryCatch" "process_roi.default" "process_roi" "doTryCatch" "tryCatchOne" "tryCatchList" "tryCatch" "worker_impl" "worker_fun" "run_map" "run_future.shard_model_spec" "run_future" "doTryCatch" "tryCatchOne" "tryCatchList" "tryCatch" "doTryCatch" "tryCatchOne" "tryCatchList" "tryCatch" "mvpa_fun" "do_standard" "<Anonymous>" "do.call" "run_searchlight.default" "run_searchlight" "system.time" 
"shard_extract_roi_volumetric" "shard_extract_roi" "doTryCatch" "tryCatchOne" "tryCatchList" "tryCatch" "worker_impl" "worker_fun" "run_map" "run_future.shard_model_spec" "run_future" "doTryCatch" "tryCatchOne" "tryCatchList" "tryCatch" "doTryCatch" "tryCatchOne" "tryCatchList" "tryCatch" "mvpa_fun" "do_standard" "<Anonymous>" "do.call" "run_searchlight.default" "run_searchlight" "system.time" 
".External2" "vec_rbind" "dplyr::bind_rows" "run_future.shard_model_spec" "run_future" "doTryCatch" "tryCatchOne" "tryCatchList" "tryCatch" "doTryCatch" "tryCatchOne" "tryCatchList" "tryCatch" "mvpa_fun" "do_standard" "<Anonymous>" "do.call" "run_searchlight.default" "run_searchlight" "system.time" 
"attributes" "validObject" "initialize" "initialize" "new" "spherical_roi" "<Anonymous>" "[[.deflist" "[[" "FUN" "lapply" "[.deflist" "[" "doTryCatch" "tryCatchOne" "tryCatchList" "tryCatch" "doTryCatch" "tryCatchOne" "tryCatchList" "tryCatch" "mvpa_fun" "do_standard" "<Anonymous>" "do.call" "run_searchlight.default" "run_searchlight" "system.time" 
"spherical_roi" "<Anonymous>" "[[.deflist" "[[" "FUN" "lapply" "[.deflist" "[" "doTryCatch" "tryCatchOne" "tryCatchList" "tryCatch" "doTryCatch" "tryCatchOne" "tryCatchList" "tryCatch" "mvpa_fun" "do_standard" "<Anonymous>" "do.call" "run_searchlight.default" "run_searchlight" "system.time" 
"local_sphere" "make_spherical_grid" "spherical_roi" "<Anonymous>" "[[.deflist" "[[" "FUN" "lapply" "[.deflist" "[" "doTryCatch" "tryCatchOne" "tryCatchList" "tryCatch" "doTryCatch" "tryCatchOne" "tryCatchList" "tryCatch" "mvpa_fun" "do_standard" "<Anonymous>" "do.call" "run_searchlight.default" "run_searchlight" "system.time" 
"gridToIndex3DCpp" ".gridToIndex3D" "grid_to_index" "grid_to_index" "spherical_roi" "<Anonymous>" "[[.deflist" "[[" "FUN" "lapply" "[.deflist" "[" "doTryCatch" "tryCatchOne" "tryCatchList" "tryCatch" "doTryCatch" "tryCatchOne" "tryCatchList" "tryCatch" "mvpa_fun" "do_standard" "<Anonymous>" "do.call" "run_searchlight.default" "run_searchlight" "system.time" 
"dim" "dim" "make_spherical_grid" "spherical_roi" "<Anonymous>" "[[.deflist" "[[" "FUN" "lapply" "[.deflist" "[" "doTryCatch" "tryCatchOne" "tryCatchList" "tryCatch" "doTryCatch" "tryCatchOne" "tryCatchList" "tryCatch" "mvpa_fun" "do_standard" "<Anonymous>" "do.call" "run_searchlight.default" "run_searchlight" "system.time" 
"vapply" "order" "spherical_roi" "<Anonymous>" "[[.deflist" "[[" "FUN" "lapply" "[.deflist" "[" "doTryCatch" "tryCatchOne" "tryCatchList" "tryCatch" "doTryCatch" "tryCatchOne" "tryCatchList" "tryCatch" "mvpa_fun" "do_standard" "<Anonymous>" "do.call" "run_searchlight.default" "run_searchlight" "system.time" 
".identC" "is" "spherical_roi" "<Anonymous>" "[[.deflist" "[[" "FUN" "lapply" "[.deflist" "[" "doTryCatch" "tryCatchOne" "tryCatchList" "tryCatch" "doTryCatch" "tryCatchOne" "tryCatchList" "tryCatch" "mvpa_fun" "do_standard" "<Anonymous>" "do.call" "run_searchlight.default" "run_searchlight" "system.time" 
"order" "spherical_roi" "<Anonymous>" "[[.deflist" "[[" "FUN" "lapply" "[.deflist" "[" "doTryCatch" "tryCatchOne" "tryCatchList" "tryCatch" "doTryCatch" "tryCatchOne" "tryCatchList" "tryCatch" "mvpa_fun" "do_standard" "<Anonymous>" "do.call" "run_searchlight.default" "run_searchlight" "system.time" 
"order" "spherical_roi" "<Anonymous>" "[[.deflist" "[[" "FUN" "lapply" "[.deflist" "[" "doTryCatch" "tryCatchOne" "tryCatchList" "tryCatch" "doTryCatch" "tryCatchOne" "tryCatchList" "tryCatch" "mvpa_fun" "do_standard" "<Anonymous>" "do.call" "run_searchlight.default" "run_searchlight" "system.time" 
"spherical_roi" "<Anonymous>" "[[.deflist" "[[" "FUN" "lapply" "[.deflist" "[" "doTryCatch" "tryCatchOne" "tryCatchList" "tryCatch" "doTryCatch" "tryCatchOne" "tryCatchList" "tryCatch" "mvpa_fun" "do_standard" "<Anonymous>" "do.call" "run_searchlight.default" "run_searchlight" "system.time" 
"order" "spherical_roi" "<Anonymous>" "[[.deflist" "[[" "FUN" "lapply" "[.deflist" "[" "doTryCatch" "tryCatchOne" "tryCatchList" "tryCatch" "doTryCatch" "tryCatchOne" "tryCatchList" "tryCatch" "mvpa_fun" "do_standard" "<Anonymous>" "do.call" "run_searchlight.default" "run_searchlight" "system.time" 
"FUN" "vapply" "order" "spherical_roi" "<Anonymous>" "[[.deflist" "[[" "FUN" "lapply" "[.deflist" "[" "doTryCatch" "tryCatchOne" "tryCatchList" "tryCatch" "doTryCatch" "tryCatchOne" "tryCatchList" "tryCatch" "mvpa_fun" "do_standard" "<Anonymous>" "do.call" "run_searchlight.default" "run_searchlight" "system.time" 
"order" "spherical_roi" "<Anonymous>" "[[.deflist" "[[" "FUN" "lapply" "[.deflist" "[" "doTryCatch" "tryCatchOne" "tryCatchList" "tryCatch" "doTryCatch" "tryCatchOne" "tryCatchList" "tryCatch" "mvpa_fun" "do_standard" "<Anonymous>" "do.call" "run_searchlight.default" "run_searchlight" "system.time" 
"checkSlotAssignment" "slot<-" "asMethod" "as<-" "initialize" "initialize" "new" "spherical_roi" "<Anonymous>" "[[.deflist" "[[" "FUN" "lapply" "[.deflist" "[" "doTryCatch" "tryCatchOne" "tryCatchList" "tryCatch" "doTryCatch" "tryCatchOne" "tryCatchList" "tryCatch" "mvpa_fun" "do_standard" "<Anonymous>" "do.call" "run_searchlight.default" "run_searchlight" "system.time" 
"local_sphere" "make_spherical_grid" "spherical_roi" "<Anonymous>" "[[.deflist" "[[" "FUN" "lapply" "[.deflist" "[" "doTryCatch" "tryCatchOne" "tryCatchList" "tryCatch" "doTryCatch" "tryCatchOne" "tryCatchList" "tryCatch" "mvpa_fun" "do_standard" "<Anonymous>" "do.call" "run_searchlight.default" "run_searchlight" "system.time" 
"matrix" "rowSums" "spherical_roi" "<Anonymous>" "[[.deflist" "[[" "FUN" "lapply" "[.deflist" "[" "doTryCatch" "tryCatchOne" "tryCatchList" "tryCatch" "doTryCatch" "tryCatchOne" "tryCatchList" "tryCatch" "mvpa_fun" "do_standard" "<Anonymous>" "do.call" "run_searchlight.default" "run_searchlight" "system.time" 
"getClassDef" "validObject" "initialize" "initialize" "new" "spherical_roi" "<Anonymous>" "[[.deflist" "[[" "FUN" "lapply" "[.deflist" "[" "doTryCatch" "tryCatchOne" "tryCatchList" "tryCatch" "doTryCatch" "tryCatchOne" "tryCatchList" "tryCatch" "mvpa_fun" "do_standard" "<Anonymous>" "do.call" "run_searchlight.default" "run_searchlight" "system.time" 
"getClass" "initialize" "initialize" "new" "spherical_roi" "<Anonymous>" "[[.deflist" "[[" "FUN" "lapply" "[.deflist" "[" "doTryCatch" "tryCatchOne" "tryCatchList" "tryCatch" "doTryCatch" "tryCatchOne" "tryCatchList" "tryCatch" "mvpa_fun" "do_standard" "<Anonymous>" "do.call" "run_searchlight.default" "run_searchlight" "system.time" 
"getClassDef" "getClass" "checkSlotAssignment" "slot<-" "asMethod" "as<-" "initialize" "initialize" "new" "spherical_roi" "<Anonymous>" "[[.deflist" "[[" "FUN" "lapply" "[.deflist" "[" "doTryCatch" "tryCatchOne" "tryCatchList" "tryCatch" "doTryCatch" "tryCatchOne" "tryCatchList" "tryCatch" "mvpa_fun" "do_standard" "<Anonymous>" "do.call" "run_searchlight.default" "run_searchlight" "system.time" 
"getClassDef" "getClass" "new" "spherical_roi" "<Anonymous>" "[[.deflist" "[[" "FUN" "lapply" "[.deflist" "[" "doTryCatch" "tryCatchOne" "tryCatchList" "tryCatch" "doTryCatch" "tryCatchOne" "tryCatchList" "tryCatch" "mvpa_fun" "do_standard" "<Anonymous>" "do.call" "run_searchlight.default" "run_searchlight" "system.time" 
".dataSlot" "setDataPart" "slot<-" "asMethod" "as" "ncol" "validityMethod" "isTRUE" "anyStrings" "validObject" "initialize" "initialize" "new" "spherical_roi" "<Anonymous>" "[[.deflist" "[[" "FUN" "lapply" "[.deflist" "[" "doTryCatch" "tryCatchOne" "tryCatchList" "tryCatch" "doTryCatch" "tryCatchOne" "tryCatchList" "tryCatch" "mvpa_fun" "do_standard" "<Anonymous>" "do.call" "run_searchlight.default" "run_searchlight" "system.time" 
"asS4" ".asS4" ".mergeAttrs" "setDataPart" "slot<-" "asMethod" "as" "ncol" "validityMethod" "isTRUE" "anyStrings" "validObject" "initialize" "initialize" "new" "spherical_roi" "<Anonymous>" "[[.deflist" "[[" "FUN" "lapply" "[.deflist" "[" "doTryCatch" "tryCatchOne" "tryCatchList" "tryCatch" "doTryCatch" "tryCatchOne" "tryCatchList" "tryCatch" "mvpa_fun" "do_standard" "<Anonymous>" "do.call" "run_searchlight.default" "run_searchlight" "system.time" 
"getClassDef" "initialize" "initialize" "new" "spherical_roi" "<Anonymous>" "[[.deflist" "[[" "FUN" "lapply" "[.deflist" "[" "doTryCatch" "tryCatchOne" "tryCatchList" "tryCatch" "doTryCatch" "tryCatchOne" "tryCatchList" "tryCatch" "mvpa_fun" "do_standard" "<Anonymous>" "do.call" "run_searchlight.default" "run_searchlight" "system.time" 
"local_sphere" "make_spherical_grid" "spherical_roi" "<Anonymous>" "[[.deflist" "[[" "FUN" "lapply" "[.deflist" "[" "doTryCatch" "tryCatchOne" "tryCatchList" "tryCatch" "doTryCatch" "tryCatchOne" "tryCatchList" "tryCatch" "mvpa_fun" "do_standard" "<Anonymous>" "do.call" "run_searchlight.default" "run_searchlight" "system.time" 
"rowSums" "spherical_roi" "<Anonymous>" "[[.deflist" "[[" "FUN" "lapply" "[.deflist" "[" "doTryCatch" "tryCatchOne" "tryCatchList" "tryCatch" "doTryCatch" "tryCatchOne" "tryCatchList" "tryCatch" "mvpa_fun" "do_standard" "<Anonymous>" "do.call" "run_searchlight.default" "run_searchlight" "system.time" 
"space" "space" "spacing" "spacing" "make_spherical_grid" "spherical_roi" "<Anonymous>" "[[.deflist" "[[" "FUN" "lapply" "[.deflist" "[" "doTryCatch" "tryCatchOne" "tryCatchList" "tryCatch" "doTryCatch" "tryCatchOne" "tryCatchList" "tryCatch" "mvpa_fun" "do_standard" "<Anonymous>" "do.call" "run_searchlight.default" "run_searchlight" "system.time" 
".mergeAttrs" "setDataPart" "slot<-" "asMethod" "as" "asMethod" "as<-" "initialize" "initialize" "new" "spherical_roi" "<Anonymous>" "[[.deflist" "[[" "FUN" "lapply" "[.deflist" "[" "doTryCatch" "tryCatchOne" "tryCatchList" "tryCatch" "doTryCatch" "tryCatchOne" "tryCatchList" "tryCatch" "mvpa_fun" "do_standard" "<Anonymous>" "do.call" "run_searchlight.default" "run_searchlight" "system.time" 
".findMethodInTable" ".quickCoerceSelect" "as<-" "initialize" "initialize" "new" "spherical_roi" "<Anonymous>" "[[.deflist" "[[" "FUN" "lapply" "[.deflist" "[" "doTryCatch" "tryCatchOne" "tryCatchList" "tryCatch" "doTryCatch" "tryCatchOne" "tryCatchList" "tryCatch" "mvpa_fun" "do_standard" "<Anonymous>" "do.call" "run_searchlight.default" "run_searchlight" "system.time" 
"initialize" "initialize" "new" "spherical_roi" "<Anonymous>" "[[.deflist" "[[" "FUN" "lapply" "[.deflist" "[" "doTryCatch" "tryCatchOne" "tryCatchList" "tryCatch" "doTryCatch" "tryCatchOne" "tryCatchList" "tryCatch" "mvpa_fun" "do_standard" "<Anonymous>" "do.call" "run_searchlight.default" "run_searchlight" "system.time" 
"spherical_roi" "<Anonymous>" "[[.deflist" "[[" "FUN" "lapply" "[.deflist" "[" "doTryCatch" "tryCatchOne" "tryCatchList" "tryCatch" "doTryCatch" "tryCatchOne" "tryCatchList" "tryCatch" "mvpa_fun" "do_standard" "<Anonymous>" "do.call" "run_searchlight.default" "run_searchlight" "system.time" 
"stopifnot" "is" ".findMethodInTable" ".quickCoerceSelect" "as" "asMethod" "as<-" "initialize" "initialize" "new" "spherical_roi" "<Anonymous>" "[[.deflist" "[[" "FUN" "lapply" "[.deflist" "[" "doTryCatch" "tryCatchOne" "tryCatchList" "tryCatch" "doTryCatch" "tryCatchOne" "tryCatchList" "tryCatch" "mvpa_fun" "do_standard" "<Anonymous>" "do.call" "run_searchlight.default" "run_searchlight" "system.time" 
"initialize" "initialize" "new" "spherical_roi" "<Anonymous>" "[[.deflist" "[[" "FUN" "lapply" "[.deflist" "[" "doTryCatch" "tryCatchOne" "tryCatchList" "tryCatch" "doTryCatch" "tryCatchOne" "tryCatchList" "tryCatch" "mvpa_fun" "do_standard" "<Anonymous>" "do.call" "run_searchlight.default" "run_searchlight" "system.time" 
"%in%" "findCenvVar" "getInlineInfo" "tryInline" "cmpCall" "cmp" "cmpSymbolAssign" "h" "tryInline" "cmpCall" "cmp" "h" "tryInline" "cmpCall" "cmp" "genCode" "cmpfun" "doTryCatch" "tryCatchOne" "tryCatchList" "tryCatch" "compiler:::tryCmpfun" ".prepare_batch_frame" "doTryCatch" "tryCatchOne" "tryCatchList" "tryCatch" "doTryCatch" "tryCatchOne" "tryCatchList" "tryCatch" "mvpa_fun" "do_standard" "<Anonymous>" "do.call" "run_searchlight.default" "run_searchlight" "system.time" 
"proc.time" ".prepare_batch_frame" "doTryCatch" "tryCatchOne" "tryCatchList" "tryCatch" "doTryCatch" "tryCatchOne" "tryCatchList" "tryCatch" "mvpa_fun" "do_standard" "<Anonymous>" "do.call" "run_searchlight.default" "run_searchlight" "system.time" 
"gridToIndex3DCpp" ".gridToIndex3D" "neuroim2::grid_to_index" "neuroim2::grid_to_index" "doTryCatch" "tryCatchOne" "tryCatchList" "tryCatch" "FUN" "lapply" ".get_samples" "get_samples.mvpa_dataset" "get_samples" ".prepare_batch_frame" "doTryCatch" "tryCatchOne" "tryCatchList" "tryCatch" "doTryCatch" "tryCatchOne" "tryCatchList" "tryCatch" "mvpa_fun" "do_standard" "<Anonymous>" "do.call" "run_searchlight.default" "run_searchlight" "system.time" 
"gridToIndex3DCpp" ".gridToIndex3D" "neuroim2::grid_to_index" "neuroim2::grid_to_index" "doTryCatch" "tryCatchOne" "tryCatchList" "tryCatch" "FUN" "lapply" ".get_samples" "get_samples.mvpa_dataset" "get_samples" ".prepare_batch_frame" "doTryCatch" "tryCatchOne" "tryCatchList" "tryCatch" "doTryCatch" "tryCatchOne" "tryCatchList" "tryCatch" "mvpa_fun" "do_standard" "<Anonymous>" "do.call" "run_searchlight.default" "run_searchlight" "system.time" 
"length" "str.default" "str" "...elt" "withVisible" "capture.output" "flog.namespace" "UseFunction" "flog.logger" ".log_level" "futile.logger::flog.debug" "doTryCatch" "tryCatchOne" "tryCatchList" "tryCatch" "doTryCatch" "tryCatchOne" "tryCatchList" "tryCatch" "mvpa_fun" "do_standard" "<Anonymous>" "do.call" "run_searchlight.default" "run_searchlight" "system.time" 
"findCenvVar" "getInlineInfo" "isBaseVar" "mayCallBrowser" "mayCallBrowserList" "mayCallBrowser" "mayCallBrowserList" "mayCallBrowser" "h" "tryInline" "cmpCall" "cmp" "cmpSymbolAssign" "h" "tryInline" "cmpCall" "cmp" "h" "tryInline" "cmpCall" "cmp" "genCode" "h" "tryInline" "cmpCall" "cmp" "cmpSymbolAssign" "h" "tryInline" "cmpCall" "cmp" "h" "tryInline" "cmpCall" "cmp" "genCode" "cmpfun" "doTryCatch" "tryCatchOne" "tryCatchList" "tryCatch" "compiler:::tryCmpfun" "run_future.shard_model_spec" "run_future" "doTryCatch" "tryCatchOne" "tryCatchList" "tryCatch" "doTryCatch" "tryCatchOne" "tryCatchList" "tryCatch" "mvpa_fun" "do_standard" "<Anonymous>" "do.call" "run_searchlight.default" "run_searchlight" "system.time" 
"grep" "is.ddsym" "cmpSym" "cmp" "cmpIndices" "cmpSubassignDispatch" "h" "trySetterInline" "cmpSetterCall" "cmpComplexAssign" "h" "tryInline" "cmpCall" "cmp" "h" "tryInline" "cmpCall" "cmp" "h" "tryInline" "cmpCall" "cmp" "h" "tryInline" "cmpCall" "cmp" "cmpForBody" "h" "tryInline" "cmpCall" "cmp" "h" "tryInline" "cmpCall" "cmp" "h" "tryInline" "cmpCall" "cmp" "h" "tryInline" "cmpCall" "cmp" "genCode" "cb$putconst" "cmpCallArgs" "cmpCallSymFun" "cmpCall" "cmp" "h" "tryInline" "cmpCall" "cmp" "genCode" "h" "tryInline" "cmpCall" "cmp" "cmpSymbolAssign" "h" "tryInline" "cmpCall" "cmp" "h" "tryInline" "cmpCall" "cmp" "genCode" "h" "tryInline" "cmpCall" "cmp" "cmpSymbolAssign" "h" "tryInline" "cmpCall" "cmp" "h" "tryInline" "cmpCall" "cmp" "genCode" "cmpfun" "doTryCatch" "tryCatchOne" "tryCatchList" "tryCatch" "compiler:::tryCmpfun" "run_future.shard_model_spec" "run_future" "doTryCatch" "tryCatchOne" "tryCatchList" "tryCatch" "doTryCatch" "tryCatchOne" "tryCatchList" "tryCatch" "mvpa_fun" "do_standard" "<Anonymous>" "do.call" "run_searchlight.default" "run_searchlight" "system.time" 
"%in%" "findCenvVar" "findVar" "cmpSym" "cmp" "genCode" "cb$putconst" "cmpCallArgs" "cmpCallSymFun" "cmpCall" "cmp" "h" "tryInline" "cmpCall" "cmp" "genCode" "h" "tryInline" "cmpCall" "cmp" "cmpSymbolAssign" "h" "tryInline" "cmpCall" "cmp" "h" "tryInline" "cmpCall" "cmp" "genCode" "h" "tryInline" "cmpCall" "cmp" "cmpSymbolAssign" "h" "tryInline" "cmpCall" "cmp" "h" "tryInline" "cmpCall" "cmp" "genCode" "cmpfun" "doTryCatch" "tryCatchOne" "tryCatchList" "tryCatch" "compiler:::tryCmpfun" "run_future.shard_model_spec" "run_future" "doTryCatch" "tryCatchOne" "tryCatchList" "tryCatch" "doTryCatch" "tryCatchOne" "tryCatchList" "tryCatch" "mvpa_fun" "do_standard" "<Anonymous>" "do.call" "run_searchlight.default" "run_searchlight" "system.time" 
"%in%" "findCenvVar" "getInlineInfo" "tryInline" "cmpCall" "cmp" "cmpCallExprFun" "cmpCall" "cmp" "genCode" "cb$putconst" "cmpCallArgs" "cmpCallExprFun" "cmpCall" "cmp" "h" "tryInline" "cmpCall" "cmp" "h" "tryInline" "cmpCall" "cmp" "cmpSymbolAssign" "h" "tryInline" "cmpCall" "cmp" "h" "tryInline" "cmpCall" "cmp" "genCode" "cmpfun" "doTryCatch" "tryCatchOne" "tryCatchList" "tryCatch" "compiler:::tryCmpfun" "run_future.shard_model_spec" "run_future" "doTryCatch" "tryCatchOne" "tryCatchList" "tryCatch" "doTryCatch" "tryCatchOne" "tryCatchList" "tryCatch" "mvpa_fun" "do_standard" "<Anonymous>" "do.call" "run_searchlight.default" "run_searchlight" "system.time" 
"c" "tools::nonS3methods" "utils::getS3method" ".has_fit_roi" "process_roi.default" "process_roi" "doTryCatch" "tryCatchOne" "tryCatchList" "tryCatch" "worker_impl" "worker_fun" "run_map" "run_future.shard_model_spec" "run_future" "doTryCatch" "tryCatchOne" "tryCatchList" "tryCatch" "doTryCatch" "tryCatchOne" "tryCatchList" "tryCatch" "mvpa_fun" "do_standard" "<Anonymous>" "do.call" "run_searchlight.default" "run_searchlight" "system.time" 
"is" "callNextMethod" ".nextMethod" "callNextMethod" "initialize" "initialize" "new" "ROIVec" "filter_roi.ROIVec" "filter_roi" "doTryCatch" "tryCatchOne" "tryCatchList" "tryCatch" "try" "shard_extract_roi_volumetric" "shard_extract_roi" "doTryCatch" "tryCatchOne" "tryCatchList" "tryCatch" "worker_impl" "worker_fun" "run_map" "run_future.shard_model_spec" "run_future" "doTryCatch" "tryCatchOne" "tryCatchList" "tryCatch" "doTryCatch" "tryCatchOne" "tryCatchList" "tryCatch" "mvpa_fun" "do_standard" "<Anonymous>" "do.call" "run_searchlight.default" "run_searchlight" "system.time" 
"tcrossprod" ".rdm_vector_correlation" "train_model.rsa_model" "train_model" "doTryCatch" "tryCatchOne" "tryCatchList" "tryCatch" "fit_roi.rsa_model" "fit_roi" "doTryCatch" "tryCatchOne" "tryCatchList" "tryCatch" "process_roi.default" "process_roi" "doTryCatch" "tryCatchOne" "tryCatchList" "tryCatch" "worker_impl" "worker_fun" "run_map" "run_future.shard_model_spec" "run_future" "doTryCatch" "tryCatchOne" "tryCatchList" "tryCatch" "doTryCatch" "tryCatchOne" "tryCatchList" "tryCatch" "mvpa_fun" "do_standard" "<Anonymous>" "do.call" "run_searchlight.default" "run_searchlight" "system.time" 
"shard_extract_roi_volumetric" "shard_extract_roi" "doTryCatch" "tryCatchOne" "tryCatchList" "tryCatch" "worker_impl" "worker_fun" "run_map" "run_future.shard_model_spec" "run_future" "doTryCatch" "tryCatchOne" "tryCatchList" "tryCatch" "doTryCatch" "tryCatchOne" "tryCatchList" "tryCatch" "mvpa_fun" "do_standard" "<Anonymous>" "do.call" "run_searchlight.default" "run_searchlight" "system.time" 
".filter_roi_stats_fast" ".filter_roi_stats" "filter_roi.ROIVec" "filter_roi" "doTryCatch" "tryCatchOne" "tryCatchList" "tryCatch" "try" "shard_extract_roi_volumetric" "shard_extract_roi" "doTryCatch" "tryCatchOne" "tryCatchList" "tryCatch" "worker_impl" "worker_fun" "run_map" "run_future.shard_model_spec" "run_future" "doTryCatch" "tryCatchOne" "tryCatchList" "tryCatch" "doTryCatch" "tryCatchOne" "tryCatchList" "tryCatch" "mvpa_fun" "do_standard" "<Anonymous>" "do.call" "run_searchlight.default" "run_searchlight" "system.time" 
"ROIVec" "filter_roi.ROIVec" "filter_roi" "doTryCatch" "tryCatchOne" "tryCatchList" "tryCatch" "try" "shard_extract_roi_volumetric" "shard_extract_roi" "doTryCatch" "tryCatchOne" "tryCatchList" "tryCatch" "worker_impl" "worker_fun" "run_map" "run_future.shard_model_spec" "run_future" "doTryCatch" "tryCatchOne" "tryCatchList" "tryCatch" "doTryCatch" "tryCatchOne" "tryCatchList" "tryCatch" "mvpa_fun" "do_standard" "<Anonymous>" "do.call" "run_searchlight.default" "run_searchlight" "system.time" 
"shard_extract_roi_volumetric" "shard_extract_roi" "doTryCatch" "tryCatchOne" "tryCatchList" "tryCatch" "worker_impl" "worker_fun" "run_map" "run_future.shard_model_spec" "run_future" "doTryCatch" "tryCatchOne" "tryCatchList" "tryCatch" "doTryCatch" "tryCatchOne" "tryCatchList" "tryCatch" "mvpa_fun" "do_standard" "<Anonymous>" "do.call" "run_searchlight.default" "run_searchlight" "system.time" 
".filter_roi_stats_fast" ".filter_roi_stats" "filter_roi.ROIVec" "filter_roi" "doTryCatch" "tryCatchOne" "tryCatchList" "tryCatch" "try" "shard_extract_roi_volumetric" "shard_extract_roi" "doTryCatch" "tryCatchOne" "tryCatchList" "tryCatch" "worker_impl" "worker_fun" "run_map" "run_future.shard_model_spec" "run_future" "doTryCatch" "tryCatchOne" "tryCatchList" "tryCatch" "doTryCatch" "tryCatchOne" "tryCatchList" "tryCatch" "mvpa_fun" "do_standard" "<Anonymous>" "do.call" "run_searchlight.default" "run_searchlight" "system.time" 
"ROIVec" "filter_roi.ROIVec" "filter_roi" "doTryCatch" "tryCatchOne" "tryCatchList" "tryCatch" "try" "shard_extract_roi_volumetric" "shard_extract_roi" "doTryCatch" "tryCatchOne" "tryCatchList" "tryCatch" "worker_impl" "worker_fun" "run_map" "run_future.shard_model_spec" "run_future" "doTryCatch" "tryCatchOne" "tryCatchList" "tryCatch" "doTryCatch" "tryCatchOne" "tryCatchList" "tryCatch" "mvpa_fun" "do_standard" "<Anonymous>" "do.call" "run_searchlight.default" "run_searchlight" "system.time" 
"rowMeans" "sweep" ".rdm_vector_correlation" "train_model.rsa_model" "train_model" "doTryCatch" "tryCatchOne" "tryCatchList" "tryCatch" "fit_roi.rsa_model" "fit_roi" "doTryCatch" "tryCatchOne" "tryCatchList" "tryCatch" "process_roi.default" "process_roi" "doTryCatch" "tryCatchOne" "tryCatchList" "tryCatch" "worker_impl" "worker_fun" "run_map" "run_future.shard_model_spec" "run_future" "doTryCatch" "tryCatchOne" "tryCatchList" "tryCatch" "doTryCatch" "tryCatchOne" "tryCatchList" "tryCatch" "mvpa_fun" "do_standard" "<Anonymous>" "do.call" "run_searchlight.default" "run_searchlight" "system.time" 
".nextMethod" "callNextMethod" ".nextMethod" "callNextMethod" "initialize" "initialize" "new" "ROIVec" "filter_roi.ROIVec" "filter_roi" "doTryCatch" "tryCatchOne" "tryCatchList" "tryCatch" "try" "shard_extract_roi_volumetric" "shard_extract_roi" "doTryCatch" "tryCatchOne" "tryCatchList" "tryCatch" "worker_impl" "worker_fun" "run_map" "run_future.shard_model_spec" "run_future" "doTryCatch" "tryCatchOne" "tryCatchList" "tryCatch" "doTryCatch" "tryCatchOne" "tryCatchList" "tryCatch" "mvpa_fun" "do_standard" "<Anonymous>" "do.call" "run_searchlight.default" "run_searchlight" "system.time" 
".getClassesFromCache" "getClassDef" "is" "callNextMethod" ".nextMethod" "callNextMethod" "initialize" "initialize" "new" "neuroim2::ROIVec" "shard_extract_roi_volumetric" "shard_extract_roi" "doTryCatch" "tryCatchOne" "tryCatchList" "tryCatch" "worker_impl" "worker_fun" "run_map" "run_future.shard_model_spec" "run_future" "doTryCatch" "tryCatchOne" "tryCatchList" "tryCatch" "doTryCatch" "tryCatchOne" "tryCatchList" "tryCatch" "mvpa_fun" "do_standard" "<Anonymous>" "do.call" "run_searchlight.default" "run_searchlight" "system.time" 
".filter_roi_stats_fast" ".filter_roi_stats" "filter_roi.ROIVec" "filter_roi" "doTryCatch" "tryCatchOne" "tryCatchList" "tryCatch" "try" "shard_extract_roi_volumetric" "shard_extract_roi" "doTryCatch" "tryCatchOne" "tryCatchList" "tryCatch" "worker_impl" "worker_fun" "run_map" "run_future.shard_model_spec" "run_future" "doTryCatch" "tryCatchOne" "tryCatchList" "tryCatch" "doTryCatch" "tryCatchOne" "tryCatchList" "tryCatch" "mvpa_fun" "do_standard" "<Anonymous>" "do.call" "run_searchlight.default" "run_searchlight" "system.time" 
"ROIVec" "filter_roi.ROIVec" "filter_roi" "doTryCatch" "tryCatchOne" "tryCatchList" "tryCatch" "try" "shard_extract_roi_volumetric" "shard_extract_roi" "doTryCatch" "tryCatchOne" "tryCatchList" "tryCatch" "worker_impl" "worker_fun" "run_map" "run_future.shard_model_spec" "run_future" "doTryCatch" "tryCatchOne" "tryCatchList" "tryCatch" "doTryCatch" "tryCatchOne" "tryCatchList" "tryCatch" "mvpa_fun" "do_standard" "<Anonymous>" "do.call" "run_searchlight.default" "run_searchlight" "system.time" 
"rowMeans" "sweep" ".rdm_vector_correlation" "train_model.rsa_model" "train_model" "doTryCatch" "tryCatchOne" "tryCatchList" "tryCatch" "fit_roi.rsa_model" "fit_roi" "doTryCatch" "tryCatchOne" "tryCatchList" "tryCatch" "process_roi.default" "process_roi" "doTryCatch" "tryCatchOne" "tryCatchList" "tryCatch" "worker_impl" "worker_fun" "run_map" "run_future.shard_model_spec" "run_future" "doTryCatch" "tryCatchOne" "tryCatchList" "tryCatch" "doTryCatch" "tryCatchOne" "tryCatchList" "tryCatch" "mvpa_fun" "do_standard" "<Anonymous>" "do.call" "run_searchlight.default" "run_searchlight" "system.time" 
".filter_roi_stats_fast" ".filter_roi_stats" "filter_roi.ROIVec" "filter_roi" "doTryCatch" "tryCatchOne" "tryCatchList" "tryCatch" "try" "shard_extract_roi_volumetric" "shard_extract_roi" "doTryCatch" "tryCatchOne" "tryCatchList" "tryCatch" "worker_impl" "worker_fun" "run_map" "run_future.shard_model_spec" "run_future" "doTryCatch" "tryCatchOne" "tryCatchList" "tryCatch" "doTryCatch" "tryCatchOne" "tryCatchList" "tryCatch" "mvpa_fun" "do_standard" "<Anonymous>" "do.call" "run_searchlight.default" "run_searchlight" "system.time" 
"rowMeans" "sweep" ".rdm_vector_correlation" "train_model.rsa_model" "train_model" "doTryCatch" "tryCatchOne" "tryCatchList" "tryCatch" "fit_roi.rsa_model" "fit_roi" "doTryCatch" "tryCatchOne" "tryCatchList" "tryCatch" "process_roi.default" "process_roi" "doTryCatch" "tryCatchOne" "tryCatchList" "tryCatch" "worker_impl" "worker_fun" "run_map" "run_future.shard_model_spec" "run_future" "doTryCatch" "tryCatchOne" "tryCatchList" "tryCatch" "doTryCatch" "tryCatchOne" "tryCatchList" "tryCatch" "mvpa_fun" "do_standard" "<Anonymous>" "do.call" "run_searchlight.default" "run_searchlight" "system.time" 
"lapply" "glue_data" "glue::glue" ".name_spec" "<Anonymous>" ".External2" "vec_c" "splice_dfs" "tibble_quos" "tibble::tibble" "roi_result_to_tibble" "process_roi.default" "process_roi" "doTryCatch" "tryCatchOne" "tryCatchList" "tryCatch" "worker_impl" "worker_fun" "run_map" "run_future.shard_model_spec" "run_future" "doTryCatch" "tryCatchOne" "tryCatchList" "tryCatch" "doTryCatch" "tryCatchOne" "tryCatchList" "tryCatch" "mvpa_fun" "do_standard" "<Anonymous>" "do.call" "run_searchlight.default" "run_searchlight" "system.time" 
"shard_extract_roi_volumetric" "shard_extract_roi" "doTryCatch" "tryCatchOne" "tryCatchList" "tryCatch" "worker_impl" "worker_fun" "run_map" "run_future.shard_model_spec" "run_future" "doTryCatch" "tryCatchOne" "tryCatchList" "tryCatch" "doTryCatch" "tryCatchOne" "tryCatchList" "tryCatch" "mvpa_fun" "do_standard" "<Anonymous>" "do.call" "run_searchlight.default" "run_searchlight" "system.time" 
".filter_roi_stats_fast" ".filter_roi_stats" "filter_roi.ROIVec" "filter_roi" "doTryCatch" "tryCatchOne" "tryCatchList" "tryCatch" "try" "shard_extract_roi_volumetric" "shard_extract_roi" "doTryCatch" "tryCatchOne" "tryCatchList" "tryCatch" "worker_impl" "worker_fun" "run_map" "run_future.shard_model_spec" "run_future" "doTryCatch" "tryCatchOne" "tryCatchList" "tryCatch" "doTryCatch" "tryCatchOne" "tryCatchList" "tryCatch" "mvpa_fun" "do_standard" "<Anonymous>" "do.call" "run_searchlight.default" "run_searchlight" "system.time" 
"shard_extract_roi_volumetric" "shard_extract_roi" "doTryCatch" "tryCatchOne" "tryCatchList" "tryCatch" "worker_impl" "worker_fun" "run_map" "run_future.shard_model_spec" "run_future" "doTryCatch" "tryCatchOne" "tryCatchList" "tryCatch" "doTryCatch" "tryCatchOne" "tryCatchList" "tryCatch" "mvpa_fun" "do_standard" "<Anonymous>" "do.call" "run_searchlight.default" "run_searchlight" "system.time" 
".filter_roi_stats_fast" ".filter_roi_stats" "filter_roi.ROIVec" "filter_roi" "doTryCatch" "tryCatchOne" "tryCatchList" "tryCatch" "try" "shard_extract_roi_volumetric" "shard_extract_roi" "doTryCatch" "tryCatchOne" "tryCatchList" "tryCatch" "worker_impl" "worker_fun" "run_map" "run_future.shard_model_spec" "run_future" "doTryCatch" "tryCatchOne" "tryCatchList" "tryCatch" "doTryCatch" "tryCatchOne" "tryCatchList" "tryCatch" "mvpa_fun" "do_standard" "<Anonymous>" "do.call" "run_searchlight.default" "run_searchlight" "system.time" 
"ROIVec" "filter_roi.ROIVec" "filter_roi" "doTryCatch" "tryCatchOne" "tryCatchList" "tryCatch" "try" "shard_extract_roi_volumetric" "shard_extract_roi" "doTryCatch" "tryCatchOne" "tryCatchList" "tryCatch" "worker_impl" "worker_fun" "run_map" "run_future.shard_model_spec" "run_future" "doTryCatch" "tryCatchOne" "tryCatchList" "tryCatch" "doTryCatch" "tryCatchOne" "tryCatchList" "tryCatch" "mvpa_fun" "do_standard" "<Anonymous>" "do.call" "run_searchlight.default" "run_searchlight" "system.time" 
"rowMeans" "sweep" ".rdm_vector_correlation" "train_model.rsa_model" "train_model" "doTryCatch" "tryCatchOne" "tryCatchList" "tryCatch" "fit_roi.rsa_model" "fit_roi" "doTryCatch" "tryCatchOne" "tryCatchList" "tryCatch" "process_roi.default" "process_roi" "doTryCatch" "tryCatchOne" "tryCatchList" "tryCatch" "worker_impl" "worker_fun" "run_map" "run_future.shard_model_spec" "run_future" "doTryCatch" "tryCatchOne" "tryCatchList" "tryCatch" "doTryCatch" "tryCatchOne" "tryCatchList" "tryCatch" "mvpa_fun" "do_standard" "<Anonymous>" "do.call" "run_searchlight.default" "run_searchlight" "system.time" 
"pmin" ".filter_roi_stats_fast" ".filter_roi_stats" "filter_roi.ROIVec" "filter_roi" "doTryCatch" "tryCatchOne" "tryCatchList" "tryCatch" "try" "shard_extract_roi_volumetric" "shard_extract_roi" "doTryCatch" "tryCatchOne" "tryCatchList" "tryCatch" "worker_impl" "worker_fun" "run_map" "run_future.shard_model_spec" "run_future" "doTryCatch" "tryCatchOne" "tryCatchList" "tryCatch" "doTryCatch" "tryCatchOne" "tryCatchList" "tryCatch" "mvpa_fun" "do_standard" "<Anonymous>" "do.call" "run_searchlight.default" "run_searchlight" "system.time" 
"shard_extract_roi_volumetric" "shard_extract_roi" "doTryCatch" "tryCatchOne" "tryCatchList" "tryCatch" "worker_impl" "worker_fun" "run_map" "run_future.shard_model_spec" "run_future" "doTryCatch" "tryCatchOne" "tryCatchList" "tryCatch" "doTryCatch" "tryCatchOne" "tryCatchList" "tryCatch" "mvpa_fun" "do_standard" "<Anonymous>" "do.call" "run_searchlight.default" "run_searchlight" "system.time" 
"is" ".findMethodInTable" ".quickCoerceSelect" "as<-" "initialize" "initialize" "new" ".findNextFromTable" "addNextMethod" "addNextMethod" "callNextMethod" ".nextMethod" "callNextMethod" "initialize" "initialize" "new" "neuroim2::ROIVec" "shard_extract_roi_volumetric" "shard_extract_roi" "doTryCatch" "tryCatchOne" "tryCatchList" "tryCatch" "worker_impl" "worker_fun" "run_map" "run_future.shard_model_spec" "run_future" "doTryCatch" "tryCatchOne" "tryCatchList" "tryCatch" "doTryCatch" "tryCatchOne" "tryCatchList" "tryCatch" "mvpa_fun" "do_standard" "<Anonymous>" "do.call" "run_searchlight.default" "run_searchlight" "system.time" 
"match.fun" "vapply" "pmin" ".filter_roi_stats_fast" ".filter_roi_stats" "filter_roi.ROIVec" "filter_roi" "doTryCatch" "tryCatchOne" "tryCatchList" "tryCatch" "try" "shard_extract_roi_volumetric" "shard_extract_roi" "doTryCatch" "tryCatchOne" "tryCatchList" "tryCatch" "worker_impl" "worker_fun" "run_map" "run_future.shard_model_spec" "run_future" "doTryCatch" "tryCatchOne" "tryCatchList" "tryCatch" "doTryCatch" "tryCatchOne" "tryCatchList" "tryCatch" "mvpa_fun" "do_standard" "<Anonymous>" "do.call" "run_searchlight.default" "run_searchlight" "system.time" 
"rowMeans" "sweep" ".rdm_vector_correlation" "train_model.rsa_model" "train_model" "doTryCatch" "tryCatchOne" "tryCatchList" "tryCatch" "fit_roi.rsa_model" "fit_roi" "doTryCatch" "tryCatchOne" "tryCatchList" "tryCatch" "process_roi.default" "process_roi" "doTryCatch" "tryCatchOne" "tryCatchList" "tryCatch" "worker_impl" "worker_fun" "run_map" "run_future.shard_model_spec" "run_future" "doTryCatch" "tryCatchOne" "tryCatchList" "tryCatch" "doTryCatch" "tryCatchOne" "tryCatchList" "tryCatch" "mvpa_fun" "do_standard" "<Anonymous>" "do.call" "run_searchlight.default" "run_searchlight" "system.time" 
"shard_extract_roi_volumetric" "shard_extract_roi" "doTryCatch" "tryCatchOne" "tryCatchList" "tryCatch" "worker_impl" "worker_fun" "run_map" "run_future.shard_model_spec" "run_future" "doTryCatch" "tryCatchOne" "tryCatchList" "tryCatch" "doTryCatch" "tryCatchOne" "tryCatchList" "tryCatch" "mvpa_fun" "do_standard" "<Anonymous>" "do.call" "run_searchlight.default" "run_searchlight" "system.time" 
".filter_roi_stats_fast" ".filter_roi_stats" "filter_roi.ROIVec" "filter_roi" "doTryCatch" "tryCatchOne" "tryCatchList" "tryCatch" "try" "shard_extract_roi_volumetric" "shard_extract_roi" "doTryCatch" "tryCatchOne" "tryCatchList" "tryCatch" "worker_impl" "worker_fun" "run_map" "run_future.shard_model_spec" "run_future" "doTryCatch" "tryCatchOne" "tryCatchList" "tryCatch" "doTryCatch" "tryCatchOne" "tryCatchList" "tryCatch" "mvpa_fun" "do_standard" "<Anonymous>" "do.call" "run_searchlight.default" "run_searchlight" "system.time" 
"length" "length" ".fillSignatures" ".findInheritedMethods" ".findNextFromTable" "addNextMethod" "addNextMethod" "callNextMethod" ".nextMethod" "callNextMethod" "initialize" "initialize" "new" "neuroim2::ROIVec" "shard_extract_roi_volumetric" "shard_extract_roi" "doTryCatch" "tryCatchOne" "tryCatchList" "tryCatch" "worker_impl" "worker_fun" "run_map" "run_future.shard_model_spec" "run_future" "doTryCatch" "tryCatchOne" "tryCatchList" "tryCatch" "doTryCatch" "tryCatchOne" "tryCatchList" "tryCatch" "mvpa_fun" "do_standard" "<Anonymous>" "do.call" "run_searchlight.default" "run_searchlight" "system.time" 
"rowMeans" "sweep" ".rdm_vector_correlation" "train_model.rsa_model" "train_model" "doTryCatch" "tryCatchOne" "tryCatchList" "tryCatch" "fit_roi.rsa_model" "fit_roi" "doTryCatch" "tryCatchOne" "tryCatchList" "tryCatch" "process_roi.default" "process_roi" "doTryCatch" "tryCatchOne" "tryCatchList" "tryCatch" "worker_impl" "worker_fun" "run_map" "run_future.shard_model_spec" "run_future" "doTryCatch" "tryCatchOne" "tryCatchList" "tryCatch" "doTryCatch" "tryCatchOne" "tryCatchList" "tryCatch" "mvpa_fun" "do_standard" "<Anonymous>" "do.call" "run_searchlight.default" "run_searchlight" "system.time" 
"shard_extract_roi_volumetric" "shard_extract_roi" "doTryCatch" "tryCatchOne" "tryCatchList" "tryCatch" "worker_impl" "worker_fun" "run_map" "run_future.shard_model_spec" "run_future" "doTryCatch" "tryCatchOne" "tryCatchList" "tryCatch" "doTryCatch" "tryCatchOne" "tryCatchList" "tryCatch" "mvpa_fun" "do_standard" "<Anonymous>" "do.call" "run_searchlight.default" "run_searchlight" "system.time" 
".filter_roi_stats_fast" ".filter_roi_stats" "filter_roi.ROIVec" "filter_roi" "doTryCatch" "tryCatchOne" "tryCatchList" "tryCatch" "try" "shard_extract_roi_volumetric" "shard_extract_roi" "doTryCatch" "tryCatchOne" "tryCatchList" "tryCatch" "worker_impl" "worker_fun" "run_map" "run_future.shard_model_spec" "run_future" "doTryCatch" "tryCatchOne" "tryCatchList" "tryCatch" "doTryCatch" "tryCatchOne" "tryCatchList" "tryCatch" "mvpa_fun" "do_standard" "<Anonymous>" "do.call" "run_searchlight.default" "run_searchlight" "system.time" 
"ROIVec" "filter_roi.ROIVec" "filter_roi" "doTryCatch" "tryCatchOne" "tryCatchList" "tryCatch" "try" "shard_extract_roi_volumetric" "shard_extract_roi" "doTryCatch" "tryCatchOne" "tryCatchList" "tryCatch" "worker_impl" "worker_fun" "run_map" "run_future.shard_model_spec" "run_future" "doTryCatch" "tryCatchOne" "tryCatchList" "tryCatch" "doTryCatch" "tryCatchOne" "tryCatchList" "tryCatch" "mvpa_fun" "do_standard" "<Anonymous>" "do.call" "run_searchlight.default" "run_searchlight" "system.time" 
"rowMeans" "sweep" ".rdm_vector_correlation" "train_model.rsa_model" "train_model" "doTryCatch" "tryCatchOne" "tryCatchList" "tryCatch" "fit_roi.rsa_model" "fit_roi" "doTryCatch" "tryCatchOne" "tryCatchList" "tryCatch" "process_roi.default" "process_roi" "doTryCatch" "tryCatchOne" "tryCatchList" "tryCatch" "worker_impl" "worker_fun" "run_map" "run_future.shard_model_spec" "run_future" "doTryCatch" "tryCatchOne" "tryCatchList" "tryCatch" "doTryCatch" "tryCatchOne" "tryCatchList" "tryCatch" "mvpa_fun" "do_standard" "<Anonymous>" "do.call" "run_searchlight.default" "run_searchlight" "system.time" 
"$" "doTryCatch" "tryCatchOne" "tryCatchList" "tryCatch" "worker_impl" "worker_fun" "run_map" "run_future.shard_model_spec" "run_future" "doTryCatch" "tryCatchOne" "tryCatchList" "tryCatch" "doTryCatch" "tryCatchOne" "tryCatchList" "tryCatch" "mvpa_fun" "do_standard" "<Anonymous>" "do.call" "run_searchlight.default" "run_searchlight" "system.time" 
".filter_roi_stats_fast" ".filter_roi_stats" "filter_roi.ROIVec" "filter_roi" "doTryCatch" "tryCatchOne" "tryCatchList" "tryCatch" "try" "shard_extract_roi_volumetric" "shard_extract_roi" "doTryCatch" "tryCatchOne" "tryCatchList" "tryCatch" "worker_impl" "worker_fun" "run_map" "run_future.shard_model_spec" "run_future" "doTryCatch" "tryCatchOne" "tryCatchList" "tryCatch" "doTryCatch" "tryCatchOne" "tryCatchList" "tryCatch" "mvpa_fun" "do_standard" "<Anonymous>" "do.call" "run_searchlight.default" "run_searchlight" "system.time" 
"pmin" ".filter_roi_stats_fast" ".filter_roi_stats" "filter_roi.ROIVec" "filter_roi" "doTryCatch" "tryCatchOne" "tryCatchList" "tryCatch" "try" "shard_extract_roi_volumetric" "shard_extract_roi" "doTryCatch" "tryCatchOne" "tryCatchList" "tryCatch" "worker_impl" "worker_fun" "run_map" "run_future.shard_model_spec" "run_future" "doTryCatch" "tryCatchOne" "tryCatchList" "tryCatch" "doTryCatch" "tryCatchOne" "tryCatchList" "tryCatch" "mvpa_fun" "do_standard" "<Anonymous>" "do.call" "run_searchlight.default" "run_searchlight" "system.time" 
"validObject" ".nextMethod" "callNextMethod" ".nextMethod" "callNextMethod" "initialize" "initialize" "new" "ROIVec" "filter_roi.ROIVec" "filter_roi" "doTryCatch" "tryCatchOne" "tryCatchList" "tryCatch" "try" "shard_extract_roi_volumetric" "shard_extract_roi" "doTryCatch" "tryCatchOne" "tryCatchList" "tryCatch" "worker_impl" "worker_fun" "run_map" "run_future.shard_model_spec" "run_future" "doTryCatch" "tryCatchOne" "tryCatchList" "tryCatch" "doTryCatch" "tryCatchOne" "tryCatchList" "tryCatch" "mvpa_fun" "do_standard" "<Anonymous>" "do.call" "run_searchlight.default" "run_searchlight" "system.time" 
"pmin" ".filter_roi_stats_fast" ".filter_roi_stats" "filter_roi.ROIVec" "filter_roi" "doTryCatch" "tryCatchOne" "tryCatchList" "tryCatch" "try" "shard_extract_roi_volumetric" "shard_extract_roi" "doTryCatch" "tryCatchOne" "tryCatchList" "tryCatch" "worker_impl" "worker_fun" "run_map" "run_future.shard_model_spec" "run_future" "doTryCatch" "tryCatchOne" "tryCatchList" "tryCatch" "doTryCatch" "tryCatchOne" "tryCatchList" "tryCatch" "mvpa_fun" "do_standard" "<Anonymous>" "do.call" "run_searchlight.default" "run_searchlight" "system.time" 
"shard_extract_roi_volumetric" "shard_extract_roi" "doTryCatch" "tryCatchOne" "tryCatchList" "tryCatch" "worker_impl" "worker_fun" "run_map" "run_future.shard_model_spec" "run_future" "doTryCatch" "tryCatchOne" "tryCatchList" "tryCatch" "doTryCatch" "tryCatchOne" "tryCatchList" "tryCatch" "mvpa_fun" "do_standard" "<Anonymous>" "do.call" "run_searchlight.default" "run_searchlight" "system.time" 
".filter_roi_stats_fast" ".filter_roi_stats" "filter_roi.ROIVec" "filter_roi" "doTryCatch" "tryCatchOne" "tryCatchList" "tryCatch" "try" "shard_extract_roi_volumetric" "shard_extract_roi" "doTryCatch" "tryCatchOne" "tryCatchList" "tryCatch" "worker_impl" "worker_fun" "run_map" "run_future.shard_model_spec" "run_future" "doTryCatch" "tryCatchOne" "tryCatchList" "tryCatch" "doTryCatch" "tryCatchOne" "tryCatchList" "tryCatch" "mvpa_fun" "do_standard" "<Anonymous>" "do.call" "run_searchlight.default" "run_searchlight" "system.time" 
"sanitize_shard_indices" "shard_extract_roi_volumetric" "shard_extract_roi" "doTryCatch" "tryCatchOne" "tryCatchList" "tryCatch" "worker_impl" "worker_fun" "run_map" "run_future.shard_model_spec" "run_future" "doTryCatch" "tryCatchOne" "tryCatchList" "tryCatch" "doTryCatch" "tryCatchOne" "tryCatchList" "tryCatch" "mvpa_fun" "do_standard" "<Anonymous>" "do.call" "run_searchlight.default" "run_searchlight" "system.time" 
"tbl_subassign" "$<-.tbl_df" "$<-" "doTryCatch" "tryCatchOne" "tryCatchList" "tryCatch" "worker_impl" "worker_fun" "run_map" "run_future.shard_model_spec" "run_future" "doTryCatch" "tryCatchOne" "tryCatchList" "tryCatch" "doTryCatch" "tryCatchOne" "tryCatchList" "tryCatch" "mvpa_fun" "do_standard" "<Anonymous>" "do.call" "run_searchlight.default" "run_searchlight" "system.time" 
".getClassesFromCache" "getClassDef" "getClass" "checkSlotAssignment" "slot<-" "asMethod" "as<-" "initialize" "initialize" "new" ".findNextFromTable" "addNextMethod" "addNextMethod" "callNextMethod" ".nextMethod" "callNextMethod" "initialize" "initialize" "new" "ROIVec" "filter_roi.ROIVec" "filter_roi" "doTryCatch" "tryCatchOne" "tryCatchList" "tryCatch" "try" "shard_extract_roi_volumetric" "shard_extract_roi" "doTryCatch" "tryCatchOne" "tryCatchList" "tryCatch" "worker_impl" "worker_fun" "run_map" "run_future.shard_model_spec" "run_future" "doTryCatch" "tryCatchOne" "tryCatchList" "tryCatch" "doTryCatch" "tryCatchOne" "tryCatchList" "tryCatch" "mvpa_fun" "do_standard" "<Anonymous>" "do.call" "run_searchlight.default" "run_searchlight" "system.time" 
"match.arg" "center_patterns" ".rdm_prepare_matrix" ".rdm_vector_correlation" "train_model.rsa_model" "train_model" "doTryCatch" "tryCatchOne" "tryCatchList" "tryCatch" "fit_roi.rsa_model" "fit_roi" "doTryCatch" "tryCatchOne" "tryCatchList" "tryCatch" "process_roi.default" "process_roi" "doTryCatch" "tryCatchOne" "tryCatchList" "tryCatch" "worker_impl" "worker_fun" "run_map" "run_future.shard_model_spec" "run_future" "doTryCatch" "tryCatchOne" "tryCatchList" "tryCatch" "doTryCatch" "tryCatchOne" "tryCatchList" "tryCatch" "mvpa_fun" "do_standard" "<Anonymous>" "do.call" "run_searchlight.default" "run_searchlight" "system.time" 
"grep" "detect_dot_dot" "validate_unique" "<Anonymous>" "vec_as_names" "withCallingHandlers" "subclass_name_repair_errors" "repaired_names" "set_repaired_names" "tibble_quos" "tibble::tibble" "roi_result_to_tibble" "process_roi.default" "process_roi" "doTryCatch" "tryCatchOne" "tryCatchList" "tryCatch" "worker_impl" "worker_fun" "run_map" "run_future.shard_model_spec" "run_future" "doTryCatch" "tryCatchOne" "tryCatchList" "tryCatch" "doTryCatch" "tryCatchOne" "tryCatchList" "tryCatch" "mvpa_fun" "do_standard" "<Anonymous>" "do.call" "run_searchlight.default" "run_searchlight" "system.time" 
".nextMethod" "callNextMethod" ".nextMethod" "callNextMethod" "initialize" "initialize" "new" "neuroim2::ROIVec" "shard_extract_roi_volumetric" "shard_extract_roi" "doTryCatch" "tryCatchOne" "tryCatchList" "tryCatch" "worker_impl" "worker_fun" "run_map" "run_future.shard_model_spec" "run_future" "doTryCatch" "tryCatchOne" "tryCatchList" "tryCatch" "doTryCatch" "tryCatchOne" "tryCatchList" "tryCatch" "mvpa_fun" "do_standard" "<Anonymous>" "do.call" "run_searchlight.default" "run_searchlight" "system.time" 
"pmax" ".filter_roi_stats_fast" ".filter_roi_stats" "filter_roi.ROIVec" "filter_roi" "doTryCatch" "tryCatchOne" "tryCatchList" "tryCatch" "try" "shard_extract_roi_volumetric" "shard_extract_roi" "doTryCatch" "tryCatchOne" "tryCatchList" "tryCatch" "worker_impl" "worker_fun" "run_map" "run_future.shard_model_spec" "run_future" "doTryCatch" "tryCatchOne" "tryCatchList" "tryCatch" "doTryCatch" "tryCatchOne" "tryCatchList" "tryCatch" "mvpa_fun" "do_standard" "<Anonymous>" "do.call" "run_searchlight.default" "run_searchlight" "system.time" 
"strsplit" "lengths" ".fillSignatures" ".findInheritedMethods" ".findNextFromTable" "addNextMethod" "addNextMethod" "callNextMethod" ".nextMethod" "callNextMethod" "initialize" "initialize" "new" "neuroim2::ROIVec" "shard_extract_roi_volumetric" "shard_extract_roi" "doTryCatch" "tryCatchOne" "tryCatchList" "tryCatch" "worker_impl" "worker_fun" "run_map" "run_future.shard_model_spec" "run_future" "doTryCatch" "tryCatchOne" "tryCatchList" "tryCatch" "doTryCatch" "tryCatchOne" "tryCatchList" "tryCatch" "mvpa_fun" "do_standard" "<Anonymous>" "do.call" "run_searchlight.default" "run_searchlight" "system.time" 
"pmax" ".filter_roi_stats_fast" ".filter_roi_stats" "filter_roi.ROIVec" "filter_roi" "doTryCatch" "tryCatchOne" "tryCatchList" "tryCatch" "try" "shard_extract_roi_volumetric" "shard_extract_roi" "doTryCatch" "tryCatchOne" "tryCatchList" "tryCatch" "worker_impl" "worker_fun" "run_map" "run_future.shard_model_spec" "run_future" "doTryCatch" "tryCatchOne" "tryCatchList" "tryCatch" "doTryCatch" "tryCatchOne" "tryCatchList" "tryCatch" "mvpa_fun" "do_standard" "<Anonymous>" "do.call" "run_searchlight.default" "run_searchlight" "system.time" 
"length" ".newSignature" ".findInheritedMethods" ".findNextFromTable" "addNextMethod" "addNextMethod" "callNextMethod" ".nextMethod" "callNextMethod" "initialize" "initialize" "new" "neuroim2::ROIVec" "shard_extract_roi_volumetric" "shard_extract_roi" "doTryCatch" "tryCatchOne" "tryCatchList" "tryCatch" "worker_impl" "worker_fun" "run_map" "run_future.shard_model_spec" "run_future" "doTryCatch" "tryCatchOne" "tryCatchList" "tryCatch" "doTryCatch" "tryCatchOne" "tryCatchList" "tryCatch" "mvpa_fun" "do_standard" "<Anonymous>" "do.call" "run_searchlight.default" "run_searchlight" "system.time" 
"FUN" "vapply" "pmax" ".filter_roi_stats_fast" ".filter_roi_stats" "filter_roi.ROIVec" "filter_roi" "doTryCatch" "tryCatchOne" "tryCatchList" "tryCatch" "try" "shard_extract_roi_volumetric" "shard_extract_roi" "doTryCatch" "tryCatchOne" "tryCatchList" "tryCatch" "worker_impl" "worker_fun" "run_map" "run_future.shard_model_spec" "run_future" "doTryCatch" "tryCatchOne" "tryCatchList" "tryCatch" "doTryCatch" "tryCatchOne" "tryCatchList" "tryCatch" "mvpa_fun" "do_standard" "<Anonymous>" "do.call" "run_searchlight.default" "run_searchlight" "system.time" 
".getClassesFromCache" "getClassDef" "getClass" "checkSlotAssignment" "slot<-" "asMethod" "as<-" "initialize" "initialize" "new" ".findNextFromTable" "addNextMethod" "addNextMethod" "callNextMethod" ".nextMethod" "callNextMethod" "initialize" "initialize" "new" "neuroim2::ROIVec" "shard_extract_roi_volumetric" "shard_extract_roi" "doTryCatch" "tryCatchOne" "tryCatchList" "tryCatch" "worker_impl" "worker_fun" "run_map" "run_future.shard_model_spec" "run_future" "doTryCatch" "tryCatchOne" "tryCatchList" "tryCatch" "doTryCatch" "tryCatchOne" "tryCatchList" "tryCatch" "mvpa_fun" "do_standard" "<Anonymous>" "do.call" "run_searchlight.default" "run_searchlight" "system.time" 
"ROIVec" "filter_roi.ROIVec" "filter_roi" "doTryCatch" "tryCatchOne" "tryCatchList" "tryCatch" "try" "shard_extract_roi_volumetric" "shard_extract_roi" "doTryCatch" "tryCatchOne" "tryCatchList" "tryCatch" "worker_impl" "worker_fun" "run_map" "run_future.shard_model_spec" "run_future" "doTryCatch" "tryCatchOne" "tryCatchList" "tryCatch" "doTryCatch" "tryCatchOne" "tryCatchList" "tryCatch" "mvpa_fun" "do_standard" "<Anonymous>" "do.call" "run_searchlight.default" "run_searchlight" "system.time" 
"shard_extract_roi_volumetric" "shard_extract_roi" "doTryCatch" "tryCatchOne" "tryCatchList" "tryCatch" "worker_impl" "worker_fun" "run_map" "run_future.shard_model_spec" "run_future" "doTryCatch" "tryCatchOne" "tryCatchList" "tryCatch" "doTryCatch" "tryCatchOne" "tryCatchList" "tryCatch" "mvpa_fun" "do_standard" "<Anonymous>" "do.call" "run_searchlight.default" "run_searchlight" "system.time" 
".filter_roi_stats_fast" ".filter_roi_stats" "filter_roi.ROIVec" "filter_roi" "doTryCatch" "tryCatchOne" "tryCatchList" "tryCatch" "try" "shard_extract_roi_volumetric" "shard_extract_roi" "doTryCatch" "tryCatchOne" "tryCatchList" "tryCatch" "worker_impl" "worker_fun" "run_map" "run_future.shard_model_spec" "run_future" "doTryCatch" "tryCatchOne" "tryCatchList" "tryCatch" "doTryCatch" "tryCatchOne" "tryCatchList" "tryCatch" "mvpa_fun" "do_standard" "<Anonymous>" "do.call" "run_searchlight.default" "run_searchlight" "system.time" 
"rowMeans" "sweep" ".rdm_vector_correlation" "train_model.rsa_model" "train_model" "doTryCatch" "tryCatchOne" "tryCatchList" "tryCatch" "fit_roi.rsa_model" "fit_roi" "doTryCatch" "tryCatchOne" "tryCatchList" "tryCatch" "process_roi.default" "process_roi" "doTryCatch" "tryCatchOne" "tryCatchList" "tryCatch" "worker_impl" "worker_fun" "run_map" "run_future.shard_model_spec" "run_future" "doTryCatch" "tryCatchOne" "tryCatchList" "tryCatch" "doTryCatch" "tryCatchOne" "tryCatchList" "tryCatch" "mvpa_fun" "do_standard" "<Anonymous>" "do.call" "run_searchlight.default" "run_searchlight" "system.time" 
".filter_roi_stats_fast" ".filter_roi_stats" "filter_roi.ROIVec" "filter_roi" "doTryCatch" "tryCatchOne" "tryCatchList" "tryCatch" "try" "shard_extract_roi_volumetric" "shard_extract_roi" "doTryCatch" "tryCatchOne" "tryCatchList" "tryCatch" "worker_impl" "worker_fun" "run_map" "run_future.shard_model_spec" "run_future" "doTryCatch" "tryCatchOne" "tryCatchList" "tryCatch" "doTryCatch" "tryCatchOne" "tryCatchList" "tryCatch" "mvpa_fun" "do_standard" "<Anonymous>" "do.call" "run_searchlight.default" "run_searchlight" "system.time" 
".identC" "possibleExtends" "validObject" "initialize" "initialize" "new" ".findNextFromTable" "addNextMethod" "addNextMethod" "callNextMethod" ".nextMethod" "callNextMethod" "initialize" "initialize" "new" "neuroim2::ROIVec" "shard_extract_roi_volumetric" "shard_extract_roi" "doTryCatch" "tryCatchOne" "tryCatchList" "tryCatch" "worker_impl" "worker_fun" "run_map" "run_future.shard_model_spec" "run_future" "doTryCatch" "tryCatchOne" "tryCatchList" "tryCatch" "doTryCatch" "tryCatchOne" "tryCatchList" "tryCatch" "mvpa_fun" "do_standard" "<Anonymous>" "do.call" "run_searchlight.default" "run_searchlight" "system.time" 
"ROIVec" "filter_roi.ROIVec" "filter_roi" "doTryCatch" "tryCatchOne" "tryCatchList" "tryCatch" "try" "shard_extract_roi_volumetric" "shard_extract_roi" "doTryCatch" "tryCatchOne" "tryCatchList" "tryCatch" "worker_impl" "worker_fun" "run_map" "run_future.shard_model_spec" "run_future" "doTryCatch" "tryCatchOne" "tryCatchList" "tryCatch" "doTryCatch" "tryCatchOne" "tryCatchList" "tryCatch" "mvpa_fun" "do_standard" "<Anonymous>" "do.call" "run_searchlight.default" "run_searchlight" "system.time" 
"rowMeans" "sweep" ".rdm_vector_correlation" "train_model.rsa_model" "train_model" "doTryCatch" "tryCatchOne" "tryCatchList" "tryCatch" "fit_roi.rsa_model" "fit_roi" "doTryCatch" "tryCatchOne" "tryCatchList" "tryCatch" "process_roi.default" "process_roi" "doTryCatch" "tryCatchOne" "tryCatchList" "tryCatch" "worker_impl" "worker_fun" "run_map" "run_future.shard_model_spec" "run_future" "doTryCatch" "tryCatchOne" "tryCatchList" "tryCatch" "doTryCatch" "tryCatchOne" "tryCatchList" "tryCatch" "mvpa_fun" "do_standard" "<Anonymous>" "do.call" "run_searchlight.default" "run_searchlight" "system.time" 
"shard_extract_roi_volumetric" "shard_extract_roi" "doTryCatch" "tryCatchOne" "tryCatchList" "tryCatch" "worker_impl" "worker_fun" "run_map" "run_future.shard_model_spec" "run_future" "doTryCatch" "tryCatchOne" "tryCatchList" "tryCatch" "doTryCatch" "tryCatchOne" "tryCatchList" "tryCatch" "mvpa_fun" "do_standard" "<Anonymous>" "do.call" "run_searchlight.default" "run_searchlight" "system.time" 
".filter_roi_stats_fast" ".filter_roi_stats" "filter_roi.ROIVec" "filter_roi" "doTryCatch" "tryCatchOne" "tryCatchList" "tryCatch" "try" "shard_extract_roi_volumetric" "shard_extract_roi" "doTryCatch" "tryCatchOne" "tryCatchList" "tryCatch" "worker_impl" "worker_fun" "run_map" "run_future.shard_model_spec" "run_future" "doTryCatch" "tryCatchOne" "tryCatchList" "tryCatch" "doTryCatch" "tryCatchOne" "tryCatchList" "tryCatch" "mvpa_fun" "do_standard" "<Anonymous>" "do.call" "run_searchlight.default" "run_searchlight" "system.time" 
"shard_extract_roi_volumetric" "shard_extract_roi" "doTryCatch" "tryCatchOne" "tryCatchList" "tryCatch" "worker_impl" "worker_fun" "run_map" "run_future.shard_model_spec" "run_future" "doTryCatch" "tryCatchOne" "tryCatchList" "tryCatch" "doTryCatch" "tryCatchOne" "tryCatchList" "tryCatch" "mvpa_fun" "do_standard" "<Anonymous>" "do.call" "run_searchlight.default" "run_searchlight" "system.time" 
"getClassDef" "validObject" ".nextMethod" "callNextMethod" ".nextMethod" "callNextMethod" "initialize" "initialize" "new" "neuroim2::ROIVec" "shard_extract_roi_volumetric" "shard_extract_roi" "doTryCatch" "tryCatchOne" "tryCatchList" "tryCatch" "worker_impl" "worker_fun" "run_map" "run_future.shard_model_spec" "run_future" "doTryCatch" "tryCatchOne" "tryCatchList" "tryCatch" "doTryCatch" "tryCatchOne" "tryCatchList" "tryCatch" "mvpa_fun" "do_standard" "<Anonymous>" "do.call" "run_searchlight.default" "run_searchlight" "system.time" 
"ROIVec" "filter_roi.ROIVec" "filter_roi" "doTryCatch" "tryCatchOne" "tryCatchList" "tryCatch" "try" "shard_extract_roi_volumetric" "shard_extract_roi" "doTryCatch" "tryCatchOne" "tryCatchList" "tryCatch" "worker_impl" "worker_fun" "run_map" "run_future.shard_model_spec" "run_future" "doTryCatch" "tryCatchOne" "tryCatchList" "tryCatch" "doTryCatch" "tryCatchOne" "tryCatchList" "tryCatch" "mvpa_fun" "do_standard" "<Anonymous>" "do.call" "run_searchlight.default" "run_searchlight" "system.time" 
"mapply" "map2" "imap" "splice_dfs" "tibble_quos" "tibble::tibble" "roi_result_to_tibble" "process_roi.default" "process_roi" "doTryCatch" "tryCatchOne" "tryCatchList" "tryCatch" "worker_impl" "worker_fun" "run_map" "run_future.shard_model_spec" "run_future" "doTryCatch" "tryCatchOne" "tryCatchList" "tryCatch" "doTryCatch" "tryCatchOne" "tryCatchList" "tryCatch" "mvpa_fun" "do_standard" "<Anonymous>" "do.call" "run_searchlight.default" "run_searchlight" "system.time" 
"@<-" "asMethod" "as<-" ".nextMethod" "callNextMethod" ".nextMethod" "callNextMethod" "initialize" "initialize" "new" "neuroim2::ROIVec" "shard_extract_roi_volumetric" "shard_extract_roi" "doTryCatch" "tryCatchOne" "tryCatchList" "tryCatch" "worker_impl" "worker_fun" "run_map" "run_future.shard_model_spec" "run_future" "doTryCatch" "tryCatchOne" "tryCatchList" "tryCatch" "doTryCatch" "tryCatchOne" "tryCatchList" "tryCatch" "mvpa_fun" "do_standard" "<Anonymous>" "do.call" "run_searchlight.default" "run_searchlight" "system.time" 
".filter_roi_stats_fast" ".filter_roi_stats" "filter_roi.ROIVec" "filter_roi" "doTryCatch" "tryCatchOne" "tryCatchList" "tryCatch" "try" "shard_extract_roi_volumetric" "shard_extract_roi" "doTryCatch" "tryCatchOne" "tryCatchList" "tryCatch" "worker_impl" "worker_fun" "run_map" "run_future.shard_model_spec" "run_future" "doTryCatch" "tryCatchOne" "tryCatchList" "tryCatch" "doTryCatch" "tryCatchOne" "tryCatchList" "tryCatch" "mvpa_fun" "do_standard" "<Anonymous>" "do.call" "run_searchlight.default" "run_searchlight" "system.time" 
".validate_fit_roi_schema" "doTryCatch" "tryCatchOne" "tryCatchList" "tryCatch" "process_roi.default" "process_roi" "doTryCatch" "tryCatchOne" "tryCatchList" "tryCatch" "worker_impl" "worker_fun" "run_map" "run_future.shard_model_spec" "run_future" "doTryCatch" "tryCatchOne" "tryCatchList" "tryCatch" "doTryCatch" "tryCatchOne" "tryCatchList" "tryCatch" "mvpa_fun" "do_standard" "<Anonymous>" "do.call" "run_searchlight.default" "run_searchlight" "system.time" 
"shard_extract_roi_volumetric" "shard_extract_roi" "doTryCatch" "tryCatchOne" "tryCatchList" "tryCatch" "worker_impl" "worker_fun" "run_map" "run_future.shard_model_spec" "run_future" "doTryCatch" "tryCatchOne" "tryCatchList" "tryCatch" "doTryCatch" "tryCatchOne" "tryCatchList" "tryCatch" "mvpa_fun" "do_standard" "<Anonymous>" "do.call" "run_searchlight.default" "run_searchlight" "system.time" 
".filter_roi_stats_fast" ".filter_roi_stats" "filter_roi.ROIVec" "filter_roi" "doTryCatch" "tryCatchOne" "tryCatchList" "tryCatch" "try" "shard_extract_roi_volumetric" "shard_extract_roi" "doTryCatch" "tryCatchOne" "tryCatchList" "tryCatch" "worker_impl" "worker_fun" "run_map" "run_future.shard_model_spec" "run_future" "doTryCatch" "tryCatchOne" "tryCatchList" "tryCatch" "doTryCatch" "tryCatchOne" "tryCatchList" "tryCatch" "mvpa_fun" "do_standard" "<Anonymous>" "do.call" "run_searchlight.default" "run_searchlight" "system.time" 
"filter_roi.ROIVec" "filter_roi" "doTryCatch" "tryCatchOne" "tryCatchList" "tryCatch" "try" "shard_extract_roi_volumetric" "shard_extract_roi" "doTryCatch" "tryCatchOne" "tryCatchList" "tryCatch" "worker_impl" "worker_fun" "run_map" "run_future.shard_model_spec" "run_future" "doTryCatch" "tryCatchOne" "tryCatchList" "tryCatch" "doTryCatch" "tryCatchOne" "tryCatchList" "tryCatch" "mvpa_fun" "do_standard" "<Anonymous>" "do.call" "run_searchlight.default" "run_searchlight" "system.time" 
"array" "aperm" "sweep" ".rdm_vector_correlation" "train_model.rsa_model" "train_model" "doTryCatch" "tryCatchOne" "tryCatchList" "tryCatch" "fit_roi.rsa_model" "fit_roi" "doTryCatch" "tryCatchOne" "tryCatchList" "tryCatch" "process_roi.default" "process_roi" "doTryCatch" "tryCatchOne" "tryCatchList" "tryCatch" "worker_impl" "worker_fun" "run_map" "run_future.shard_model_spec" "run_future" "doTryCatch" "tryCatchOne" "tryCatchList" "tryCatch" "doTryCatch" "tryCatchOne" "tryCatchList" "tryCatch" "mvpa_fun" "do_standard" "<Anonymous>" "do.call" "run_searchlight.default" "run_searchlight" "system.time" 
"pmin" ".filter_roi_stats_fast" ".filter_roi_stats" "filter_roi.ROIVec" "filter_roi" "doTryCatch" "tryCatchOne" "tryCatchList" "tryCatch" "try" "shard_extract_roi_volumetric" "shard_extract_roi" "doTryCatch" "tryCatchOne" "tryCatchList" "tryCatch" "worker_impl" "worker_fun" "run_map" "run_future.shard_model_spec" "run_future" "doTryCatch" "tryCatchOne" "tryCatchList" "tryCatch" "doTryCatch" "tryCatchOne" "tryCatchList" "tryCatch" "mvpa_fun" "do_standard" "<Anonymous>" "do.call" "run_searchlight.default" "run_searchlight" "system.time" 
"rowMeans" "sweep" ".rdm_vector_correlation" "train_model.rsa_model" "train_model" "doTryCatch" "tryCatchOne" "tryCatchList" "tryCatch" "fit_roi.rsa_model" "fit_roi" "doTryCatch" "tryCatchOne" "tryCatchList" "tryCatch" "process_roi.default" "process_roi" "doTryCatch" "tryCatchOne" "tryCatchList" "tryCatch" "worker_impl" "worker_fun" "run_map" "run_future.shard_model_spec" "run_future" "doTryCatch" "tryCatchOne" "tryCatchList" "tryCatch" "doTryCatch" "tryCatchOne" "tryCatchList" "tryCatch" "mvpa_fun" "do_standard" "<Anonymous>" "do.call" "run_searchlight.default" "run_searchlight" "system.time" 
"shard_extract_roi_volumetric" "shard_extract_roi" "doTryCatch" "tryCatchOne" "tryCatchList" "tryCatch" "worker_impl" "worker_fun" "run_map" "run_future.shard_model_spec" "run_future" "doTryCatch" "tryCatchOne" "tryCatchList" "tryCatch" "doTryCatch" "tryCatchOne" "tryCatchList" "tryCatch" "mvpa_fun" "do_standard" "<Anonymous>" "do.call" "run_searchlight.default" "run_searchlight" "system.time" 
".filter_roi_stats_fast" ".filter_roi_stats" "filter_roi.ROIVec" "filter_roi" "doTryCatch" "tryCatchOne" "tryCatchList" "tryCatch" "try" "shard_extract_roi_volumetric" "shard_extract_roi" "doTryCatch" "tryCatchOne" "tryCatchList" "tryCatch" "worker_impl" "worker_fun" "run_map" "run_future.shard_model_spec" "run_future" "doTryCatch" "tryCatchOne" "tryCatchList" "tryCatch" "doTryCatch" "tryCatchOne" "tryCatchList" "tryCatch" "mvpa_fun" "do_standard" "<Anonymous>" "do.call" "run_searchlight.default" "run_searchlight" "system.time" 
"glue::glue" ".name_spec" "<Anonymous>" ".External2" "vec_c" "splice_dfs" "tibble_quos" "tibble::tibble" "roi_result_to_tibble" "process_roi.default" "process_roi" "doTryCatch" "tryCatchOne" "tryCatchList" "tryCatch" "worker_impl" "worker_fun" "run_map" "run_future.shard_model_spec" "run_future" "doTryCatch" "tryCatchOne" "tryCatchList" "tryCatch" "doTryCatch" "tryCatchOne" "tryCatchList" "tryCatch" "mvpa_fun" "do_standard" "<Anonymous>" "do.call" "run_searchlight.default" "run_searchlight" "system.time" 
"initialize" "initialize" "new" ".findNextFromTable" "addNextMethod" "addNextMethod" "callNextMethod" ".nextMethod" "callNextMethod" "initialize" "initialize" "new" "ROIVec" "filter_roi.ROIVec" "filter_roi" "doTryCatch" "tryCatchOne" "tryCatchList" "tryCatch" "try" "shard_extract_roi_volumetric" "shard_extract_roi" "doTryCatch" "tryCatchOne" "tryCatchList" "tryCatch" "worker_impl" "worker_fun" "run_map" "run_future.shard_model_spec" "run_future" "doTryCatch" "tryCatchOne" "tryCatchList" "tryCatch" "doTryCatch" "tryCatchOne" "tryCatchList" "tryCatch" "mvpa_fun" "do_standard" "<Anonymous>" "do.call" "run_searchlight.default" "run_searchlight" "system.time" 
"grepl" "has_newline" "trim" "glue_data" "glue::glue" ".name_spec" "<Anonymous>" ".External2" "vec_c" "splice_dfs" "tibble_quos" "tibble::tibble" "roi_result_to_tibble" "process_roi.default" "process_roi" "doTryCatch" "tryCatchOne" "tryCatchList" "tryCatch" "worker_impl" "worker_fun" "run_map" "run_future.shard_model_spec" "run_future" "doTryCatch" "tryCatchOne" "tryCatchList" "tryCatch" "doTryCatch" "tryCatchOne" "tryCatchList" "tryCatch" "mvpa_fun" "do_standard" "<Anonymous>" "do.call" "run_searchlight.default" "run_searchlight" "system.time" 
".findInheritedMethods" ".findNextFromTable" "addNextMethod" "addNextMethod" "callNextMethod" ".nextMethod" "callNextMethod" "initialize" "initialize" "new" "neuroim2::ROIVec" "shard_extract_roi_volumetric" "shard_extract_roi" "doTryCatch" "tryCatchOne" "tryCatchList" "tryCatch" "worker_impl" "worker_fun" "run_map" "run_future.shard_model_spec" "run_future" "doTryCatch" "tryCatchOne" "tryCatchList" "tryCatch" "doTryCatch" "tryCatchOne" "tryCatchList" "tryCatch" "mvpa_fun" "do_standard" "<Anonymous>" "do.call" "run_searchlight.default" "run_searchlight" "system.time" 
"tryCatch" "try" "validObject" "initialize" "initialize" "new" ".findNextFromTable" "addNextMethod" "addNextMethod" "callNextMethod" ".nextMethod" "callNextMethod" "initialize" "initialize" "new" "ROIVec" "filter_roi.ROIVec" "filter_roi" "doTryCatch" "tryCatchOne" "tryCatchList" "tryCatch" "try" "shard_extract_roi_volumetric" "shard_extract_roi" "doTryCatch" "tryCatchOne" "tryCatchList" "tryCatch" "worker_impl" "worker_fun" "run_map" "run_future.shard_model_spec" "run_future" "doTryCatch" "tryCatchOne" "tryCatchList" "tryCatch" "doTryCatch" "tryCatchOne" "tryCatchList" "tryCatch" "mvpa_fun" "do_standard" "<Anonymous>" "do.call" "run_searchlight.default" "run_searchlight" "system.time" 
"as.list.default" "as.list" "alist" "eval" "eval" "glue_data" "glue::glue" ".name_spec" "<Anonymous>" ".External2" "vec_c" "splice_dfs" "tibble_quos" "tibble::tibble" "roi_result_to_tibble" "process_roi.default" "process_roi" "doTryCatch" "tryCatchOne" "tryCatchList" "tryCatch" "worker_impl" "worker_fun" "run_map" "run_future.shard_model_spec" "run_future" "doTryCatch" "tryCatchOne" "tryCatchList" "tryCatch" "doTryCatch" "tryCatchOne" "tryCatchList" "tryCatch" "mvpa_fun" "do_standard" "<Anonymous>" "do.call" "run_searchlight.default" "run_searchlight" "system.time" 
"pmin" ".filter_roi_stats_fast" ".filter_roi_stats" "filter_roi.ROIVec" "filter_roi" "doTryCatch" "tryCatchOne" "tryCatchList" "tryCatch" "try" "shard_extract_roi_volumetric" "shard_extract_roi" "doTryCatch" "tryCatchOne" "tryCatchList" "tryCatch" "worker_impl" "worker_fun" "run_map" "run_future.shard_model_spec" "run_future" "doTryCatch" "tryCatchOne" "tryCatchList" "tryCatch" "doTryCatch" "tryCatchOne" "tryCatchList" "tryCatch" "mvpa_fun" "do_standard" "<Anonymous>" "do.call" "run_searchlight.default" "run_searchlight" "system.time" 
".filter_roi_stats_fast" ".filter_roi_stats" "filter_roi.ROIVec" "filter_roi" "doTryCatch" "tryCatchOne" "tryCatchList" "tryCatch" "try" "shard_extract_roi_volumetric" "shard_extract_roi" "doTryCatch" "tryCatchOne" "tryCatchList" "tryCatch" "worker_impl" "worker_fun" "run_map" "run_future.shard_model_spec" "run_future" "doTryCatch" "tryCatchOne" "tryCatchList" "tryCatch" "doTryCatch" "tryCatchOne" "tryCatchList" "tryCatch" "mvpa_fun" "do_standard" "<Anonymous>" "do.call" "run_searchlight.default" "run_searchlight" "system.time" 
"strsplit" "lengths" ".fillSignatures" ".findInheritedMethods" ".findNextFromTable" "addNextMethod" "addNextMethod" "callNextMethod" ".nextMethod" "callNextMethod" "initialize" "initialize" "new" "neuroim2::ROIVec" "shard_extract_roi_volumetric" "shard_extract_roi" "doTryCatch" "tryCatchOne" "tryCatchList" "tryCatch" "worker_impl" "worker_fun" "run_map" "run_future.shard_model_spec" "run_future" "doTryCatch" "tryCatchOne" "tryCatchList" "tryCatch" "doTryCatch" "tryCatchOne" "tryCatchList" "tryCatch" "mvpa_fun" "do_standard" "<Anonymous>" "do.call" "run_searchlight.default" "run_searchlight" "system.time" 
"is" "isClassDef" "getSlots" "setDataPart" "slot<-" "asMethod" "as<-" "initialize" "initialize" "new" ".findNextFromTable" "addNextMethod" "addNextMethod" "callNextMethod" ".nextMethod" "callNextMethod" "initialize" "initialize" "new" "neuroim2::ROIVec" "shard_extract_roi_volumetric" "shard_extract_roi" "doTryCatch" "tryCatchOne" "tryCatchList" "tryCatch" "worker_impl" "worker_fun" "run_map" "run_future.shard_model_spec" "run_future" "doTryCatch" "tryCatchOne" "tryCatchList" "tryCatch" "doTryCatch" "tryCatchOne" "tryCatchList" "tryCatch" "mvpa_fun" "do_standard" "<Anonymous>" "do.call" "run_searchlight.default" "run_searchlight" "system.time" 
"strsplit" "lengths" ".fillSignatures" ".findInheritedMethods" ".findNextFromTable" "addNextMethod" "addNextMethod" "callNextMethod" ".nextMethod" "callNextMethod" "initialize" "initialize" "new" "ROIVec" "filter_roi.ROIVec" "filter_roi" "doTryCatch" "tryCatchOne" "tryCatchList" "tryCatch" "try" "shard_extract_roi_volumetric" "shard_extract_roi" "doTryCatch" "tryCatchOne" "tryCatchList" "tryCatch" "worker_impl" "worker_fun" "run_map" "run_future.shard_model_spec" "run_future" "doTryCatch" "tryCatchOne" "tryCatchList" "tryCatch" "doTryCatch" "tryCatchOne" "tryCatchList" "tryCatch" "mvpa_fun" "do_standard" "<Anonymous>" "do.call" "run_searchlight.default" "run_searchlight" "system.time" 
"shard_extract_roi_volumetric" "shard_extract_roi" "doTryCatch" "tryCatchOne" "tryCatchList" "tryCatch" "worker_impl" "worker_fun" "run_map" "run_future.shard_model_spec" "run_future" "doTryCatch" "tryCatchOne" "tryCatchList" "tryCatch" "doTryCatch" "tryCatchOne" "tryCatchList" "tryCatch" "mvpa_fun" "do_standard" "<Anonymous>" "do.call" "run_searchlight.default" "run_searchlight" "system.time" 
".filter_roi_stats_fast" ".filter_roi_stats" "filter_roi.ROIVec" "filter_roi" "doTryCatch" "tryCatchOne" "tryCatchList" "tryCatch" "try" "shard_extract_roi_volumetric" "shard_extract_roi" "doTryCatch" "tryCatchOne" "tryCatchList" "tryCatch" "worker_impl" "worker_fun" "run_map" "run_future.shard_model_spec" "run_future" "doTryCatch" "tryCatchOne" "tryCatchList" "tryCatch" "doTryCatch" "tryCatchOne" "tryCatchList" "tryCatch" "mvpa_fun" "do_standard" "<Anonymous>" "do.call" "run_searchlight.default" "run_searchlight" "system.time" 
"@<-" ".findInheritedMethods" ".findNextFromTable" "addNextMethod" "addNextMethod" "callNextMethod" ".nextMethod" "callNextMethod" "initialize" "initialize" "new" "ROIVec" "filter_roi.ROIVec" "filter_roi" "doTryCatch" "tryCatchOne" "tryCatchList" "tryCatch" "try" "shard_extract_roi_volumetric" "shard_extract_roi" "doTryCatch" "tryCatchOne" "tryCatchList" "tryCatch" "worker_impl" "worker_fun" "run_map" "run_future.shard_model_spec" "run_future" "doTryCatch" "tryCatchOne" "tryCatchList" "tryCatch" "doTryCatch" "tryCatchOne" "tryCatchList" "tryCatch" "mvpa_fun" "do_standard" "<Anonymous>" "do.call" "run_searchlight.default" "run_searchlight" "system.time" 
"which" "detect_empty_names" "validate_unique" "<Anonymous>" "vec_as_names" "withCallingHandlers" "subclass_name_repair_errors" "repaired_names" "set_repaired_names" "tibble_quos" "tibble::tibble" "roi_result_to_tibble" "process_roi.default" "process_roi" "doTryCatch" "tryCatchOne" "tryCatchList" "tryCatch" "worker_impl" "worker_fun" "run_map" "run_future.shard_model_spec" "run_future" "doTryCatch" "tryCatchOne" "tryCatchList" "tryCatch" "doTryCatch" "tryCatchOne" "tryCatchList" "tryCatch" "mvpa_fun" "do_standard" "<Anonymous>" "do.call" "run_searchlight.default" "run_searchlight" "system.time" 
"pmin" ".filter_roi_stats_fast" ".filter_roi_stats" "filter_roi.ROIVec" "filter_roi" "doTryCatch" "tryCatchOne" "tryCatchList" "tryCatch" "try" "shard_extract_roi_volumetric" "shard_extract_roi" "doTryCatch" "tryCatchOne" "tryCatchList" "tryCatch" "worker_impl" "worker_fun" "run_map" "run_future.shard_model_spec" "run_future" "doTryCatch" "tryCatchOne" "tryCatchList" "tryCatch" "doTryCatch" "tryCatchOne" "tryCatchList" "tryCatch" "mvpa_fun" "do_standard" "<Anonymous>" "do.call" "run_searchlight.default" "run_searchlight" "system.time" 
"rev" "validObject" "initialize" "initialize" "new" ".findNextFromTable" "addNextMethod" "addNextMethod" "callNextMethod" ".nextMethod" "callNextMethod" "initialize" "initialize" "new" "ROIVec" "filter_roi.ROIVec" "filter_roi" "doTryCatch" "tryCatchOne" "tryCatchList" "tryCatch" "try" "shard_extract_roi_volumetric" "shard_extract_roi" "doTryCatch" "tryCatchOne" "tryCatchList" "tryCatch" "worker_impl" "worker_fun" "run_map" "run_future.shard_model_spec" "run_future" "doTryCatch" "tryCatchOne" "tryCatchList" "tryCatch" "doTryCatch" "tryCatchOne" "tryCatchList" "tryCatch" "mvpa_fun" "do_standard" "<Anonymous>" "do.call" "run_searchlight.default" "run_searchlight" "system.time" 
".External2" "vec_c" "splice_dfs" "tibble_quos" "tibble::tibble" "roi_result_to_tibble" "process_roi.default" "process_roi" "doTryCatch" "tryCatchOne" "tryCatchList" "tryCatch" "worker_impl" "worker_fun" "run_map" "run_future.shard_model_spec" "run_future" "doTryCatch" "tryCatchOne" "tryCatchList" "tryCatch" "doTryCatch" "tryCatchOne" "tryCatchList" "tryCatch" "mvpa_fun" "do_standard" "<Anonymous>" "do.call" "run_searchlight.default" "run_searchlight" "system.time" 
"callNextMethod" "initialize" "initialize" "new" "neuroim2::ROIVec" "shard_extract_roi_volumetric" "shard_extract_roi" "doTryCatch" "tryCatchOne" "tryCatchList" "tryCatch" "worker_impl" "worker_fun" "run_map" "run_future.shard_model_spec" "run_future" "doTryCatch" "tryCatchOne" "tryCatchList" "tryCatch" "doTryCatch" "tryCatchOne" "tryCatchList" "tryCatch" "mvpa_fun" "do_standard" "<Anonymous>" "do.call" "run_searchlight.default" "run_searchlight" "system.time" 
"ROIVec" "filter_roi.ROIVec" "filter_roi" "doTryCatch" "tryCatchOne" "tryCatchList" "tryCatch" "try" "shard_extract_roi_volumetric" "shard_extract_roi" "doTryCatch" "tryCatchOne" "tryCatchList" "tryCatch" "worker_impl" "worker_fun" "run_map" "run_future.shard_model_spec" "run_future" "doTryCatch" "tryCatchOne" "tryCatchList" "tryCatch" "doTryCatch" "tryCatchOne" "tryCatchList" "tryCatch" "mvpa_fun" "do_standard" "<Anonymous>" "do.call" "run_searchlight.default" "run_searchlight" "system.time" 
"aperm.default" "aperm" "sweep" ".rdm_vector_correlation" "train_model.rsa_model" "train_model" "doTryCatch" "tryCatchOne" "tryCatchList" "tryCatch" "fit_roi.rsa_model" "fit_roi" "doTryCatch" "tryCatchOne" "tryCatchList" "tryCatch" "process_roi.default" "process_roi" "doTryCatch" "tryCatchOne" "tryCatchList" "tryCatch" "worker_impl" "worker_fun" "run_map" "run_future.shard_model_spec" "run_future" "doTryCatch" "tryCatchOne" "tryCatchList" "tryCatch" "doTryCatch" "tryCatchOne" "tryCatchList" "tryCatch" "mvpa_fun" "do_standard" "<Anonymous>" "do.call" "run_searchlight.default" "run_searchlight" "system.time" 
"shard_extract_roi_volumetric" "shard_extract_roi" "doTryCatch" "tryCatchOne" "tryCatchList" "tryCatch" "worker_impl" "worker_fun" "run_map" "run_future.shard_model_spec" "run_future" "doTryCatch" "tryCatchOne" "tryCatchList" "tryCatch" "doTryCatch" "tryCatchOne" "tryCatchList" "tryCatch" "mvpa_fun" "do_standard" "<Anonymous>" "do.call" "run_searchlight.default" "run_searchlight" "system.time" 
".filter_roi_stats_fast" ".filter_roi_stats" "filter_roi.ROIVec" "filter_roi" "doTryCatch" "tryCatchOne" "tryCatchList" "tryCatch" "try" "shard_extract_roi_volumetric" "shard_extract_roi" "doTryCatch" "tryCatchOne" "tryCatchList" "tryCatch" "worker_impl" "worker_fun" "run_map" "run_future.shard_model_spec" "run_future" "doTryCatch" "tryCatchOne" "tryCatchList" "tryCatch" "doTryCatch" "tryCatchOne" "tryCatchList" "tryCatch" "mvpa_fun" "do_standard" "<Anonymous>" "do.call" "run_searchlight.default" "run_searchlight" "system.time" 
"is.na" "shard_extract_roi_volumetric" "shard_extract_roi" "doTryCatch" "tryCatchOne" "tryCatchList" "tryCatch" "worker_impl" "worker_fun" "run_map" "run_future.shard_model_spec" "run_future" "doTryCatch" "tryCatchOne" "tryCatchList" "tryCatch" "doTryCatch" "tryCatchOne" "tryCatchList" "tryCatch" "mvpa_fun" "do_standard" "<Anonymous>" "do.call" "run_searchlight.default" "run_searchlight" "system.time" 
"rep_along" "tibble_quos" "tibble::tibble" "roi_result_to_tibble" "process_roi.default" "process_roi" "doTryCatch" "tryCatchOne" "tryCatchList" "tryCatch" "worker_impl" "worker_fun" "run_map" "run_future.shard_model_spec" "run_future" "doTryCatch" "tryCatchOne" "tryCatchList" "tryCatch" "doTryCatch" "tryCatchOne" "tryCatchList" "tryCatch" "mvpa_fun" "do_standard" "<Anonymous>" "do.call" "run_searchlight.default" "run_searchlight" "system.time" 
".nextMethod" "callNextMethod" ".nextMethod" "callNextMethod" "initialize" "initialize" "new" "ROIVec" "filter_roi.ROIVec" "filter_roi" "doTryCatch" "tryCatchOne" "tryCatchList" "tryCatch" "try" "shard_extract_roi_volumetric" "shard_extract_roi" "doTryCatch" "tryCatchOne" "tryCatchList" "tryCatch" "worker_impl" "worker_fun" "run_map" "run_future.shard_model_spec" "run_future" "doTryCatch" "tryCatchOne" "tryCatchList" "tryCatch" "doTryCatch" "tryCatchOne" "tryCatchList" "tryCatch" "mvpa_fun" "do_standard" "<Anonymous>" "do.call" "run_searchlight.default" "run_searchlight" "system.time" 
"shard_extract_roi_volumetric" "shard_extract_roi" "doTryCatch" "tryCatchOne" "tryCatchList" "tryCatch" "worker_impl" "worker_fun" "run_map" "run_future.shard_model_spec" "run_future" "doTryCatch" "tryCatchOne" "tryCatchList" "tryCatch" "doTryCatch" "tryCatchOne" "tryCatchList" "tryCatch" "mvpa_fun" "do_standard" "<Anonymous>" "do.call" "run_searchlight.default" "run_searchlight" "system.time" 
".getClassesFromCache" "getClassDef" "is" "callNextMethod" ".nextMethod" "callNextMethod" "initialize" "initialize" "new" "neuroim2::ROIVec" "shard_extract_roi_volumetric" "shard_extract_roi" "doTryCatch" "tryCatchOne" "tryCatchList" "tryCatch" "worker_impl" "worker_fun" "run_map" "run_future.shard_model_spec" "run_future" "doTryCatch" "tryCatchOne" "tryCatchList" "tryCatch" "doTryCatch" "tryCatchOne" "tryCatchList" "tryCatch" "mvpa_fun" "do_standard" "<Anonymous>" "do.call" "run_searchlight.default" "run_searchlight" "system.time" 
"is" "callNextMethod" ".nextMethod" "callNextMethod" "initialize" "initialize" "new" "ROIVec" "filter_roi.ROIVec" "filter_roi" "doTryCatch" "tryCatchOne" "tryCatchList" "tryCatch" "try" "shard_extract_roi_volumetric" "shard_extract_roi" "doTryCatch" "tryCatchOne" "tryCatchList" "tryCatch" "worker_impl" "worker_fun" "run_map" "run_future.shard_model_spec" "run_future" "doTryCatch" "tryCatchOne" "tryCatchList" "tryCatch" "doTryCatch" "tryCatchOne" "tryCatchList" "tryCatch" "mvpa_fun" "do_standard" "<Anonymous>" "do.call" "run_searchlight.default" "run_searchlight" "system.time" 
"train_model.rsa_model" "train_model" "doTryCatch" "tryCatchOne" "tryCatchList" "tryCatch" "fit_roi.rsa_model" "fit_roi" "doTryCatch" "tryCatchOne" "tryCatchList" "tryCatch" "process_roi.default" "process_roi" "doTryCatch" "tryCatchOne" "tryCatchList" "tryCatch" "worker_impl" "worker_fun" "run_map" "run_future.shard_model_spec" "run_future" "doTryCatch" "tryCatchOne" "tryCatchList" "tryCatch" "doTryCatch" "tryCatchOne" "tryCatchList" "tryCatch" "mvpa_fun" "do_standard" "<Anonymous>" "do.call" "run_searchlight.default" "run_searchlight" "system.time" 
"match.fun" "vapply" "lengths" "glue_data" "glue::glue" ".name_spec" "<Anonymous>" ".External2" "vec_c" "splice_dfs" "tibble_quos" "tibble::tibble" "roi_result_to_tibble" "process_roi.default" "process_roi" "doTryCatch" "tryCatchOne" "tryCatchList" "tryCatch" "worker_impl" "worker_fun" "run_map" "run_future.shard_model_spec" "run_future" "doTryCatch" "tryCatchOne" "tryCatchList" "tryCatch" "doTryCatch" "tryCatchOne" "tryCatchList" "tryCatch" "mvpa_fun" "do_standard" "<Anonymous>" "do.call" "run_searchlight.default" "run_searchlight" "system.time" 
"array" "aperm" "sweep" ".rdm_vector_correlation" "train_model.rsa_model" "train_model" "doTryCatch" "tryCatchOne" "tryCatchList" "tryCatch" "fit_roi.rsa_model" "fit_roi" "doTryCatch" "tryCatchOne" "tryCatchList" "tryCatch" "process_roi.default" "process_roi" "doTryCatch" "tryCatchOne" "tryCatchList" "tryCatch" "worker_impl" "worker_fun" "run_map" "run_future.shard_model_spec" "run_future" "doTryCatch" "tryCatchOne" "tryCatchList" "tryCatch" "doTryCatch" "tryCatchOne" "tryCatchList" "tryCatch" "mvpa_fun" "do_standard" "<Anonymous>" "do.call" "run_searchlight.default" "run_searchlight" "system.time" 
"shard_extract_roi_volumetric" "shard_extract_roi" "doTryCatch" "tryCatchOne" "tryCatchList" "tryCatch" "worker_impl" "worker_fun" "run_map" "run_future.shard_model_spec" "run_future" "doTryCatch" "tryCatchOne" "tryCatchList" "tryCatch" "doTryCatch" "tryCatchOne" "tryCatchList" "tryCatch" "mvpa_fun" "do_standard" "<Anonymous>" "do.call" "run_searchlight.default" "run_searchlight" "system.time" 
".filter_roi_stats_fast" ".filter_roi_stats" "filter_roi.ROIVec" "filter_roi" "doTryCatch" "tryCatchOne" "tryCatchList" "tryCatch" "try" "shard_extract_roi_volumetric" "shard_extract_roi" "doTryCatch" "tryCatchOne" "tryCatchList" "tryCatch" "worker_impl" "worker_fun" "run_map" "run_future.shard_model_spec" "run_future" "doTryCatch" "tryCatchOne" "tryCatchList" "tryCatch" "doTryCatch" "tryCatchOne" "tryCatchList" "tryCatch" "mvpa_fun" "do_standard" "<Anonymous>" "do.call" "run_searchlight.default" "run_searchlight" "system.time" 
"colSums" ".filter_roi_stats_fast" ".filter_roi_stats" "filter_roi.ROIVec" "filter_roi" "doTryCatch" "tryCatchOne" "tryCatchList" "tryCatch" "try" "shard_extract_roi_volumetric" "shard_extract_roi" "doTryCatch" "tryCatchOne" "tryCatchList" "tryCatch" "worker_impl" "worker_fun" "run_map" "run_future.shard_model_spec" "run_future" "doTryCatch" "tryCatchOne" "tryCatchList" "tryCatch" "doTryCatch" "tryCatchOne" "tryCatchList" "tryCatch" "mvpa_fun" "do_standard" "<Anonymous>" "do.call" "run_searchlight.default" "run_searchlight" "system.time" 
"ROIVec" "filter_roi.ROIVec" "filter_roi" "doTryCatch" "tryCatchOne" "tryCatchList" "tryCatch" "try" "shard_extract_roi_volumetric" "shard_extract_roi" "doTryCatch" "tryCatchOne" "tryCatchList" "tryCatch" "worker_impl" "worker_fun" "run_map" "run_future.shard_model_spec" "run_future" "doTryCatch" "tryCatchOne" "tryCatchList" "tryCatch" "doTryCatch" "tryCatchOne" "tryCatchList" "tryCatch" "mvpa_fun" "do_standard" "<Anonymous>" "do.call" "run_searchlight.default" "run_searchlight" "system.time" 
"callNextMethod" ".nextMethod" "callNextMethod" "initialize" "initialize" "new" "neuroim2::ROIVec" "shard_extract_roi_volumetric" "shard_extract_roi" "doTryCatch" "tryCatchOne" "tryCatchList" "tryCatch" "worker_impl" "worker_fun" "run_map" "run_future.shard_model_spec" "run_future" "doTryCatch" "tryCatchOne" "tryCatchList" "tryCatch" "doTryCatch" "tryCatchOne" "tryCatchList" "tryCatch" "mvpa_fun" "do_standard" "<Anonymous>" "do.call" "run_searchlight.default" "run_searchlight" "system.time" 
"isClassDef" "getSlots" "setDataPart" "asMethod" "as<-" ".nextMethod" "callNextMethod" ".nextMethod" "callNextMethod" "initialize" "initialize" "new" "neuroim2::ROIVec" "shard_extract_roi_volumetric" "shard_extract_roi" "doTryCatch" "tryCatchOne" "tryCatchList" "tryCatch" "worker_impl" "worker_fun" "run_map" "run_future.shard_model_spec" "run_future" "doTryCatch" "tryCatchOne" "tryCatchList" "tryCatch" "doTryCatch" "tryCatchOne" "tryCatchList" "tryCatch" "mvpa_fun" "do_standard" "<Anonymous>" "do.call" "run_searchlight.default" "run_searchlight" "system.time" 
"match.arg" ".rdm_prepare_matrix" ".rdm_vector_correlation" "train_model.rsa_model" "train_model" "doTryCatch" "tryCatchOne" "tryCatchList" "tryCatch" "fit_roi.rsa_model" "fit_roi" "doTryCatch" "tryCatchOne" "tryCatchList" "tryCatch" "process_roi.default" "process_roi" "doTryCatch" "tryCatchOne" "tryCatchList" "tryCatch" "worker_impl" "worker_fun" "run_map" "run_future.shard_model_spec" "run_future" "doTryCatch" "tryCatchOne" "tryCatchList" "tryCatch" "doTryCatch" "tryCatchOne" "tryCatchList" "tryCatch" "mvpa_fun" "do_standard" "<Anonymous>" "do.call" "run_searchlight.default" "run_searchlight" "system.time" 
"eval" "glue_data" "glue::glue" ".name_spec" "<Anonymous>" ".External2" "vec_c" "splice_dfs" "tibble_quos" "tibble::tibble" "roi_result_to_tibble" "process_roi.default" "process_roi" "doTryCatch" "tryCatchOne" "tryCatchList" "tryCatch" "worker_impl" "worker_fun" "run_map" "run_future.shard_model_spec" "run_future" "doTryCatch" "tryCatchOne" "tryCatchList" "tryCatch" "doTryCatch" "tryCatchOne" "tryCatchList" "tryCatch" "mvpa_fun" "do_standard" "<Anonymous>" "do.call" "run_searchlight.default" "run_searchlight" "system.time" 
"aperm.default" "aperm" "sweep" ".rdm_vector_correlation" "train_model.rsa_model" "train_model" "doTryCatch" "tryCatchOne" "tryCatchList" "tryCatch" "fit_roi.rsa_model" "fit_roi" "doTryCatch" "tryCatchOne" "tryCatchList" "tryCatch" "process_roi.default" "process_roi" "doTryCatch" "tryCatchOne" "tryCatchList" "tryCatch" "worker_impl" "worker_fun" "run_map" "run_future.shard_model_spec" "run_future" "doTryCatch" "tryCatchOne" "tryCatchList" "tryCatch" "doTryCatch" "tryCatchOne" "tryCatchList" "tryCatch" "mvpa_fun" "do_standard" "<Anonymous>" "do.call" "run_searchlight.default" "run_searchlight" "system.time" 
".filter_roi_stats_fast" ".filter_roi_stats" "filter_roi.ROIVec" "filter_roi" "doTryCatch" "tryCatchOne" "tryCatchList" "tryCatch" "try" "shard_extract_roi_volumetric" "shard_extract_roi" "doTryCatch" "tryCatchOne" "tryCatchList" "tryCatch" "worker_impl" "worker_fun" "run_map" "run_future.shard_model_spec" "run_future" "doTryCatch" "tryCatchOne" "tryCatchList" "tryCatch" "doTryCatch" "tryCatchOne" "tryCatchList" "tryCatch" "mvpa_fun" "do_standard" "<Anonymous>" "do.call" "run_searchlight.default" "run_searchlight" "system.time" 
"ROIVec" "filter_roi.ROIVec" "filter_roi" "doTryCatch" "tryCatchOne" "tryCatchList" "tryCatch" "try" "shard_extract_roi_volumetric" "shard_extract_roi" "doTryCatch" "tryCatchOne" "tryCatchList" "tryCatch" "worker_impl" "worker_fun" "run_map" "run_future.shard_model_spec" "run_future" "doTryCatch" "tryCatchOne" "tryCatchList" "tryCatch" "doTryCatch" "tryCatchOne" "tryCatchList" "tryCatch" "mvpa_fun" "do_standard" "<Anonymous>" "do.call" "run_searchlight.default" "run_searchlight" "system.time" 
"as.matrix" "center_patterns" "train_model.rsa_model" "train_model" "doTryCatch" "tryCatchOne" "tryCatchList" "tryCatch" "fit_roi.rsa_model" "fit_roi" "doTryCatch" "tryCatchOne" "tryCatchList" "tryCatch" "process_roi.default" "process_roi" "doTryCatch" "tryCatchOne" "tryCatchList" "tryCatch" "worker_impl" "worker_fun" "run_map" "run_future.shard_model_spec" "run_future" "doTryCatch" "tryCatchOne" "tryCatchList" "tryCatch" "doTryCatch" "tryCatchOne" "tryCatchList" "tryCatch" "mvpa_fun" "do_standard" "<Anonymous>" "do.call" "run_searchlight.default" "run_searchlight" "system.time" 
"paste" ".fillSignatures" ".findInheritedMethods" ".findNextFromTable" "addNextMethod" "addNextMethod" "callNextMethod" ".nextMethod" "callNextMethod" "initialize" "initialize" "new" "neuroim2::ROIVec" "shard_extract_roi_volumetric" "shard_extract_roi" "doTryCatch" "tryCatchOne" "tryCatchList" "tryCatch" "worker_impl" "worker_fun" "run_map" "run_future.shard_model_spec" "run_future" "doTryCatch" "tryCatchOne" "tryCatchList" "tryCatch" "doTryCatch" "tryCatchOne" "tryCatchList" "tryCatch" "mvpa_fun" "do_standard" "<Anonymous>" "do.call" "run_searchlight.default" "run_searchlight" "system.time" 
"vapply" "pmax" ".filter_roi_stats_fast" ".filter_roi_stats" "filter_roi.ROIVec" "filter_roi" "doTryCatch" "tryCatchOne" "tryCatchList" "tryCatch" "try" "shard_extract_roi_volumetric" "shard_extract_roi" "doTryCatch" "tryCatchOne" "tryCatchList" "tryCatch" "worker_impl" "worker_fun" "run_map" "run_future.shard_model_spec" "run_future" "doTryCatch" "tryCatchOne" "tryCatchList" "tryCatch" "doTryCatch" "tryCatchOne" "tryCatchList" "tryCatch" "mvpa_fun" "do_standard" "<Anonymous>" "do.call" "run_searchlight.default" "run_searchlight" "system.time" 
"utils::getS3method" ".has_fit_roi" "process_roi.default" "process_roi" "doTryCatch" "tryCatchOne" "tryCatchList" "tryCatch" "worker_impl" "worker_fun" "run_map" "run_future.shard_model_spec" "run_future" "doTryCatch" "tryCatchOne" "tryCatchList" "tryCatch" "doTryCatch" "tryCatchOne" "tryCatchList" "tryCatch" "mvpa_fun" "do_standard" "<Anonymous>" "do.call" "run_searchlight.default" "run_searchlight" "system.time" 
"which" ".filter_roi_stats_fast" ".filter_roi_stats" "filter_roi.ROIVec" "filter_roi" "doTryCatch" "tryCatchOne" "tryCatchList" "tryCatch" "try" "shard_extract_roi_volumetric" "shard_extract_roi" "doTryCatch" "tryCatchOne" "tryCatchList" "tryCatch" "worker_impl" "worker_fun" "run_map" "run_future.shard_model_spec" "run_future" "doTryCatch" "tryCatchOne" "tryCatchList" "tryCatch" "doTryCatch" "tryCatchOne" "tryCatchList" "tryCatch" "mvpa_fun" "do_standard" "<Anonymous>" "do.call" "run_searchlight.default" "run_searchlight" "system.time" 
"vapply" "pmin" ".filter_roi_stats_fast" ".filter_roi_stats" "filter_roi.ROIVec" "filter_roi" "doTryCatch" "tryCatchOne" "tryCatchList" "tryCatch" "try" "shard_extract_roi_volumetric" "shard_extract_roi" "doTryCatch" "tryCatchOne" "tryCatchList" "tryCatch" "worker_impl" "worker_fun" "run_map" "run_future.shard_model_spec" "run_future" "doTryCatch" "tryCatchOne" "tryCatchList" "tryCatch" "doTryCatch" "tryCatchOne" "tryCatchList" "tryCatch" "mvpa_fun" "do_standard" "<Anonymous>" "do.call" "run_searchlight.default" "run_searchlight" "system.time" 
"$" "train_model.rsa_model" "train_model" "doTryCatch" "tryCatchOne" "tryCatchList" "tryCatch" "fit_roi.rsa_model" "fit_roi" "doTryCatch" "tryCatchOne" "tryCatchList" "tryCatch" "process_roi.default" "process_roi" "doTryCatch" "tryCatchOne" "tryCatchList" "tryCatch" "worker_impl" "worker_fun" "run_map" "run_future.shard_model_spec" "run_future" "doTryCatch" "tryCatchOne" "tryCatchList" "tryCatch" "doTryCatch" "tryCatchOne" "tryCatchList" "tryCatch" "mvpa_fun" "do_standard" "<Anonymous>" "do.call" "run_searchlight.default" "run_searchlight" "system.time" 
"asMethod" "as<-" ".nextMethod" "callNextMethod" ".nextMethod" "callNextMethod" "initialize" "initialize" "new" "neuroim2::ROIVec" "shard_extract_roi_volumetric" "shard_extract_roi" "doTryCatch" "tryCatchOne" "tryCatchList" "tryCatch" "worker_impl" "worker_fun" "run_map" "run_future.shard_model_spec" "run_future" "doTryCatch" "tryCatchOne" "tryCatchList" "tryCatch" "doTryCatch" "tryCatchOne" "tryCatchList" "tryCatch" "mvpa_fun" "do_standard" "<Anonymous>" "do.call" "run_searchlight.default" "run_searchlight" "system.time" 
"array" "aperm" "sweep" ".rdm_vector_correlation" "train_model.rsa_model" "train_model" "doTryCatch" "tryCatchOne" "tryCatchList" "tryCatch" "fit_roi.rsa_model" "fit_roi" "doTryCatch" "tryCatchOne" "tryCatchList" "tryCatch" "process_roi.default" "process_roi" "doTryCatch" "tryCatchOne" "tryCatchList" "tryCatch" "worker_impl" "worker_fun" "run_map" "run_future.shard_model_spec" "run_future" "doTryCatch" "tryCatchOne" "tryCatchList" "tryCatch" "doTryCatch" "tryCatchOne" "tryCatchList" "tryCatch" "mvpa_fun" "do_standard" "<Anonymous>" "do.call" "run_searchlight.default" "run_searchlight" "system.time" 
"is" "callNextMethod" ".nextMethod" "callNextMethod" "initialize" "initialize" "new" "neuroim2::ROIVec" "shard_extract_roi_volumetric" "shard_extract_roi" "doTryCatch" "tryCatchOne" "tryCatchList" "tryCatch" "worker_impl" "worker_fun" "run_map" "run_future.shard_model_spec" "run_future" "doTryCatch" "tryCatchOne" "tryCatchList" "tryCatch" "doTryCatch" "tryCatchOne" "tryCatchList" "tryCatch" "mvpa_fun" "do_standard" "<Anonymous>" "do.call" "run_searchlight.default" "run_searchlight" "system.time" 
"getDataPart" "ncol" "validityMethod" "isTRUE" "anyStrings" "validObject" ".nextMethod" "callNextMethod" ".nextMethod" "callNextMethod" "initialize" "initialize" "new" "ROIVec" "filter_roi.ROIVec" "filter_roi" "doTryCatch" "tryCatchOne" "tryCatchList" "tryCatch" "try" "shard_extract_roi_volumetric" "shard_extract_roi" "doTryCatch" "tryCatchOne" "tryCatchList" "tryCatch" "worker_impl" "worker_fun" "run_map" "run_future.shard_model_spec" "run_future" "doTryCatch" "tryCatchOne" "tryCatchList" "tryCatch" "doTryCatch" "tryCatchOne" "tryCatchList" "tryCatch" "mvpa_fun" "do_standard" "<Anonymous>" "do.call" "run_searchlight.default" "run_searchlight" "system.time" 
"grepl" "has_newline" "trim" "glue_data" "glue::glue" ".name_spec" "<Anonymous>" ".External2" "vec_c" "splice_dfs" "tibble_quos" "tibble::tibble" "roi_result_to_tibble" "process_roi.default" "process_roi" "doTryCatch" "tryCatchOne" "tryCatchList" "tryCatch" "worker_impl" "worker_fun" "run_map" "run_future.shard_model_spec" "run_future" "doTryCatch" "tryCatchOne" "tryCatchList" "tryCatch" "doTryCatch" "tryCatchOne" "tryCatchList" "tryCatch" "mvpa_fun" "do_standard" "<Anonymous>" "do.call" "run_searchlight.default" "run_searchlight" "system.time" 
"stopifnot" "is" "callNextMethod" ".nextMethod" "callNextMethod" "initialize" "initialize" "new" "ROIVec" "filter_roi.ROIVec" "filter_roi" "doTryCatch" "tryCatchOne" "tryCatchList" "tryCatch" "try" "shard_extract_roi_volumetric" "shard_extract_roi" "doTryCatch" "tryCatchOne" "tryCatchList" "tryCatch" "worker_impl" "worker_fun" "run_map" "run_future.shard_model_spec" "run_future" "doTryCatch" "tryCatchOne" "tryCatchList" "tryCatch" "doTryCatch" "tryCatchOne" "tryCatchList" "tryCatch" "mvpa_fun" "do_standard" "<Anonymous>" "do.call" "run_searchlight.default" "run_searchlight" "system.time" 
"pmin" ".filter_roi_stats_fast" ".filter_roi_stats" "filter_roi.ROIVec" "filter_roi" "doTryCatch" "tryCatchOne" "tryCatchList" "tryCatch" "try" "shard_extract_roi_volumetric" "shard_extract_roi" "doTryCatch" "tryCatchOne" "tryCatchList" "tryCatch" "worker_impl" "worker_fun" "run_map" "run_future.shard_model_spec" "run_future" "doTryCatch" "tryCatchOne" "tryCatchList" "tryCatch" "doTryCatch" "tryCatchOne" "tryCatchList" "tryCatch" "mvpa_fun" "do_standard" "<Anonymous>" "do.call" "run_searchlight.default" "run_searchlight" "system.time" 
"<=" "sanitize_shard_indices" "shard_extract_roi_volumetric" "shard_extract_roi" "doTryCatch" "tryCatchOne" "tryCatchList" "tryCatch" "worker_impl" "worker_fun" "run_map" "run_future.shard_model_spec" "run_future" "doTryCatch" "tryCatchOne" "tryCatchList" "tryCatch" "doTryCatch" "tryCatchOne" "tryCatchList" "tryCatch" "mvpa_fun" "do_standard" "<Anonymous>" "do.call" "run_searchlight.default" "run_searchlight" "system.time" 
"pmin" ".filter_roi_stats_fast" ".filter_roi_stats" "filter_roi.ROIVec" "filter_roi" "doTryCatch" "tryCatchOne" "tryCatchList" "tryCatch" "try" "shard_extract_roi_volumetric" "shard_extract_roi" "doTryCatch" "tryCatchOne" "tryCatchList" "tryCatch" "worker_impl" "worker_fun" "run_map" "run_future.shard_model_spec" "run_future" "doTryCatch" "tryCatchOne" "tryCatchList" "tryCatch" "doTryCatch" "tryCatchOne" "tryCatchList" "tryCatch" "mvpa_fun" "do_standard" "<Anonymous>" "do.call" "run_searchlight.default" "run_searchlight" "system.time" 
"c" "tools::nonS3methods" "utils::getS3method" ".has_fit_roi" "process_roi.default" "process_roi" "doTryCatch" "tryCatchOne" "tryCatchList" "tryCatch" "worker_impl" "worker_fun" "run_map" "run_future.shard_model_spec" "run_future" "doTryCatch" "tryCatchOne" "tryCatchList" "tryCatch" "doTryCatch" "tryCatchOne" "tryCatchList" "tryCatch" "mvpa_fun" "do_standard" "<Anonymous>" "do.call" "run_searchlight.default" "run_searchlight" "system.time" 
"methods:::loadMethod" "initialize" "new" "neuroim2::ROIVec" "shard_extract_roi_volumetric" "shard_extract_roi" "doTryCatch" "tryCatchOne" "tryCatchList" "tryCatch" "worker_impl" "worker_fun" "run_map" "run_future.shard_model_spec" "run_future" "doTryCatch" "tryCatchOne" "tryCatchList" "tryCatch" "doTryCatch" "tryCatchOne" "tryCatchList" "tryCatch" "mvpa_fun" "do_standard" "<Anonymous>" "do.call" "run_searchlight.default" "run_searchlight" "system.time" 
"filter_roi.ROIVec" "filter_roi" "doTryCatch" "tryCatchOne" "tryCatchList" "tryCatch" "try" "shard_extract_roi_volumetric" "shard_extract_roi" "doTryCatch" "tryCatchOne" "tryCatchList" "tryCatch" "worker_impl" "worker_fun" "run_map" "run_future.shard_model_spec" "run_future" "doTryCatch" "tryCatchOne" "tryCatchList" "tryCatch" "doTryCatch" "tryCatchOne" "tryCatchList" "tryCatch" "mvpa_fun" "do_standard" "<Anonymous>" "do.call" "run_searchlight.default" "run_searchlight" "system.time" 
".External2" "vec_c" "splice_dfs" "tibble_quos" "tibble::tibble" "roi_result_to_tibble" "process_roi.default" "process_roi" "doTryCatch" "tryCatchOne" "tryCatchList" "tryCatch" "worker_impl" "worker_fun" "run_map" "run_future.shard_model_spec" "run_future" "doTryCatch" "tryCatchOne" "tryCatchList" "tryCatch" "doTryCatch" "tryCatchOne" "tryCatchList" "tryCatch" "mvpa_fun" "do_standard" "<Anonymous>" "do.call" "run_searchlight.default" "run_searchlight" "system.time" 
"checkSlotAssignment" "slot<-" "asMethod" "as<-" "initialize" "initialize" "new" ".findNextFromTable" "addNextMethod" "addNextMethod" "callNextMethod" ".nextMethod" "callNextMethod" "initialize" "initialize" "new" "neuroim2::ROIVec" "shard_extract_roi_volumetric" "shard_extract_roi" "doTryCatch" "tryCatchOne" "tryCatchList" "tryCatch" "worker_impl" "worker_fun" "run_map" "run_future.shard_model_spec" "run_future" "doTryCatch" "tryCatchOne" "tryCatchList" "tryCatch" "doTryCatch" "tryCatchOne" "tryCatchList" "tryCatch" "mvpa_fun" "do_standard" "<Anonymous>" "do.call" "run_searchlight.default" "run_searchlight" "system.time" 
"getClassDef" ".nextMethod" "callNextMethod" ".nextMethod" "callNextMethod" "initialize" "initialize" "new" "ROIVec" "filter_roi.ROIVec" "filter_roi" "doTryCatch" "tryCatchOne" "tryCatchList" "tryCatch" "try" "shard_extract_roi_volumetric" "shard_extract_roi" "doTryCatch" "tryCatchOne" "tryCatchList" "tryCatch" "worker_impl" "worker_fun" "run_map" "run_future.shard_model_spec" "run_future" "doTryCatch" "tryCatchOne" "tryCatchList" "tryCatch" "doTryCatch" "tryCatchOne" "tryCatchList" "tryCatch" "mvpa_fun" "do_standard" "<Anonymous>" "do.call" "run_searchlight.default" "run_searchlight" "system.time" 
"tryCatch" "<Anonymous>" "glue_data" "glue::glue" ".name_spec" "<Anonymous>" ".External2" "vec_c" "splice_dfs" "tibble_quos" "tibble::tibble" "roi_result_to_tibble" "process_roi.default" "process_roi" "doTryCatch" "tryCatchOne" "tryCatchList" "tryCatch" "worker_impl" "worker_fun" "run_map" "run_future.shard_model_spec" "run_future" "doTryCatch" "tryCatchOne" "tryCatchList" "tryCatch" "doTryCatch" "tryCatchOne" "tryCatchList" "tryCatch" "mvpa_fun" "do_standard" "<Anonymous>" "do.call" "run_searchlight.default" "run_searchlight" "system.time" 
".fillSignatures" ".findInheritedMethods" ".findNextFromTable" "addNextMethod" "addNextMethod" "callNextMethod" ".nextMethod" "callNextMethod" "initialize" "initialize" "new" "neuroim2::ROIVec" "shard_extract_roi_volumetric" "shard_extract_roi" "doTryCatch" "tryCatchOne" "tryCatchList" "tryCatch" "worker_impl" "worker_fun" "run_map" "run_future.shard_model_spec" "run_future" "doTryCatch" "tryCatchOne" "tryCatchList" "tryCatch" "doTryCatch" "tryCatchOne" "tryCatchList" "tryCatch" "mvpa_fun" "do_standard" "<Anonymous>" "do.call" "run_searchlight.default" "run_searchlight" "system.time" 
".filter_roi_stats_fast" ".filter_roi_stats" "filter_roi.ROIVec" "filter_roi" "doTryCatch" "tryCatchOne" "tryCatchList" "tryCatch" "try" "shard_extract_roi_volumetric" "shard_extract_roi" "doTryCatch" "tryCatchOne" "tryCatchList" "tryCatch" "worker_impl" "worker_fun" "run_map" "run_future.shard_model_spec" "run_future" "doTryCatch" "tryCatchOne" "tryCatchList" "tryCatch" "doTryCatch" "tryCatchOne" "tryCatchList" "tryCatch" "mvpa_fun" "do_standard" "<Anonymous>" "do.call" "run_searchlight.default" "run_searchlight" "system.time" 
"which" "filter_roi.ROIVec" "filter_roi" "doTryCatch" "tryCatchOne" "tryCatchList" "tryCatch" "try" "shard_extract_roi_volumetric" "shard_extract_roi" "doTryCatch" "tryCatchOne" "tryCatchList" "tryCatch" "worker_impl" "worker_fun" "run_map" "run_future.shard_model_spec" "run_future" "doTryCatch" "tryCatchOne" "tryCatchList" "tryCatch" "doTryCatch" "tryCatchOne" "tryCatchList" "tryCatch" "mvpa_fun" "do_standard" "<Anonymous>" "do.call" "run_searchlight.default" "run_searchlight" "system.time" 
"shard_extract_roi_volumetric" "shard_extract_roi" "doTryCatch" "tryCatchOne" "tryCatchList" "tryCatch" "worker_impl" "worker_fun" "run_map" "run_future.shard_model_spec" "run_future" "doTryCatch" "tryCatchOne" "tryCatchList" "tryCatch" "doTryCatch" "tryCatchOne" "tryCatchList" "tryCatch" "mvpa_fun" "do_standard" "<Anonymous>" "do.call" "run_searchlight.default" "run_searchlight" "system.time" 
".filter_roi_stats_fast" ".filter_roi_stats" "filter_roi.ROIVec" "filter_roi" "doTryCatch" "tryCatchOne" "tryCatchList" "tryCatch" "try" "shard_extract_roi_volumetric" "shard_extract_roi" "doTryCatch" "tryCatchOne" "tryCatchList" "tryCatch" "worker_impl" "worker_fun" "run_map" "run_future.shard_model_spec" "run_future" "doTryCatch" "tryCatchOne" "tryCatchList" "tryCatch" "doTryCatch" "tryCatchOne" "tryCatchList" "tryCatch" "mvpa_fun" "do_standard" "<Anonymous>" "do.call" "run_searchlight.default" "run_searchlight" "system.time" 
"shard_extract_roi_volumetric" "shard_extract_roi" "doTryCatch" "tryCatchOne" "tryCatchList" "tryCatch" "worker_impl" "worker_fun" "run_map" "run_future.shard_model_spec" "run_future" "doTryCatch" "tryCatchOne" "tryCatchList" "tryCatch" "doTryCatch" "tryCatchOne" "tryCatchList" "tryCatch" "mvpa_fun" "do_standard" "<Anonymous>" "do.call" "run_searchlight.default" "run_searchlight" "system.time" 
".filter_roi_stats_fast" ".filter_roi_stats" "filter_roi.ROIVec" "filter_roi" "doTryCatch" "tryCatchOne" "tryCatchList" "tryCatch" "try" "shard_extract_roi_volumetric" "shard_extract_roi" "doTryCatch" "tryCatchOne" "tryCatchList" "tryCatch" "worker_impl" "worker_fun" "run_map" "run_future.shard_model_spec" "run_future" "doTryCatch" "tryCatchOne" "tryCatchList" "tryCatch" "doTryCatch" "tryCatchOne" "tryCatchList" "tryCatch" "mvpa_fun" "do_standard" "<Anonymous>" "do.call" "run_searchlight.default" "run_searchlight" "system.time" 
"new" ".findNextFromTable" "addNextMethod" "addNextMethod" "callNextMethod" ".nextMethod" "callNextMethod" "initialize" "initialize" "new" "ROIVec" "filter_roi.ROIVec" "filter_roi" "doTryCatch" "tryCatchOne" "tryCatchList" "tryCatch" "try" "shard_extract_roi_volumetric" "shard_extract_roi" "doTryCatch" "tryCatchOne" "tryCatchList" "tryCatch" "worker_impl" "worker_fun" "run_map" "run_future.shard_model_spec" "run_future" "doTryCatch" "tryCatchOne" "tryCatchList" "tryCatch" "doTryCatch" "tryCatchOne" "tryCatchList" "tryCatch" "mvpa_fun" "do_standard" "<Anonymous>" "do.call" "run_searchlight.default" "run_searchlight" "system.time" 
"filter_roi.ROIVec" "filter_roi" "doTryCatch" "tryCatchOne" "tryCatchList" "tryCatch" "try" "shard_extract_roi_volumetric" "shard_extract_roi" "doTryCatch" "tryCatchOne" "tryCatchList" "tryCatch" "worker_impl" "worker_fun" "run_map" "run_future.shard_model_spec" "run_future" "doTryCatch" "tryCatchOne" "tryCatchList" "tryCatch" "doTryCatch" "tryCatchOne" "tryCatchList" "tryCatch" "mvpa_fun" "do_standard" "<Anonymous>" "do.call" "run_searchlight.default" "run_searchlight" "system.time" 
"parse" "withCallingHandlers" "with_glue_error" ".transformer" "%||%" "<Anonymous>" "glue_data" "glue::glue" ".name_spec" "<Anonymous>" ".External2" "vec_c" "splice_dfs" "tibble_quos" "tibble::tibble" "roi_result_to_tibble" "process_roi.default" "process_roi" "doTryCatch" "tryCatchOne" "tryCatchList" "tryCatch" "worker_impl" "worker_fun" "run_map" "run_future.shard_model_spec" "run_future" "doTryCatch" "tryCatchOne" "tryCatchList" "tryCatch" "doTryCatch" "tryCatchOne" "tryCatchList" "tryCatch" "mvpa_fun" "do_standard" "<Anonymous>" "do.call" "run_searchlight.default" "run_searchlight" "system.time" 
"pmax" ".filter_roi_stats_fast" ".filter_roi_stats" "filter_roi.ROIVec" "filter_roi" "doTryCatch" "tryCatchOne" "tryCatchList" "tryCatch" "try" "shard_extract_roi_volumetric" "shard_extract_roi" "doTryCatch" "tryCatchOne" "tryCatchList" "tryCatch" "worker_impl" "worker_fun" "run_map" "run_future.shard_model_spec" "run_future" "doTryCatch" "tryCatchOne" "tryCatchList" "tryCatch" "doTryCatch" "tryCatchOne" "tryCatchList" "tryCatch" "mvpa_fun" "do_standard" "<Anonymous>" "do.call" "run_searchlight.default" "run_searchlight" "system.time" 
"pmin" ".filter_roi_stats_fast" ".filter_roi_stats" "filter_roi.ROIVec" "filter_roi" "doTryCatch" "tryCatchOne" "tryCatchList" "tryCatch" "try" "shard_extract_roi_volumetric" "shard_extract_roi" "doTryCatch" "tryCatchOne" "tryCatchList" "tryCatch" "worker_impl" "worker_fun" "run_map" "run_future.shard_model_spec" "run_future" "doTryCatch" "tryCatchOne" "tryCatchList" "tryCatch" "doTryCatch" "tryCatchOne" "tryCatchList" "tryCatch" "mvpa_fun" "do_standard" "<Anonymous>" "do.call" "run_searchlight.default" "run_searchlight" "system.time" 
".filter_roi_stats_fast" ".filter_roi_stats" "filter_roi.ROIVec" "filter_roi" "doTryCatch" "tryCatchOne" "tryCatchList" "tryCatch" "try" "shard_extract_roi_volumetric" "shard_extract_roi" "doTryCatch" "tryCatchOne" "tryCatchList" "tryCatch" "worker_impl" "worker_fun" "run_map" "run_future.shard_model_spec" "run_future" "doTryCatch" "tryCatchOne" "tryCatchList" "tryCatch" "doTryCatch" "tryCatchOne" "tryCatchList" "tryCatch" "mvpa_fun" "do_standard" "<Anonymous>" "do.call" "run_searchlight.default" "run_searchlight" "system.time" 
"pmax" ".filter_roi_stats_fast" ".filter_roi_stats" "filter_roi.ROIVec" "filter_roi" "doTryCatch" "tryCatchOne" "tryCatchList" "tryCatch" "try" "shard_extract_roi_volumetric" "shard_extract_roi" "doTryCatch" "tryCatchOne" "tryCatchList" "tryCatch" "worker_impl" "worker_fun" "run_map" "run_future.shard_model_spec" "run_future" "doTryCatch" "tryCatchOne" "tryCatchList" "tryCatch" "doTryCatch" "tryCatchOne" "tryCatchList" "tryCatch" "mvpa_fun" "do_standard" "<Anonymous>" "do.call" "run_searchlight.default" "run_searchlight" "system.time" 
"doTryCatch" "tryCatchOne" "tryCatchList" "tryCatch" "try" "validObject" "initialize" "initialize" "new" ".findNextFromTable" "addNextMethod" "addNextMethod" "callNextMethod" ".nextMethod" "callNextMethod" "initialize" "initialize" "new" "neuroim2::ROIVec" "shard_extract_roi_volumetric" "shard_extract_roi" "doTryCatch" "tryCatchOne" "tryCatchList" "tryCatch" "worker_impl" "worker_fun" "run_map" "run_future.shard_model_spec" "run_future" "doTryCatch" "tryCatchOne" "tryCatchList" "tryCatch" "doTryCatch" "tryCatchOne" "tryCatchList" "tryCatch" "mvpa_fun" "do_standard" "<Anonymous>" "do.call" "run_searchlight.default" "run_searchlight" "system.time" 
"filter_roi.ROIVec" "filter_roi" "doTryCatch" "tryCatchOne" "tryCatchList" "tryCatch" "try" "shard_extract_roi_volumetric" "shard_extract_roi" "doTryCatch" "tryCatchOne" "tryCatchList" "tryCatch" "worker_impl" "worker_fun" "run_map" "run_future.shard_model_spec" "run_future" "doTryCatch" "tryCatchOne" "tryCatchList" "tryCatch" "doTryCatch" "tryCatchOne" "tryCatchList" "tryCatch" "mvpa_fun" "do_standard" "<Anonymous>" "do.call" "run_searchlight.default" "run_searchlight" "system.time" 
"vapply" "lengths" "glue_data" "glue::glue" ".name_spec" "<Anonymous>" ".External2" "vec_c" "splice_dfs" "tibble_quos" "tibble::tibble" "roi_result_to_tibble" "process_roi.default" "process_roi" "doTryCatch" "tryCatchOne" "tryCatchList" "tryCatch" "worker_impl" "worker_fun" "run_map" "run_future.shard_model_spec" "run_future" "doTryCatch" "tryCatchOne" "tryCatchList" "tryCatch" "doTryCatch" "tryCatchOne" "tryCatchList" "tryCatch" "mvpa_fun" "do_standard" "<Anonymous>" "do.call" "run_searchlight.default" "run_searchlight" "system.time" 
".filter_roi_stats_fast" ".filter_roi_stats" "filter_roi.ROIVec" "filter_roi" "doTryCatch" "tryCatchOne" "tryCatchList" "tryCatch" "try" "shard_extract_roi_volumetric" "shard_extract_roi" "doTryCatch" "tryCatchOne" "tryCatchList" "tryCatch" "worker_impl" "worker_fun" "run_map" "run_future.shard_model_spec" "run_future" "doTryCatch" "tryCatchOne" "tryCatchList" "tryCatch" "doTryCatch" "tryCatchOne" "tryCatchList" "tryCatch" "mvpa_fun" "do_standard" "<Anonymous>" "do.call" "run_searchlight.default" "run_searchlight" "system.time" 
"list" "tools::nonS3methods" "utils::getS3method" ".has_fit_roi" "process_roi.default" "process_roi" "doTryCatch" "tryCatchOne" "tryCatchList" "tryCatch" "worker_impl" "worker_fun" "run_map" "run_future.shard_model_spec" "run_future" "doTryCatch" "tryCatchOne" "tryCatchList" "tryCatch" "doTryCatch" "tryCatchOne" "tryCatchList" "tryCatch" "mvpa_fun" "do_standard" "<Anonymous>" "do.call" "run_searchlight.default" "run_searchlight" "system.time" 
"grep" "detect_dot_dot" "validate_unique" "<Anonymous>" "vec_as_names" "withCallingHandlers" "subclass_name_repair_errors" "repaired_names" "set_repaired_names" "tibble_quos" "tibble::tibble" "roi_result_to_tibble" "process_roi.default" "process_roi" "doTryCatch" "tryCatchOne" "tryCatchList" "tryCatch" "worker_impl" "worker_fun" "run_map" "run_future.shard_model_spec" "run_future" "doTryCatch" "tryCatchOne" "tryCatchList" "tryCatch" "doTryCatch" "tryCatchOne" "tryCatchList" "tryCatch" "mvpa_fun" "do_standard" "<Anonymous>" "do.call" "run_searchlight.default" "run_searchlight" "system.time" 
"vapply" "recycle_columns" "do.call" "glue_data" "glue::glue" ".name_spec" "<Anonymous>" ".External2" "vec_c" "splice_dfs" "tibble_quos" "tibble::tibble" "roi_result_to_tibble" "process_roi.default" "process_roi" "doTryCatch" "tryCatchOne" "tryCatchList" "tryCatch" "worker_impl" "worker_fun" "run_map" "run_future.shard_model_spec" "run_future" "doTryCatch" "tryCatchOne" "tryCatchList" "tryCatch" "doTryCatch" "tryCatchOne" "tryCatchList" "tryCatch" "mvpa_fun" "do_standard" "<Anonymous>" "do.call" "run_searchlight.default" "run_searchlight" "system.time" 
"<Anonymous>" ".External2" "vec_c" "splice_dfs" "tibble_quos" "tibble::tibble" "roi_result_to_tibble" "process_roi.default" "process_roi" "doTryCatch" "tryCatchOne" "tryCatchList" "tryCatch" "worker_impl" "worker_fun" "run_map" "run_future.shard_model_spec" "run_future" "doTryCatch" "tryCatchOne" "tryCatchList" "tryCatch" "doTryCatch" "tryCatchOne" "tryCatchList" "tryCatch" "mvpa_fun" "do_standard" "<Anonymous>" "do.call" "run_searchlight.default" "run_searchlight" "system.time" 
"match.fun" "vapply" "pmax" ".filter_roi_stats_fast" ".filter_roi_stats" "filter_roi.ROIVec" "filter_roi" "doTryCatch" "tryCatchOne" "tryCatchList" "tryCatch" "try" "shard_extract_roi_volumetric" "shard_extract_roi" "doTryCatch" "tryCatchOne" "tryCatchList" "tryCatch" "worker_impl" "worker_fun" "run_map" "run_future.shard_model_spec" "run_future" "doTryCatch" "tryCatchOne" "tryCatchList" "tryCatch" "doTryCatch" "tryCatchOne" "tryCatchList" "tryCatch" "mvpa_fun" "do_standard" "<Anonymous>" "do.call" "run_searchlight.default" "run_searchlight" "system.time" 
"length" "isTRUE" "which" "check_valid_cols" "check_valid_col" "tibble_quos" "tibble::tibble" "roi_result_to_tibble" "process_roi.default" "process_roi" "doTryCatch" "tryCatchOne" "tryCatchList" "tryCatch" "worker_impl" "worker_fun" "run_map" "run_future.shard_model_spec" "run_future" "doTryCatch" "tryCatchOne" "tryCatchList" "tryCatch" "doTryCatch" "tryCatchOne" "tryCatchList" "tryCatch" "mvpa_fun" "do_standard" "<Anonymous>" "do.call" "run_searchlight.default" "run_searchlight" "system.time" 
"rev" "initialize" "initialize" "new" ".findNextFromTable" "addNextMethod" "addNextMethod" "callNextMethod" ".nextMethod" "callNextMethod" "initialize" "initialize" "new" "neuroim2::ROIVec" "shard_extract_roi_volumetric" "shard_extract_roi" "doTryCatch" "tryCatchOne" "tryCatchList" "tryCatch" "worker_impl" "worker_fun" "run_map" "run_future.shard_model_spec" "run_future" "doTryCatch" "tryCatchOne" "tryCatchList" "tryCatch" "doTryCatch" "tryCatchOne" "tryCatchList" "tryCatch" "mvpa_fun" "do_standard" "<Anonymous>" "do.call" "run_searchlight.default" "run_searchlight" "system.time" 
"validObject" ".nextMethod" "callNextMethod" ".nextMethod" "callNextMethod" "initialize" "initialize" "new" "ROIVec" "filter_roi.ROIVec" "filter_roi" "doTryCatch" "tryCatchOne" "tryCatchList" "tryCatch" "try" "shard_extract_roi_volumetric" "shard_extract_roi" "doTryCatch" "tryCatchOne" "tryCatchList" "tryCatch" "worker_impl" "worker_fun" "run_map" "run_future.shard_model_spec" "run_future" "doTryCatch" "tryCatchOne" "tryCatchList" "tryCatch" "doTryCatch" "tryCatchOne" "tryCatchList" "tryCatch" "mvpa_fun" "do_standard" "<Anonymous>" "do.call" "run_searchlight.default" "run_searchlight" "system.time" 
"%/%" "arrayInd" "shard_extract_roi_volumetric" "shard_extract_roi" "doTryCatch" "tryCatchOne" "tryCatchList" "tryCatch" "worker_impl" "worker_fun" "run_map" "run_future.shard_model_spec" "run_future" "doTryCatch" "tryCatchOne" "tryCatchList" "tryCatch" "doTryCatch" "tryCatchOne" "tryCatchList" "tryCatch" "mvpa_fun" "do_standard" "<Anonymous>" "do.call" "run_searchlight.default" "run_searchlight" "system.time" 
".fillSignatures" ".findInheritedMethods" ".findNextFromTable" "addNextMethod" "addNextMethod" "callNextMethod" ".nextMethod" "callNextMethod" "initialize" "initialize" "new" "neuroim2::ROIVec" "shard_extract_roi_volumetric" "shard_extract_roi" "doTryCatch" "tryCatchOne" "tryCatchList" "tryCatch" "worker_impl" "worker_fun" "run_map" "run_future.shard_model_spec" "run_future" "doTryCatch" "tryCatchOne" "tryCatchList" "tryCatch" "doTryCatch" "tryCatchOne" "tryCatchList" "tryCatch" "mvpa_fun" "do_standard" "<Anonymous>" "do.call" "run_searchlight.default" "run_searchlight" "system.time" 
"<=" "sanitize_shard_indices" "shard_extract_roi_volumetric" "shard_extract_roi" "doTryCatch" "tryCatchOne" "tryCatchList" "tryCatch" "worker_impl" "worker_fun" "run_map" "run_future.shard_model_spec" "run_future" "doTryCatch" "tryCatchOne" "tryCatchList" "tryCatch" "doTryCatch" "tryCatchOne" "tryCatchList" "tryCatch" "mvpa_fun" "do_standard" "<Anonymous>" "do.call" "run_searchlight.default" "run_searchlight" "system.time" 
".filter_roi_stats_fast" ".filter_roi_stats" "filter_roi.ROIVec" "filter_roi" "doTryCatch" "tryCatchOne" "tryCatchList" "tryCatch" "try" "shard_extract_roi_volumetric" "shard_extract_roi" "doTryCatch" "tryCatchOne" "tryCatchList" "tryCatch" "worker_impl" "worker_fun" "run_map" "run_future.shard_model_spec" "run_future" "doTryCatch" "tryCatchOne" "tryCatchList" "tryCatch" "doTryCatch" "tryCatchOne" "tryCatchList" "tryCatch" "mvpa_fun" "do_standard" "<Anonymous>" "do.call" "run_searchlight.default" "run_searchlight" "system.time" 
"invisible" "stopifnot" "is" ".inheritedArgsExpression" ".findInheritedMethods" ".findNextFromTable" "addNextMethod" "addNextMethod" "callNextMethod" ".nextMethod" "callNextMethod" "initialize" "initialize" "new" "ROIVec" "filter_roi.ROIVec" "filter_roi" "doTryCatch" "tryCatchOne" "tryCatchList" "tryCatch" "try" "shard_extract_roi_volumetric" "shard_extract_roi" "doTryCatch" "tryCatchOne" "tryCatchList" "tryCatch" "worker_impl" "worker_fun" "run_map" "run_future.shard_model_spec" "run_future" "doTryCatch" "tryCatchOne" "tryCatchList" "tryCatch" "doTryCatch" "tryCatchOne" "tryCatchList" "tryCatch" "mvpa_fun" "do_standard" "<Anonymous>" "do.call" "run_searchlight.default" "run_searchlight" "system.time" 
".filter_roi_stats_fast" ".filter_roi_stats" "filter_roi.ROIVec" "filter_roi" "doTryCatch" "tryCatchOne" "tryCatchList" "tryCatch" "try" "shard_extract_roi_volumetric" "shard_extract_roi" "doTryCatch" "tryCatchOne" "tryCatchList" "tryCatch" "worker_impl" "worker_fun" "run_map" "run_future.shard_model_spec" "run_future" "doTryCatch" "tryCatchOne" "tryCatchList" "tryCatch" "doTryCatch" "tryCatchOne" "tryCatchList" "tryCatch" "mvpa_fun" "do_standard" "<Anonymous>" "do.call" "run_searchlight.default" "run_searchlight" "system.time" 
".inheritedArgsExpression" ".findInheritedMethods" ".findNextFromTable" "addNextMethod" "addNextMethod" "callNextMethod" ".nextMethod" "callNextMethod" "initialize" "initialize" "new" "ROIVec" "filter_roi.ROIVec" "filter_roi" "doTryCatch" "tryCatchOne" "tryCatchList" "tryCatch" "try" "shard_extract_roi_volumetric" "shard_extract_roi" "doTryCatch" "tryCatchOne" "tryCatchList" "tryCatch" "worker_impl" "worker_fun" "run_map" "run_future.shard_model_spec" "run_future" "doTryCatch" "tryCatchOne" "tryCatchList" "tryCatch" "doTryCatch" "tryCatchOne" "tryCatchList" "tryCatch" "mvpa_fun" "do_standard" "<Anonymous>" "do.call" "run_searchlight.default" "run_searchlight" "system.time" 
".requirePackage" ".classEnv" "as<-" "initialize" "initialize" "new" ".findNextFromTable" "addNextMethod" "addNextMethod" "callNextMethod" ".nextMethod" "callNextMethod" "initialize" "initialize" "new" "ROIVec" "filter_roi.ROIVec" "filter_roi" "doTryCatch" "tryCatchOne" "tryCatchList" "tryCatch" "try" "shard_extract_roi_volumetric" "shard_extract_roi" "doTryCatch" "tryCatchOne" "tryCatchList" "tryCatch" "worker_impl" "worker_fun" "run_map" "run_future.shard_model_spec" "run_future" "doTryCatch" "tryCatchOne" "tryCatchList" "tryCatch" "doTryCatch" "tryCatchOne" "tryCatchList" "tryCatch" "mvpa_fun" "do_standard" "<Anonymous>" "do.call" "run_searchlight.default" "run_searchlight" "system.time" 
"...elt" "stopifnot" "is" ".findInheritedMethods" ".findNextFromTable" "addNextMethod" "addNextMethod" "callNextMethod" ".nextMethod" "callNextMethod" "initialize" "initialize" "new" "neuroim2::ROIVec" "shard_extract_roi_volumetric" "shard_extract_roi" "doTryCatch" "tryCatchOne" "tryCatchList" "tryCatch" "worker_impl" "worker_fun" "run_map" "run_future.shard_model_spec" "run_future" "doTryCatch" "tryCatchOne" "tryCatchList" "tryCatch" "doTryCatch" "tryCatchOne" "tryCatchList" "tryCatch" "mvpa_fun" "do_standard" "<Anonymous>" "do.call" "run_searchlight.default" "run_searchlight" "system.time" 
".findInheritedMethods" ".findNextFromTable" "addNextMethod" "addNextMethod" "callNextMethod" ".nextMethod" "callNextMethod" "initialize" "initialize" "new" "ROIVec" "filter_roi.ROIVec" "filter_roi" "doTryCatch" "tryCatchOne" "tryCatchList" "tryCatch" "try" "shard_extract_roi_volumetric" "shard_extract_roi" "doTryCatch" "tryCatchOne" "tryCatchList" "tryCatch" "worker_impl" "worker_fun" "run_map" "run_future.shard_model_spec" "run_future" "doTryCatch" "tryCatchOne" "tryCatchList" "tryCatch" "doTryCatch" "tryCatchOne" "tryCatchList" "tryCatch" "mvpa_fun" "do_standard" "<Anonymous>" "do.call" "run_searchlight.default" "run_searchlight" "system.time" 
".filter_roi_stats_fast" ".filter_roi_stats" "filter_roi.ROIVec" "filter_roi" "doTryCatch" "tryCatchOne" "tryCatchList" "tryCatch" "try" "shard_extract_roi_volumetric" "shard_extract_roi" "doTryCatch" "tryCatchOne" "tryCatchList" "tryCatch" "worker_impl" "worker_fun" "run_map" "run_future.shard_model_spec" "run_future" "doTryCatch" "tryCatchOne" "tryCatchList" "tryCatch" "doTryCatch" "tryCatchOne" "tryCatchList" "tryCatch" "mvpa_fun" "do_standard" "<Anonymous>" "do.call" "run_searchlight.default" "run_searchlight" "system.time" 
"paste" ".sigLabel" ".findMethodInTable" ".quickCoerceSelect" "as<-" "initialize" "initialize" "new" ".findNextFromTable" "addNextMethod" "addNextMethod" "callNextMethod" ".nextMethod" "callNextMethod" "initialize" "initialize" "new" "ROIVec" "filter_roi.ROIVec" "filter_roi" "doTryCatch" "tryCatchOne" "tryCatchList" "tryCatch" "try" "shard_extract_roi_volumetric" "shard_extract_roi" "doTryCatch" "tryCatchOne" "tryCatchList" "tryCatch" "worker_impl" "worker_fun" "run_map" "run_future.shard_model_spec" "run_future" "doTryCatch" "tryCatchOne" "tryCatchList" "tryCatch" "doTryCatch" "tryCatchOne" "tryCatchList" "tryCatch" "mvpa_fun" "do_standard" "<Anonymous>" "do.call" "run_searchlight.default" "run_searchlight" "system.time" 
"ROIVec" "filter_roi.ROIVec" "filter_roi" "doTryCatch" "tryCatchOne" "tryCatchList" "tryCatch" "try" "shard_extract_roi_volumetric" "shard_extract_roi" "doTryCatch" "tryCatchOne" "tryCatchList" "tryCatch" "worker_impl" "worker_fun" "run_map" "run_future.shard_model_spec" "run_future" "doTryCatch" "tryCatchOne" "tryCatchList" "tryCatch" "doTryCatch" "tryCatchOne" "tryCatchList" "tryCatch" "mvpa_fun" "do_standard" "<Anonymous>" "do.call" "run_searchlight.default" "run_searchlight" "system.time" 
"vapply" "pmax" ".filter_roi_stats_fast" ".filter_roi_stats" "filter_roi.ROIVec" "filter_roi" "doTryCatch" "tryCatchOne" "tryCatchList" "tryCatch" "try" "shard_extract_roi_volumetric" "shard_extract_roi" "doTryCatch" "tryCatchOne" "tryCatchList" "tryCatch" "worker_impl" "worker_fun" "run_map" "run_future.shard_model_spec" "run_future" "doTryCatch" "tryCatchOne" "tryCatchList" "tryCatch" "doTryCatch" "tryCatchOne" "tryCatchList" "tryCatch" "mvpa_fun" "do_standard" "<Anonymous>" "do.call" "run_searchlight.default" "run_searchlight" "system.time" 
".Call" "quos" "tibble::tibble" "roi_result_to_tibble" "process_roi.default" "process_roi" "doTryCatch" "tryCatchOne" "tryCatchList" "tryCatch" "worker_impl" "worker_fun" "run_map" "run_future.shard_model_spec" "run_future" "doTryCatch" "tryCatchOne" "tryCatchList" "tryCatch" "doTryCatch" "tryCatchOne" "tryCatchList" "tryCatch" "mvpa_fun" "do_standard" "<Anonymous>" "do.call" "run_searchlight.default" "run_searchlight" "system.time" 
"pmin" ".filter_roi_stats_fast" ".filter_roi_stats" "filter_roi.ROIVec" "filter_roi" "doTryCatch" "tryCatchOne" "tryCatchList" "tryCatch" "try" "shard_extract_roi_volumetric" "shard_extract_roi" "doTryCatch" "tryCatchOne" "tryCatchList" "tryCatch" "worker_impl" "worker_fun" "run_map" "run_future.shard_model_spec" "run_future" "doTryCatch" "tryCatchOne" "tryCatchList" "tryCatch" "doTryCatch" "tryCatchOne" "tryCatchList" "tryCatch" "mvpa_fun" "do_standard" "<Anonymous>" "do.call" "run_searchlight.default" "run_searchlight" "system.time" 
"withCallingHandlers" "with_glue_error" ".transformer" "%||%" "<Anonymous>" "glue_data" "glue::glue" ".name_spec" "<Anonymous>" ".External2" "vec_c" "splice_dfs" "tibble_quos" "tibble::tibble" "roi_result_to_tibble" "process_roi.default" "process_roi" "doTryCatch" "tryCatchOne" "tryCatchList" "tryCatch" "worker_impl" "worker_fun" "run_map" "run_future.shard_model_spec" "run_future" "doTryCatch" "tryCatchOne" "tryCatchList" "tryCatch" "doTryCatch" "tryCatchOne" "tryCatchList" "tryCatch" "mvpa_fun" "do_standard" "<Anonymous>" "do.call" "run_searchlight.default" "run_searchlight" "system.time" 
"methods:::loadMethod" "methods:::loadMethod" "initialize" "new" "neuroim2::ROIVec" "shard_extract_roi_volumetric" "shard_extract_roi" "doTryCatch" "tryCatchOne" "tryCatchList" "tryCatch" "worker_impl" "worker_fun" "run_map" "run_future.shard_model_spec" "run_future" "doTryCatch" "tryCatchOne" "tryCatchList" "tryCatch" "doTryCatch" "tryCatchOne" "tryCatchList" "tryCatch" "mvpa_fun" "do_standard" "<Anonymous>" "do.call" "run_searchlight.default" "run_searchlight" "system.time" 
".getClassesFromCache" "getClassDef" "validObject" "initialize" "initialize" "new" ".findNextFromTable" "addNextMethod" "addNextMethod" "callNextMethod" ".nextMethod" "callNextMethod" "initialize" "initialize" "new" "ROIVec" "filter_roi.ROIVec" "filter_roi" "doTryCatch" "tryCatchOne" "tryCatchList" "tryCatch" "try" "shard_extract_roi_volumetric" "shard_extract_roi" "doTryCatch" "tryCatchOne" "tryCatchList" "tryCatch" "worker_impl" "worker_fun" "run_map" "run_future.shard_model_spec" "run_future" "doTryCatch" "tryCatchOne" "tryCatchList" "tryCatch" "doTryCatch" "tryCatchOne" "tryCatchList" "tryCatch" "mvpa_fun" "do_standard" "<Anonymous>" "do.call" "run_searchlight.default" "run_searchlight" "system.time" 
"environment" "doTryCatch" "tryCatchOne" "tryCatchList" "tryCatch" "<Anonymous>" "glue_data" "glue::glue" ".name_spec" "<Anonymous>" ".External2" "vec_c" "splice_dfs" "tibble_quos" "tibble::tibble" "roi_result_to_tibble" "process_roi.default" "process_roi" "doTryCatch" "tryCatchOne" "tryCatchList" "tryCatch" "worker_impl" "worker_fun" "run_map" "run_future.shard_model_spec" "run_future" "doTryCatch" "tryCatchOne" "tryCatchList" "tryCatch" "doTryCatch" "tryCatchOne" "tryCatchList" "tryCatch" "mvpa_fun" "do_standard" "<Anonymous>" "do.call" "run_searchlight.default" "run_searchlight" "system.time" 
".filter_roi_stats_fast" ".filter_roi_stats" "filter_roi.ROIVec" "filter_roi" "doTryCatch" "tryCatchOne" "tryCatchList" "tryCatch" "try" "shard_extract_roi_volumetric" "shard_extract_roi" "doTryCatch" "tryCatchOne" "tryCatchList" "tryCatch" "worker_impl" "worker_fun" "run_map" "run_future.shard_model_spec" "run_future" "doTryCatch" "tryCatchOne" "tryCatchList" "tryCatch" "doTryCatch" "tryCatchOne" "tryCatchList" "tryCatch" "mvpa_fun" "do_standard" "<Anonymous>" "do.call" "run_searchlight.default" "run_searchlight" "system.time" 
"map_lgl" "which" "check_valid_cols" "check_valid_col" "tibble_quos" "tibble::tibble" "roi_result_to_tibble" "process_roi.default" "process_roi" "doTryCatch" "tryCatchOne" "tryCatchList" "tryCatch" "worker_impl" "worker_fun" "run_map" "run_future.shard_model_spec" "run_future" "doTryCatch" "tryCatchOne" "tryCatchList" "tryCatch" "doTryCatch" "tryCatchOne" "tryCatchList" "tryCatch" "mvpa_fun" "do_standard" "<Anonymous>" "do.call" "run_searchlight.default" "run_searchlight" "system.time" 
".asS4" ".mergeAttrs" "setDataPart" "asMethod" "as<-" ".nextMethod" "callNextMethod" ".nextMethod" "callNextMethod" "initialize" "initialize" "new" "neuroim2::ROIVec" "shard_extract_roi_volumetric" "shard_extract_roi" "doTryCatch" "tryCatchOne" "tryCatchList" "tryCatch" "worker_impl" "worker_fun" "run_map" "run_future.shard_model_spec" "run_future" "doTryCatch" "tryCatchOne" "tryCatchList" "tryCatch" "doTryCatch" "tryCatchOne" "tryCatchList" "tryCatch" "mvpa_fun" "do_standard" "<Anonymous>" "do.call" "run_searchlight.default" "run_searchlight" "system.time" 
"as.matrix" "process_roi.default" "process_roi" "doTryCatch" "tryCatchOne" "tryCatchList" "tryCatch" "worker_impl" "worker_fun" "run_map" "run_future.shard_model_spec" "run_future" "doTryCatch" "tryCatchOne" "tryCatchList" "tryCatch" "doTryCatch" "tryCatchOne" "tryCatchList" "tryCatch" "mvpa_fun" "do_standard" "<Anonymous>" "do.call" "run_searchlight.default" "run_searchlight" "system.time" 
"pmin" ".filter_roi_stats_fast" ".filter_roi_stats" "filter_roi.ROIVec" "filter_roi" "doTryCatch" "tryCatchOne" "tryCatchList" "tryCatch" "try" "shard_extract_roi_volumetric" "shard_extract_roi" "doTryCatch" "tryCatchOne" "tryCatchList" "tryCatch" "worker_impl" "worker_fun" "run_map" "run_future.shard_model_spec" "run_future" "doTryCatch" "tryCatchOne" "tryCatchList" "tryCatch" "doTryCatch" "tryCatchOne" "tryCatchList" "tryCatch" "mvpa_fun" "do_standard" "<Anonymous>" "do.call" "run_searchlight.default" "run_searchlight" "system.time" 
"gridToIndexCpp" ".gridToIndex" "neuroim2::indices" "neuroim2::indices" "filter_roi.ROIVec" "filter_roi" "doTryCatch" "tryCatchOne" "tryCatchList" "tryCatch" "try" "shard_extract_roi_volumetric" "shard_extract_roi" "doTryCatch" "tryCatchOne" "tryCatchList" "tryCatch" "worker_impl" "worker_fun" "run_map" "run_future.shard_model_spec" "run_future" "doTryCatch" "tryCatchOne" "tryCatchList" "tryCatch" "doTryCatch" "tryCatchOne" "tryCatchList" "tryCatch" "mvpa_fun" "do_standard" "<Anonymous>" "do.call" "run_searchlight.default" "run_searchlight" "system.time" 
"pmin" ".filter_roi_stats_fast" ".filter_roi_stats" "filter_roi.ROIVec" "filter_roi" "doTryCatch" "tryCatchOne" "tryCatchList" "tryCatch" "try" "shard_extract_roi_volumetric" "shard_extract_roi" "doTryCatch" "tryCatchOne" "tryCatchList" "tryCatch" "worker_impl" "worker_fun" "run_map" "run_future.shard_model_spec" "run_future" "doTryCatch" "tryCatchOne" "tryCatchList" "tryCatch" "doTryCatch" "tryCatchOne" "tryCatchList" "tryCatch" "mvpa_fun" "do_standard" "<Anonymous>" "do.call" "run_searchlight.default" "run_searchlight" "system.time" 
"is.atomic" "FUN" "vapply" "pmax" ".filter_roi_stats_fast" ".filter_roi_stats" "filter_roi.ROIVec" "filter_roi" "doTryCatch" "tryCatchOne" "tryCatchList" "tryCatch" "try" "shard_extract_roi_volumetric" "shard_extract_roi" "doTryCatch" "tryCatchOne" "tryCatchList" "tryCatch" "worker_impl" "worker_fun" "run_map" "run_future.shard_model_spec" "run_future" "doTryCatch" "tryCatchOne" "tryCatchList" "tryCatch" "doTryCatch" "tryCatchOne" "tryCatchList" "tryCatch" "mvpa_fun" "do_standard" "<Anonymous>" "do.call" "run_searchlight.default" "run_searchlight" "system.time" 
"setPackageSlot" "extends" ".inheritedArgsExpression" ".findInheritedMethods" ".findNextFromTable" "addNextMethod" "addNextMethod" "callNextMethod" ".nextMethod" "callNextMethod" "initialize" "initialize" "new" "ROIVec" "filter_roi.ROIVec" "filter_roi" "doTryCatch" "tryCatchOne" "tryCatchList" "tryCatch" "try" "shard_extract_roi_volumetric" "shard_extract_roi" "doTryCatch" "tryCatchOne" "tryCatchList" "tryCatch" "worker_impl" "worker_fun" "run_map" "run_future.shard_model_spec" "run_future" "doTryCatch" "tryCatchOne" "tryCatchList" "tryCatch" "doTryCatch" "tryCatchOne" "tryCatchList" "tryCatch" "mvpa_fun" "do_standard" "<Anonymous>" "do.call" "run_searchlight.default" "run_searchlight" "system.time" 
".name_spec" "<Anonymous>" ".External2" "vec_c" "splice_dfs" "tibble_quos" "tibble::tibble" "roi_result_to_tibble" "process_roi.default" "process_roi" "doTryCatch" "tryCatchOne" "tryCatchList" "tryCatch" "worker_impl" "worker_fun" "run_map" "run_future.shard_model_spec" "run_future" "doTryCatch" "tryCatchOne" "tryCatchList" "tryCatch" "doTryCatch" "tryCatchOne" "tryCatchList" "tryCatch" "mvpa_fun" "do_standard" "<Anonymous>" "do.call" "run_searchlight.default" "run_searchlight" "system.time" 
"possibleExtends" "<Anonymous>" "asMethod" "as<-" ".nextMethod" "callNextMethod" ".nextMethod" "callNextMethod" "initialize" "initialize" "new" "neuroim2::ROIVec" "shard_extract_roi_volumetric" "shard_extract_roi" "doTryCatch" "tryCatchOne" "tryCatchList" "tryCatch" "worker_impl" "worker_fun" "run_map" "run_future.shard_model_spec" "run_future" "doTryCatch" "tryCatchOne" "tryCatchList" "tryCatch" "doTryCatch" "tryCatchOne" "tryCatchList" "tryCatch" "mvpa_fun" "do_standard" "<Anonymous>" "do.call" "run_searchlight.default" "run_searchlight" "system.time" 
".filter_roi_stats_fast" ".filter_roi_stats" "filter_roi.ROIVec" "filter_roi" "doTryCatch" "tryCatchOne" "tryCatchList" "tryCatch" "try" "shard_extract_roi_volumetric" "shard_extract_roi" "doTryCatch" "tryCatchOne" "tryCatchList" "tryCatch" "worker_impl" "worker_fun" "run_map" "run_future.shard_model_spec" "run_future" "doTryCatch" "tryCatchOne" "tryCatchList" "tryCatch" "doTryCatch" "tryCatchOne" "tryCatchList" "tryCatch" "mvpa_fun" "do_standard" "<Anonymous>" "do.call" "run_searchlight.default" "run_searchlight" "system.time" 
"list" "tools::nonS3methods" "utils::getS3method" ".has_fit_roi" "process_roi.default" "process_roi" "doTryCatch" "tryCatchOne" "tryCatchList" "tryCatch" "worker_impl" "worker_fun" "run_map" "run_future.shard_model_spec" "run_future" "doTryCatch" "tryCatchOne" "tryCatchList" "tryCatch" "doTryCatch" "tryCatchOne" "tryCatchList" "tryCatch" "mvpa_fun" "do_standard" "<Anonymous>" "do.call" "run_searchlight.default" "run_searchlight" "system.time" 
"mget" ".findInheritedMethods" ".findNextFromTable" "addNextMethod" "addNextMethod" "callNextMethod" ".nextMethod" "callNextMethod" "initialize" "initialize" "new" "neuroim2::ROIVec" "shard_extract_roi_volumetric" "shard_extract_roi" "doTryCatch" "tryCatchOne" "tryCatchList" "tryCatch" "worker_impl" "worker_fun" "run_map" "run_future.shard_model_spec" "run_future" "doTryCatch" "tryCatchOne" "tryCatchList" "tryCatch" "doTryCatch" "tryCatchOne" "tryCatchList" "tryCatch" "mvpa_fun" "do_standard" "<Anonymous>" "do.call" "run_searchlight.default" "run_searchlight" "system.time" 
"callNextMethod" ".nextMethod" "callNextMethod" "initialize" "initialize" "new" "ROIVec" "filter_roi.ROIVec" "filter_roi" "doTryCatch" "tryCatchOne" "tryCatchList" "tryCatch" "try" "shard_extract_roi_volumetric" "shard_extract_roi" "doTryCatch" "tryCatchOne" "tryCatchList" "tryCatch" "worker_impl" "worker_fun" "run_map" "run_future.shard_model_spec" "run_future" "doTryCatch" "tryCatchOne" "tryCatchList" "tryCatch" "doTryCatch" "tryCatchOne" "tryCatchList" "tryCatch" "mvpa_fun" "do_standard" "<Anonymous>" "do.call" "run_searchlight.default" "run_searchlight" "system.time" 
"pmin" ".filter_roi_stats_fast" ".filter_roi_stats" "filter_roi.ROIVec" "filter_roi" "doTryCatch" "tryCatchOne" "tryCatchList" "tryCatch" "try" "shard_extract_roi_volumetric" "shard_extract_roi" "doTryCatch" "tryCatchOne" "tryCatchList" "tryCatch" "worker_impl" "worker_fun" "run_map" "run_future.shard_model_spec" "run_future" "doTryCatch" "tryCatchOne" "tryCatchList" "tryCatch" "doTryCatch" "tryCatchOne" "tryCatchList" "tryCatch" "mvpa_fun" "do_standard" "<Anonymous>" "do.call" "run_searchlight.default" "run_searchlight" "system.time" 
".identC" "possibleExtends" "extends" "initialize" "initialize" "new" ".findNextFromTable" "addNextMethod" "addNextMethod" "callNextMethod" ".nextMethod" "callNextMethod" "initialize" "initialize" "new" "ROIVec" "filter_roi.ROIVec" "filter_roi" "doTryCatch" "tryCatchOne" "tryCatchList" "tryCatch" "try" "shard_extract_roi_volumetric" "shard_extract_roi" "doTryCatch" "tryCatchOne" "tryCatchList" "tryCatch" "worker_impl" "worker_fun" "run_map" "run_future.shard_model_spec" "run_future" "doTryCatch" "tryCatchOne" "tryCatchList" "tryCatch" "doTryCatch" "tryCatchOne" "tryCatchList" "tryCatch" "mvpa_fun" "do_standard" "<Anonymous>" "do.call" "run_searchlight.default" "run_searchlight" "system.time" 
".filter_roi_stats_fast" ".filter_roi_stats" "filter_roi.ROIVec" "filter_roi" "doTryCatch" "tryCatchOne" "tryCatchList" "tryCatch" "try" "shard_extract_roi_volumetric" "shard_extract_roi" "doTryCatch" "tryCatchOne" "tryCatchList" "tryCatch" "worker_impl" "worker_fun" "run_map" "run_future.shard_model_spec" "run_future" "doTryCatch" "tryCatchOne" "tryCatchList" "tryCatch" "doTryCatch" "tryCatchOne" "tryCatchList" "tryCatch" "mvpa_fun" "do_standard" "<Anonymous>" "do.call" "run_searchlight.default" "run_searchlight" "system.time" 
"c" "tools::nonS3methods" "utils::getS3method" ".has_fit_roi" "process_roi.default" "process_roi" "doTryCatch" "tryCatchOne" "tryCatchList" "tryCatch" "worker_impl" "worker_fun" "run_map" "run_future.shard_model_spec" "run_future" "doTryCatch" "tryCatchOne" "tryCatchList" "tryCatch" "doTryCatch" "tryCatchOne" "tryCatchList" "tryCatch" "mvpa_fun" "do_standard" "<Anonymous>" "do.call" "run_searchlight.default" "run_searchlight" "system.time" 
"standardGeneric" "as.matrix" ".gridToIndex" "neuroim2::indices" "neuroim2::indices" "filter_roi.ROIVec" "filter_roi" "doTryCatch" "tryCatchOne" "tryCatchList" "tryCatch" "try" "shard_extract_roi_volumetric" "shard_extract_roi" "doTryCatch" "tryCatchOne" "tryCatchList" "tryCatch" "worker_impl" "worker_fun" "run_map" "run_future.shard_model_spec" "run_future" "doTryCatch" "tryCatchOne" "tryCatchList" "tryCatch" "doTryCatch" "tryCatchOne" "tryCatchList" "tryCatch" "mvpa_fun" "do_standard" "<Anonymous>" "do.call" "run_searchlight.default" "run_searchlight" "system.time" 
"grep" "detect_dot_dot" "validate_unique" "<Anonymous>" "vec_as_names" "withCallingHandlers" "subclass_name_repair_errors" "repaired_names" "set_repaired_names" "tibble_quos" "tibble::tibble" "roi_result_to_tibble" "process_roi.default" "process_roi" "doTryCatch" "tryCatchOne" "tryCatchList" "tryCatch" "worker_impl" "worker_fun" "run_map" "run_future.shard_model_spec" "run_future" "doTryCatch" "tryCatchOne" "tryCatchList" "tryCatch" "doTryCatch" "tryCatchOne" "tryCatchList" "tryCatch" "mvpa_fun" "do_standard" "<Anonymous>" "do.call" "run_searchlight.default" "run_searchlight" "system.time" 
"doTryCatch" "tryCatchOne" "tryCatchList" "tryCatch" "try" "validObject" "initialize" "initialize" "new" ".findNextFromTable" "addNextMethod" "addNextMethod" "callNextMethod" ".nextMethod" "callNextMethod" "initialize" "initialize" "new" "ROIVec" "filter_roi.ROIVec" "filter_roi" "doTryCatch" "tryCatchOne" "tryCatchList" "tryCatch" "try" "shard_extract_roi_volumetric" "shard_extract_roi" "doTryCatch" "tryCatchOne" "tryCatchList" "tryCatch" "worker_impl" "worker_fun" "run_map" "run_future.shard_model_spec" "run_future" "doTryCatch" "tryCatchOne" "tryCatchList" "tryCatch" "doTryCatch" "tryCatchOne" "tryCatchList" "tryCatch" "mvpa_fun" "do_standard" "<Anonymous>" "do.call" "run_searchlight.default" "run_searchlight" "system.time" 
"get0" "get_lr" "doTryCatch" "tryCatchOne" "tryCatchList" "tryCatch" "UseFunction" "flog.logger" ".log_level" "futile.logger::flog.debug" "doTryCatch" "tryCatchOne" "tryCatchList" "tryCatch" "doTryCatch" "tryCatchOne" "tryCatchList" "tryCatch" "mvpa_fun" "do_standard" "<Anonymous>" "do.call" "run_searchlight.default" "run_searchlight" "system.time" 
"gc" "doTryCatch" "tryCatchOne" "tryCatchList" "tryCatch" "mvpa_fun" "do_standard" "<Anonymous>" "do.call" "run_searchlight.default" "run_searchlight" "system.time" 
"gc" "doTryCatch" "tryCatchOne" "tryCatchList" "tryCatch" "mvpa_fun" "do_standard" "<Anonymous>" "do.call" "run_searchlight.default" "run_searchlight" "system.time" 
"gc" "doTryCatch" "tryCatchOne" "tryCatchList" "tryCatch" "mvpa_fun" "do_standard" "<Anonymous>" "do.call" "run_searchlight.default" "run_searchlight" "system.time" 
"gc" "doTryCatch" "tryCatchOne" "tryCatchList" "tryCatch" "mvpa_fun" "do_standard" "<Anonymous>" "do.call" "run_searchlight.default" "run_searchlight" "system.time" 
"gc" "doTryCatch" "tryCatchOne" "tryCatchList" "tryCatch" "mvpa_fun" "do_standard" "<Anonymous>" "do.call" "run_searchlight.default" "run_searchlight" "system.time" 
"gc" "doTryCatch" "tryCatchOne" "tryCatchList" "tryCatch" "mvpa_fun" "do_standard" "<Anonymous>" "do.call" "run_searchlight.default" "run_searchlight" "system.time" 
"gc" "doTryCatch" "tryCatchOne" "tryCatchList" "tryCatch" "mvpa_fun" "do_standard" "<Anonymous>" "do.call" "run_searchlight.default" "run_searchlight" "system.time" 
"gc" "doTryCatch" "tryCatchOne" "tryCatchList" "tryCatch" "mvpa_fun" "do_standard" "<Anonymous>" "do.call" "run_searchlight.default" "run_searchlight" "system.time" 
"gc" "doTryCatch" "tryCatchOne" "tryCatchList" "tryCatch" "mvpa_fun" "do_standard" "<Anonymous>" "do.call" "run_searchlight.default" "run_searchlight" "system.time" 
"gc" "doTryCatch" "tryCatchOne" "tryCatchList" "tryCatch" "mvpa_fun" "do_standard" "<Anonymous>" "do.call" "run_searchlight.default" "run_searchlight" "system.time" 
"gc" "doTryCatch" "tryCatchOne" "tryCatchList" "tryCatch" "mvpa_fun" "do_standard" "<Anonymous>" "do.call" "run_searchlight.default" "run_searchlight" "system.time" 
"gc" "doTryCatch" "tryCatchOne" "tryCatchList" "tryCatch" "mvpa_fun" "do_standard" "<Anonymous>" "do.call" "run_searchlight.default" "run_searchlight" "system.time" 
"proc.time" "do_standard" "<Anonymous>" "do.call" "run_searchlight.default" "run_searchlight" "system.time" 
"unlist" "coerce_performance_vector" "FUN" "lapply" "coerce_performance_matrix" "combine_schema_standard" "do_standard" "<Anonymous>" "do.call" "run_searchlight.default" "run_searchlight" "system.time" 
"lapply" ".collect_fingerprint_table" "combine_schema_standard" "do_standard" "<Anonymous>" "do.call" "run_searchlight.default" "run_searchlight" "system.time" 
